
Imagen cargada: 857 x 1000

Distribucion MPI

Rank 0
  Filas utiles : 0 -> 428 (429)
  Filas reales : 439

Rank 1
  Filas utiles : 429 -> 856 (428)
  Filas reales : 438

Rank 1 recibio 438 filas
Rank 0 recibio 439 filas

Esqueleto distribuido guardado:
../outputs/pcb_skeleton.png
Nodos detectados: 902
Aristas detectadas: 1125
CNC paths generados: 1125
Grafo guardado:
../outputs/pcb_graph.png
Debug rutas guardado:
../outputs/pcb_edges.txt
../outputs/pcb_paths.txt
Ejecutando cnc_lib en device: /dev/null
[cnc_lib] Device '/dev/null' abierto correctamente (fd=17)
[cnc_lib] CMD enviado: G 0 0
[cnc_lib] Iniciando trazado: 2 puntos
[cnc_lib] CMD enviado: U 0 0
[cnc_lib] CMD enviado: G 17 0
[cnc_lib] CMD enviado: P 0 0
[cnc_lib] CMD enviado: G 18 0
[cnc_lib] CMD enviado: U 0 0
[cnc_lib] Trazado completado (2 puntos)
[cnc_lib] Iniciando trazado: 2 puntos
[cnc_lib] CMD enviado: U 0 0
[cnc_lib] CMD enviado: G 18 0
[cnc_lib] CMD enviado: P 0 0
[cnc_lib] CMD enviado: G 19 0
[cnc_lib] CMD enviado: U 0 0
[cnc_lib] Trazado completado (2 puntos)
[cnc_lib] Iniciando trazado: 3 puntos
[cnc_lib] CMD enviado: U 0 0
[cnc_lib] CMD enviado: G 19 0
[cnc_lib] CMD enviado: P 0 0
[cnc_lib] CMD enviado: G 20 0
[cnc_lib] CMD enviado: G 19 1
[cnc_lib] CMD enviado: U 0 0
[cnc_lib] Trazado completado (3 puntos)
[cnc_lib] Iniciando trazado: 2 puntos
[cnc_lib] CMD enviado: U 0 0
[cnc_lib] CMD enviado: G 19 1
[cnc_lib] CMD enviado: P 0 0
[cnc_lib] CMD enviado: G 18 0
[cnc_lib] CMD enviado: U 0 0
[cnc_lib] Trazado completado (2 puntos)
[cnc_lib] Iniciando trazado: 2 puntos
[cnc_lib] CMD enviado: U 0 0
[cnc_lib] CMD enviado: G 19 0
[cnc_lib] CMD enviado: P 0 0
[cnc_lib] CMD enviado: G 19 1
[cnc_lib] CMD enviado: U 0 0
[cnc_lib] Trazado completado (2 puntos)
[cnc_lib] Iniciando trazado: 136 puntos
[cnc_lib] CMD enviado: U 0 0
[cnc_lib] CMD enviado: G 19 1
[cnc_lib] CMD enviado: P 0 0
[cnc_lib] CMD enviado: G 19 69
[cnc_lib] CMD enviado: G 20 70
[cnc_lib] CMD enviado: G 20 72
[cnc_lib] CMD enviado: G 21 73
[cnc_lib] CMD enviado: G 21 74
[cnc_lib] CMD enviado: G 22 75
[cnc_lib] CMD enviado: G 22 76
[cnc_lib] CMD enviado: G 23 77
[cnc_lib] CMD enviado: G 23 78
[cnc_lib] CMD enviado: G 24 79
[cnc_lib] CMD enviado: G 24 80
[cnc_lib] CMD enviado: G 25 81
[cnc_lib] CMD enviado: G 25 82
[cnc_lib] CMD enviado: G 26 83
[cnc_lib] CMD enviado: G 26 85
[cnc_lib] CMD enviado: G 27 86
[cnc_lib] CMD enviado: G 27 87
[cnc_lib] CMD enviado: G 28 88
[cnc_lib] CMD enviado: G 28 89
[cnc_lib] CMD enviado: G 29 90
[cnc_lib] CMD enviado: G 29 91
[cnc_lib] CMD enviado: G 30 92
[cnc_lib] CMD enviado: G 30 93
[cnc_lib] CMD enviado: G 31 94
[cnc_lib] CMD enviado: G 31 96
[cnc_lib] CMD enviado: G 32 97
[cnc_lib] CMD enviado: G 32 98
[cnc_lib] CMD enviado: G 33 99
[cnc_lib] CMD enviado: G 33 100
[cnc_lib] CMD enviado: G 34 101
[cnc_lib] CMD enviado: G 34 102
[cnc_lib] CMD enviado: G 35 103
[cnc_lib] CMD enviado: G 35 104
[cnc_lib] CMD enviado: G 36 105
[cnc_lib] CMD enviado: G 36 107
[cnc_lib] CMD enviado: G 37 108
[cnc_lib] CMD enviado: G 37 109
[cnc_lib] CMD enviado: G 38 110
[cnc_lib] CMD enviado: G 38 111
[cnc_lib] CMD enviado: G 39 112
[cnc_lib] CMD enviado: G 39 113
[cnc_lib] CMD enviado: G 40 114
[cnc_lib] CMD enviado: G 40 115
[cnc_lib] CMD enviado: G 41 116
[cnc_lib] CMD enviado: G 41 118
[cnc_lib] CMD enviado: G 42 119
[cnc_lib] CMD enviado: G 42 120
[cnc_lib] CMD enviado: G 43 121
[cnc_lib] CMD enviado: G 43 122
[cnc_lib] CMD enviado: G 44 123
[cnc_lib] CMD enviado: G 44 124
[cnc_lib] CMD enviado: G 45 125
[cnc_lib] CMD enviado: G 45 126
[cnc_lib] CMD enviado: G 46 127
[cnc_lib] CMD enviado: G 46 129
[cnc_lib] CMD enviado: G 47 130
[cnc_lib] CMD enviado: G 47 131
[cnc_lib] CMD enviado: G 48 132
[cnc_lib] CMD enviado: G 48 133
[cnc_lib] CMD enviado: G 49 134
[cnc_lib] CMD enviado: G 49 135
[cnc_lib] CMD enviado: G 50 136
[cnc_lib] CMD enviado: G 50 137
[cnc_lib] CMD enviado: G 51 138
[cnc_lib] CMD enviado: G 51 140
[cnc_lib] CMD enviado: G 52 141
[cnc_lib] CMD enviado: G 52 142
[cnc_lib] CMD enviado: G 53 143
[cnc_lib] CMD enviado: G 53 144
[cnc_lib] CMD enviado: G 54 145
[cnc_lib] CMD enviado: G 54 146
[cnc_lib] CMD enviado: G 55 147
[cnc_lib] CMD enviado: G 55 148
[cnc_lib] CMD enviado: G 56 149
[cnc_lib] CMD enviado: G 56 151
[cnc_lib] CMD enviado: G 57 152
[cnc_lib] CMD enviado: G 57 153
[cnc_lib] CMD enviado: G 58 154
[cnc_lib] CMD enviado: G 58 155
[cnc_lib] CMD enviado: G 59 156
[cnc_lib] CMD enviado: G 59 157
[cnc_lib] CMD enviado: G 60 158
[cnc_lib] CMD enviado: G 60 159
[cnc_lib] CMD enviado: G 61 160
[cnc_lib] CMD enviado: G 61 162
[cnc_lib] CMD enviado: G 62 163
[cnc_lib] CMD enviado: G 62 164
[cnc_lib] CMD enviado: G 63 165
[cnc_lib] CMD enviado: G 63 166
[cnc_lib] CMD enviado: G 64 167
[cnc_lib] CMD enviado: G 64 168
[cnc_lib] CMD enviado: G 65 169
[cnc_lib] CMD enviado: G 65 170
[cnc_lib] CMD enviado: G 66 171
[cnc_lib] CMD enviado: G 66 173
[cnc_lib] CMD enviado: G 67 174
[cnc_lib] CMD enviado: G 67 175
[cnc_lib] CMD enviado: G 68 176
[cnc_lib] CMD enviado: G 68 177
[cnc_lib] CMD enviado: G 69 178
[cnc_lib] CMD enviado: G 69 179
[cnc_lib] CMD enviado: G 70 180
[cnc_lib] CMD enviado: G 70 181
[cnc_lib] CMD enviado: G 71 182
[cnc_lib] CMD enviado: G 71 184
[cnc_lib] CMD enviado: G 72 185
[cnc_lib] CMD enviado: G 72 186
[cnc_lib] CMD enviado: G 73 187
[cnc_lib] CMD enviado: G 73 188
[cnc_lib] CMD enviado: G 74 189
[cnc_lib] CMD enviado: G 74 190
[cnc_lib] CMD enviado: G 75 191
[cnc_lib] CMD enviado: G 75 192
[cnc_lib] CMD enviado: G 76 193
[cnc_lib] CMD enviado: G 76 195
[cnc_lib] CMD enviado: G 77 196
[cnc_lib] CMD enviado: G 77 197
[cnc_lib] CMD enviado: G 78 198
[cnc_lib] CMD enviado: G 78 199
[cnc_lib] CMD enviado: G 79 200
[cnc_lib] CMD enviado: G 79 201
[cnc_lib] CMD enviado: G 80 202
[cnc_lib] CMD enviado: G 80 203
[cnc_lib] CMD enviado: G 81 204
[cnc_lib] CMD enviado: G 81 206
[cnc_lib] CMD enviado: G 82 207
[cnc_lib] CMD enviado: G 82 208
[cnc_lib] CMD enviado: G 83 209
[cnc_lib] CMD enviado: G 83 210
[cnc_lib] CMD enviado: G 84 211
[cnc_lib] CMD enviado: G 84 212
[cnc_lib] CMD enviado: G 86 214
[cnc_lib] CMD enviado: G 88 214
[cnc_lib] CMD enviado: G 89 215
[cnc_lib] CMD enviado: G 90 215
[cnc_lib] CMD enviado: U 0 0
[cnc_lib] Trazado completado (136 puntos)
[cnc_lib] Iniciando trazado: 8 puntos
[cnc_lib] CMD enviado: U 0 0
[cnc_lib] CMD enviado: G 90 215
[cnc_lib] CMD enviado: P 0 0
[cnc_lib] CMD enviado: G 97 208
[cnc_lib] CMD enviado: G 100 208
[cnc_lib] CMD enviado: G 101 209
[cnc_lib] CMD enviado: G 102 209
[cnc_lib] CMD enviado: G 104 211
[cnc_lib] CMD enviado: G 104 212
[cnc_lib] CMD enviado: G 107 215
[cnc_lib] CMD enviado: U 0 0
[cnc_lib] Trazado completado (8 puntos)
[cnc_lib] Iniciando trazado: 4 puntos
[cnc_lib] CMD enviado: U 0 0
[cnc_lib] CMD enviado: G 107 215
[cnc_lib] CMD enviado: P 0 0
[cnc_lib] CMD enviado: G 108 215
[cnc_lib] CMD enviado: G 109 214
[cnc_lib] CMD enviado: G 111 214
[cnc_lib] CMD enviado: U 0 0
[cnc_lib] Trazado completado (4 puntos)
[cnc_lib] Iniciando trazado: 2 puntos
[cnc_lib] CMD enviado: U 0 0
[cnc_lib] CMD enviado: G 111 214
[cnc_lib] CMD enviado: P 0 0
[cnc_lib] CMD enviado: G 112 213
[cnc_lib] CMD enviado: U 0 0
[cnc_lib] Trazado completado (2 puntos)
[cnc_lib] Iniciando trazado: 3 puntos
[cnc_lib] CMD enviado: U 0 0
[cnc_lib] CMD enviado: G 112 213
[cnc_lib] CMD enviado: P 0 0
[cnc_lib] CMD enviado: G 112 189
[cnc_lib] CMD enviado: G 111 188
[cnc_lib] CMD enviado: U 0 0
[cnc_lib] Trazado completado (3 puntos)
[cnc_lib] Iniciando trazado: 4 puntos
[cnc_lib] CMD enviado: U 0 0
[cnc_lib] CMD enviado: G 111 188
[cnc_lib] CMD enviado: P 0 0
[cnc_lib] CMD enviado: G 112 187
[cnc_lib] CMD enviado: G 112 162
[cnc_lib] CMD enviado: G 111 161
[cnc_lib] CMD enviado: U 0 0
[cnc_lib] Trazado completado (4 puntos)
[cnc_lib] Iniciando trazado: 4 puntos
[cnc_lib] CMD enviado: U 0 0
[cnc_lib] CMD enviado: G 111 161
[cnc_lib] CMD enviado: P 0 0
[cnc_lib] CMD enviado: G 112 160
[cnc_lib] CMD enviado: G 112 136
[cnc_lib] CMD enviado: G 111 135
[cnc_lib] CMD enviado: U 0 0
[cnc_lib] Trazado completado (4 puntos)
[cnc_lib] Iniciando trazado: 2 puntos
[cnc_lib] CMD enviado: U 0 0
[cnc_lib] CMD enviado: G 111 135
[cnc_lib] CMD enviado: P 0 0
[cnc_lib] CMD enviado: G 110 134
[cnc_lib] CMD enviado: U 0 0
[cnc_lib] Trazado completado (2 puntos)
[cnc_lib] Iniciando trazado: 2 puntos
[cnc_lib] CMD enviado: U 0 0
[cnc_lib] CMD enviado: G 110 134
[cnc_lib] CMD enviado: P 0 0
[cnc_lib] CMD enviado: G 107 134
[cnc_lib] CMD enviado: U 0 0
[cnc_lib] Trazado completado (2 puntos)
[cnc_lib] Iniciando trazado: 2 puntos
[cnc_lib] CMD enviado: U 0 0
[cnc_lib] CMD enviado: G 107 134
[cnc_lib] CMD enviado: P 0 0
[cnc_lib] CMD enviado: G 106 134
[cnc_lib] CMD enviado: U 0 0
[cnc_lib] Trazado completado (2 puntos)
[cnc_lib] Iniciando trazado: 12 puntos
[cnc_lib] CMD enviado: U 0 0
[cnc_lib] CMD enviado: G 106 134
[cnc_lib] CMD enviado: P 0 0
[cnc_lib] CMD enviado: G 105 133
[cnc_lib] CMD enviado: G 105 132
[cnc_lib] CMD enviado: G 104 131
[cnc_lib] CMD enviado: G 104 130
[cnc_lib] CMD enviado: G 103 129
[cnc_lib] CMD enviado: G 102 129
[cnc_lib] CMD enviado: G 101 128
[cnc_lib] CMD enviado: G 96 128
[cnc_lib] CMD enviado: G 92 132
[cnc_lib] CMD enviado: G 92 133
[cnc_lib] CMD enviado: G 91 134
[cnc_lib] CMD enviado: U 0 0
[cnc_lib] Trazado completado (12 puntos)
[cnc_lib] Iniciando trazado: 2 puntos
[cnc_lib] CMD enviado: U 0 0
[cnc_lib] CMD enviado: G 91 134
[cnc_lib] CMD enviado: P 0 0
[cnc_lib] CMD enviado: G 90 134
[cnc_lib] CMD enviado: U 0 0
[cnc_lib] Trazado completado (2 puntos)
[cnc_lib] Iniciando trazado: 82 puntos
[cnc_lib] CMD enviado: U 0 0
[cnc_lib] CMD enviado: G 90 134
[cnc_lib] CMD enviado: P 0 0
[cnc_lib] CMD enviado: G 86 134
[cnc_lib] CMD enviado: G 84 132
[cnc_lib] CMD enviado: G 84 131
[cnc_lib] CMD enviado: G 83 130
[cnc_lib] CMD enviado: G 83 129
[cnc_lib] CMD enviado: G 82 128
[cnc_lib] CMD enviado: G 82 127
[cnc_lib] CMD enviado: G 81 126
[cnc_lib] CMD enviado: G 81 125
[cnc_lib] CMD enviado: G 80 124
[cnc_lib] CMD enviado: G 80 123
[cnc_lib] CMD enviado: G 79 122
[cnc_lib] CMD enviado: G 79 121
[cnc_lib] CMD enviado: G 78 120
[cnc_lib] CMD enviado: G 78 119
[cnc_lib] CMD enviado: G 77 118
[cnc_lib] CMD enviado: G 77 117
[cnc_lib] CMD enviado: G 76 116
[cnc_lib] CMD enviado: G 76 115
[cnc_lib] CMD enviado: G 75 114
[cnc_lib] CMD enviado: G 75 113
[cnc_lib] CMD enviado: G 74 112
[cnc_lib] CMD enviado: G 74 111
[cnc_lib] CMD enviado: G 73 110
[cnc_lib] CMD enviado: G 73 109
[cnc_lib] CMD enviado: G 72 108
[cnc_lib] CMD enviado: G 72 107
[cnc_lib] CMD enviado: G 71 106
[cnc_lib] CMD enviado: G 71 105
[cnc_lib] CMD enviado: G 70 104
[cnc_lib] CMD enviado: G 70 103
[cnc_lib] CMD enviado: G 69 102
[cnc_lib] CMD enviado: G 69 101
[cnc_lib] CMD enviado: G 68 100
[cnc_lib] CMD enviado: G 68 99
[cnc_lib] CMD enviado: G 67 98
[cnc_lib] CMD enviado: G 67 97
[cnc_lib] CMD enviado: G 66 96
[cnc_lib] CMD enviado: G 66 95
[cnc_lib] CMD enviado: G 65 94
[cnc_lib] CMD enviado: G 65 93
[cnc_lib] CMD enviado: G 64 92
[cnc_lib] CMD enviado: G 64 91
[cnc_lib] CMD enviado: G 63 90
[cnc_lib] CMD enviado: G 63 89
[cnc_lib] CMD enviado: G 62 88
[cnc_lib] CMD enviado: G 62 87
[cnc_lib] CMD enviado: G 61 86
[cnc_lib] CMD enviado: G 61 85
[cnc_lib] CMD enviado: G 60 84
[cnc_lib] CMD enviado: G 60 83
[cnc_lib] CMD enviado: G 59 82
[cnc_lib] CMD enviado: G 59 81
[cnc_lib] CMD enviado: G 58 80
[cnc_lib] CMD enviado: G 58 79
[cnc_lib] CMD enviado: G 57 78
[cnc_lib] CMD enviado: G 57 77
[cnc_lib] CMD enviado: G 56 76
[cnc_lib] CMD enviado: G 56 75
[cnc_lib] CMD enviado: G 55 74
[cnc_lib] CMD enviado: G 55 73
[cnc_lib] CMD enviado: G 54 72
[cnc_lib] CMD enviado: G 54 71
[cnc_lib] CMD enviado: G 53 70
[cnc_lib] CMD enviado: G 53 69
[cnc_lib] CMD enviado: G 52 68
[cnc_lib] CMD enviado: G 52 67
[cnc_lib] CMD enviado: G 51 66
[cnc_lib] CMD enviado: G 51 65
[cnc_lib] CMD enviado: G 50 64
[cnc_lib] CMD enviado: G 50 63
[cnc_lib] CMD enviado: G 49 62
[cnc_lib] CMD enviado: G 49 61
[cnc_lib] CMD enviado: G 48 60
[cnc_lib] CMD enviado: G 48 59
[cnc_lib] CMD enviado: G 47 58
[cnc_lib] CMD enviado: G 47 56
[cnc_lib] CMD enviado: G 46 55
[cnc_lib] CMD enviado: G 46 54
[cnc_lib] CMD enviado: G 45 53
[cnc_lib] CMD enviado: G 45 1
[cnc_lib] CMD enviado: U 0 0
[cnc_lib] Trazado completado (82 puntos)
[cnc_lib] Iniciando trazado: 3 puntos
[cnc_lib] CMD enviado: U 0 0
[cnc_lib] CMD enviado: G 45 1
[cnc_lib] CMD enviado: P 0 0
[cnc_lib] CMD enviado: G 44 0
[cnc_lib] CMD enviado: G 45 0
[cnc_lib] CMD enviado: U 0 0
[cnc_lib] Trazado completado (3 puntos)
[cnc_lib] Iniciando trazado: 3 puntos
[cnc_lib] CMD enviado: U 0 0
[cnc_lib] CMD enviado: G 45 0
[cnc_lib] CMD enviado: P 0 0
[cnc_lib] CMD enviado: G 46 0
[cnc_lib] CMD enviado: G 45 1
[cnc_lib] CMD enviado: U 0 0
[cnc_lib] Trazado completado (3 puntos)
[cnc_lib] Iniciando trazado: 2 puntos
[cnc_lib] CMD enviado: U 0 0
[cnc_lib] CMD enviado: G 45 1
[cnc_lib] CMD enviado: P 0 0
[cnc_lib] CMD enviado: G 45 0
[cnc_lib] CMD enviado: U 0 0
[cnc_lib] Trazado completado (2 puntos)
[cnc_lib] Iniciando trazado: 3 puntos
[cnc_lib] CMD enviado: U 0 0
[cnc_lib] CMD enviado: G 36 0
[cnc_lib] CMD enviado: P 0 0
[cnc_lib] CMD enviado: G 35 0
[cnc_lib] CMD enviado: G 36 1
[cnc_lib] CMD enviado: U 0 0
[cnc_lib] Trazado completado (3 puntos)
[cnc_lib] Iniciando trazado: 3 puntos
[cnc_lib] CMD enviado: U 0 0
[cnc_lib] CMD enviado: G 36 1
[cnc_lib] CMD enviado: P 0 0
[cnc_lib] CMD enviado: G 37 0
[cnc_lib] CMD enviado: G 36 0
[cnc_lib] CMD enviado: U 0 0
[cnc_lib] Trazado completado (3 puntos)
[cnc_lib] Iniciando trazado: 2 puntos
[cnc_lib] CMD enviado: U 0 0
[cnc_lib] CMD enviado: G 36 0
[cnc_lib] CMD enviado: P 0 0
[cnc_lib] CMD enviado: G 36 1
[cnc_lib] CMD enviado: U 0 0
[cnc_lib] Trazado completado (2 puntos)
[cnc_lib] Iniciando trazado: 100 puntos
[cnc_lib] CMD enviado: U 0 0
[cnc_lib] CMD enviado: G 36 1
[cnc_lib] CMD enviado: P 0 0
[cnc_lib] CMD enviado: G 36 57
[cnc_lib] CMD enviado: G 37 58
[cnc_lib] CMD enviado: G 37 60
[cnc_lib] CMD enviado: G 38 61
[cnc_lib] CMD enviado: G 38 62
[cnc_lib] CMD enviado: G 39 63
[cnc_lib] CMD enviado: G 39 64
[cnc_lib] CMD enviado: G 40 65
[cnc_lib] CMD enviado: G 40 66
[cnc_lib] CMD enviado: G 41 67
[cnc_lib] CMD enviado: G 41 69
[cnc_lib] CMD enviado: G 42 70
[cnc_lib] CMD enviado: G 42 71
[cnc_lib] CMD enviado: G 43 72
[cnc_lib] CMD enviado: G 43 73
[cnc_lib] CMD enviado: G 44 74
[cnc_lib] CMD enviado: G 44 75
[cnc_lib] CMD enviado: G 45 76
[cnc_lib] CMD enviado: G 45 77
[cnc_lib] CMD enviado: G 46 78
[cnc_lib] CMD enviado: G 46 79
[cnc_lib] CMD enviado: G 47 80
[cnc_lib] CMD enviado: G 47 81
[cnc_lib] CMD enviado: G 48 82
[cnc_lib] CMD enviado: G 48 83
[cnc_lib] CMD enviado: G 49 84
[cnc_lib] CMD enviado: G 49 85
[cnc_lib] CMD enviado: G 50 86
[cnc_lib] CMD enviado: G 50 87
[cnc_lib] CMD enviado: G 51 88
[cnc_lib] CMD enviado: G 51 89
[cnc_lib] CMD enviado: G 52 90
[cnc_lib] CMD enviado: G 52 92
[cnc_lib] CMD enviado: G 53 93
[cnc_lib] CMD enviado: G 53 94
[cnc_lib] CMD enviado: G 54 95
[cnc_lib] CMD enviado: G 54 96
[cnc_lib] CMD enviado: G 55 97
[cnc_lib] CMD enviado: G 55 98
[cnc_lib] CMD enviado: G 56 99
[cnc_lib] CMD enviado: G 56 100
[cnc_lib] CMD enviado: G 57 101
[cnc_lib] CMD enviado: G 57 102
[cnc_lib] CMD enviado: G 58 103
[cnc_lib] CMD enviado: G 58 104
[cnc_lib] CMD enviado: G 59 105
[cnc_lib] CMD enviado: G 59 106
[cnc_lib] CMD enviado: G 60 107
[cnc_lib] CMD enviado: G 60 108
[cnc_lib] CMD enviado: G 61 109
[cnc_lib] CMD enviado: G 61 110
[cnc_lib] CMD enviado: G 62 111
[cnc_lib] CMD enviado: G 62 113
[cnc_lib] CMD enviado: G 63 114
[cnc_lib] CMD enviado: G 63 115
[cnc_lib] CMD enviado: G 64 116
[cnc_lib] CMD enviado: G 64 117
[cnc_lib] CMD enviado: G 65 118
[cnc_lib] CMD enviado: G 65 119
[cnc_lib] CMD enviado: G 66 120
[cnc_lib] CMD enviado: G 66 121
[cnc_lib] CMD enviado: G 67 122
[cnc_lib] CMD enviado: G 67 123
[cnc_lib] CMD enviado: G 68 124
[cnc_lib] CMD enviado: G 68 125
[cnc_lib] CMD enviado: G 69 126
[cnc_lib] CMD enviado: G 69 127
[cnc_lib] CMD enviado: G 70 128
[cnc_lib] CMD enviado: G 70 129
[cnc_lib] CMD enviado: G 71 130
[cnc_lib] CMD enviado: G 71 131
[cnc_lib] CMD enviado: G 72 132
[cnc_lib] CMD enviado: G 72 133
[cnc_lib] CMD enviado: G 73 134
[cnc_lib] CMD enviado: G 73 135
[cnc_lib] CMD enviado: G 74 136
[cnc_lib] CMD enviado: G 74 138
[cnc_lib] CMD enviado: G 75 139
[cnc_lib] CMD enviado: G 75 140
[cnc_lib] CMD enviado: G 76 141
[cnc_lib] CMD enviado: G 76 142
[cnc_lib] CMD enviado: G 77 143
[cnc_lib] CMD enviado: G 77 144
[cnc_lib] CMD enviado: G 78 145
[cnc_lib] CMD enviado: G 78 146
[cnc_lib] CMD enviado: G 79 147
[cnc_lib] CMD enviado: G 79 148
[cnc_lib] CMD enviado: G 80 149
[cnc_lib] CMD enviado: G 80 150
[cnc_lib] CMD enviado: G 81 151
[cnc_lib] CMD enviado: G 81 152
[cnc_lib] CMD enviado: G 82 153
[cnc_lib] CMD enviado: G 82 154
[cnc_lib] CMD enviado: G 83 155
[cnc_lib] CMD enviado: G 83 156
[cnc_lib] CMD enviado: G 84 157
[cnc_lib] CMD enviado: G 84 158
[cnc_lib] CMD enviado: G 87 161
[cnc_lib] CMD enviado: G 90 161
[cnc_lib] CMD enviado: U 0 0
[cnc_lib] Trazado completado (100 puntos)
[cnc_lib] Iniciando trazado: 8 puntos
[cnc_lib] CMD enviado: U 0 0
[cnc_lib] CMD enviado: G 90 161
[cnc_lib] CMD enviado: P 0 0
[cnc_lib] CMD enviado: G 97 154
[cnc_lib] CMD enviado: G 100 154
[cnc_lib] CMD enviado: G 102 156
[cnc_lib] CMD enviado: G 103 156
[cnc_lib] CMD enviado: G 104 157
[cnc_lib] CMD enviado: G 104 158
[cnc_lib] CMD enviado: G 107 161
[cnc_lib] CMD enviado: U 0 0
[cnc_lib] Trazado completado (8 puntos)
[cnc_lib] Iniciando trazado: 6 puntos
[cnc_lib] CMD enviado: U 0 0
[cnc_lib] CMD enviado: G 107 161
[cnc_lib] CMD enviado: P 0 0
[cnc_lib] CMD enviado: G 104 164
[cnc_lib] CMD enviado: G 104 165
[cnc_lib] CMD enviado: G 102 167
[cnc_lib] CMD enviado: G 96 167
[cnc_lib] CMD enviado: G 90 161
[cnc_lib] CMD enviado: U 0 0
[cnc_lib] Trazado completado (6 puntos)
[cnc_lib] Iniciando trazado: 2 puntos
[cnc_lib] CMD enviado: U 0 0
[cnc_lib] CMD enviado: G 107 161
[cnc_lib] CMD enviado: P 0 0
[cnc_lib] CMD enviado: G 111 161
[cnc_lib] CMD enviado: U 0 0
[cnc_lib] Trazado completado (2 puntos)
[cnc_lib] Iniciando trazado: 2 puntos
[cnc_lib] CMD enviado: U 0 0
[cnc_lib] CMD enviado: G 111 135
[cnc_lib] CMD enviado: P 0 0
[cnc_lib] CMD enviado: G 111 134
[cnc_lib] CMD enviado: U 0 0
[cnc_lib] Trazado completado (2 puntos)
[cnc_lib] Iniciando trazado: 4 puntos
[cnc_lib] CMD enviado: U 0 0
[cnc_lib] CMD enviado: G 111 134
[cnc_lib] CMD enviado: P 0 0
[cnc_lib] CMD enviado: G 112 133
[cnc_lib] CMD enviado: G 112 109
[cnc_lib] CMD enviado: G 111 108
[cnc_lib] CMD enviado: U 0 0
[cnc_lib] Trazado completado (4 puntos)
[cnc_lib] Iniciando trazado: 2 puntos
[cnc_lib] CMD enviado: U 0 0
[cnc_lib] CMD enviado: G 111 108
[cnc_lib] CMD enviado: P 0 0
[cnc_lib] CMD enviado: G 110 107
[cnc_lib] CMD enviado: U 0 0
[cnc_lib] Trazado completado (2 puntos)
[cnc_lib] Iniciando trazado: 2 puntos
[cnc_lib] CMD enviado: U 0 0
[cnc_lib] CMD enviado: G 110 107
[cnc_lib] CMD enviado: P 0 0
[cnc_lib] CMD enviado: G 107 107
[cnc_lib] CMD enviado: U 0 0
[cnc_lib] Trazado completado (2 puntos)
[cnc_lib] Iniciando trazado: 2 puntos
[cnc_lib] CMD enviado: U 0 0
[cnc_lib] CMD enviado: G 107 107
[cnc_lib] CMD enviado: P 0 0
[cnc_lib] CMD enviado: G 106 107
[cnc_lib] CMD enviado: U 0 0
[cnc_lib] Trazado completado (2 puntos)
[cnc_lib] Iniciando trazado: 6 puntos
[cnc_lib] CMD enviado: U 0 0
[cnc_lib] CMD enviado: G 106 107
[cnc_lib] CMD enviado: P 0 0
[cnc_lib] CMD enviado: G 105 106
[cnc_lib] CMD enviado: G 105 105
[cnc_lib] CMD enviado: G 101 101
[cnc_lib] CMD enviado: G 97 101
[cnc_lib] CMD enviado: G 91 107
[cnc_lib] CMD enviado: U 0 0
[cnc_lib] Trazado completado (6 puntos)
[cnc_lib] Iniciando trazado: 2 puntos
[cnc_lib] CMD enviado: U 0 0
[cnc_lib] CMD enviado: G 91 107
[cnc_lib] CMD enviado: P 0 0
[cnc_lib] CMD enviado: G 90 107
[cnc_lib] CMD enviado: U 0 0
[cnc_lib] Trazado completado (2 puntos)
[cnc_lib] Iniciando trazado: 56 puntos
[cnc_lib] CMD enviado: U 0 0
[cnc_lib] CMD enviado: G 90 107
[cnc_lib] CMD enviado: P 0 0
[cnc_lib] CMD enviado: G 86 107
[cnc_lib] CMD enviado: G 84 105
[cnc_lib] CMD enviado: G 84 104
[cnc_lib] CMD enviado: G 82 102
[cnc_lib] CMD enviado: G 82 101
[cnc_lib] CMD enviado: G 81 100
[cnc_lib] CMD enviado: G 81 99
[cnc_lib] CMD enviado: G 80 98
[cnc_lib] CMD enviado: G 80 97
[cnc_lib] CMD enviado: G 79 96
[cnc_lib] CMD enviado: G 79 95
[cnc_lib] CMD enviado: G 78 94
[cnc_lib] CMD enviado: G 78 93
[cnc_lib] CMD enviado: G 77 92
[cnc_lib] CMD enviado: G 77 91
[cnc_lib] CMD enviado: G 75 89
[cnc_lib] CMD enviado: G 75 88
[cnc_lib] CMD enviado: G 74 87
[cnc_lib] CMD enviado: G 74 86
[cnc_lib] CMD enviado: G 73 85
[cnc_lib] CMD enviado: G 73 84
[cnc_lib] CMD enviado: G 72 83
[cnc_lib] CMD enviado: G 72 82
[cnc_lib] CMD enviado: G 71 81
[cnc_lib] CMD enviado: G 71 80
[cnc_lib] CMD enviado: G 70 79
[cnc_lib] CMD enviado: G 70 78
[cnc_lib] CMD enviado: G 68 76
[cnc_lib] CMD enviado: G 68 75
[cnc_lib] CMD enviado: G 67 74
[cnc_lib] CMD enviado: G 67 73
[cnc_lib] CMD enviado: G 66 72
[cnc_lib] CMD enviado: G 66 71
[cnc_lib] CMD enviado: G 65 70
[cnc_lib] CMD enviado: G 65 69
[cnc_lib] CMD enviado: G 64 68
[cnc_lib] CMD enviado: G 64 67
[cnc_lib] CMD enviado: G 63 66
[cnc_lib] CMD enviado: G 63 65
[cnc_lib] CMD enviado: G 62 64
[cnc_lib] CMD enviado: G 62 63
[cnc_lib] CMD enviado: G 60 61
[cnc_lib] CMD enviado: G 60 60
[cnc_lib] CMD enviado: G 59 59
[cnc_lib] CMD enviado: G 59 58
[cnc_lib] CMD enviado: G 58 57
[cnc_lib] CMD enviado: G 58 56
[cnc_lib] CMD enviado: G 57 55
[cnc_lib] CMD enviado: G 57 54
[cnc_lib] CMD enviado: G 56 53
[cnc_lib] CMD enviado: G 56 52
[cnc_lib] CMD enviado: G 55 51
[cnc_lib] CMD enviado: G 55 50
[cnc_lib] CMD enviado: G 54 49
[cnc_lib] CMD enviado: G 54 1
[cnc_lib] CMD enviado: U 0 0
[cnc_lib] Trazado completado (56 puntos)
[cnc_lib] Iniciando trazado: 3 puntos
[cnc_lib] CMD enviado: U 0 0
[cnc_lib] CMD enviado: G 54 1
[cnc_lib] CMD enviado: P 0 0
[cnc_lib] CMD enviado: G 53 0
[cnc_lib] CMD enviado: G 54 0
[cnc_lib] CMD enviado: U 0 0
[cnc_lib] Trazado completado (3 puntos)
[cnc_lib] Iniciando trazado: 3 puntos
[cnc_lib] CMD enviado: U 0 0
[cnc_lib] CMD enviado: G 54 0
[cnc_lib] CMD enviado: P 0 0
[cnc_lib] CMD enviado: G 55 0
[cnc_lib] CMD enviado: G 54 1
[cnc_lib] CMD enviado: U 0 0
[cnc_lib] Trazado completado (3 puntos)
[cnc_lib] Iniciando trazado: 2 puntos
[cnc_lib] CMD enviado: U 0 0
[cnc_lib] CMD enviado: G 54 1
[cnc_lib] CMD enviado: P 0 0
[cnc_lib] CMD enviado: G 54 0
[cnc_lib] CMD enviado: U 0 0
[cnc_lib] Trazado completado (2 puntos)
[cnc_lib] Iniciando trazado: 3 puntos
[cnc_lib] CMD enviado: U 0 0
[cnc_lib] CMD enviado: G 63 0
[cnc_lib] CMD enviado: P 0 0
[cnc_lib] CMD enviado: G 62 0
[cnc_lib] CMD enviado: G 63 1
[cnc_lib] CMD enviado: U 0 0
[cnc_lib] Trazado completado (3 puntos)
[cnc_lib] Iniciando trazado: 3 puntos
[cnc_lib] CMD enviado: U 0 0
[cnc_lib] CMD enviado: G 63 1
[cnc_lib] CMD enviado: P 0 0
[cnc_lib] CMD enviado: G 64 0
[cnc_lib] CMD enviado: G 63 0
[cnc_lib] CMD enviado: U 0 0
[cnc_lib] Trazado completado (3 puntos)
[cnc_lib] Iniciando trazado: 2 puntos
[cnc_lib] CMD enviado: U 0 0
[cnc_lib] CMD enviado: G 63 0
[cnc_lib] CMD enviado: P 0 0
[cnc_lib] CMD enviado: G 63 1
[cnc_lib] CMD enviado: U 0 0
[cnc_lib] Trazado completado (2 puntos)
[cnc_lib] Iniciando trazado: 32 puntos
[cnc_lib] CMD enviado: U 0 0
[cnc_lib] CMD enviado: G 63 1
[cnc_lib] CMD enviado: P 0 0
[cnc_lib] CMD enviado: G 63 44
[cnc_lib] CMD enviado: G 64 45
[cnc_lib] CMD enviado: G 64 47
[cnc_lib] CMD enviado: G 65 48
[cnc_lib] CMD enviado: G 65 49
[cnc_lib] CMD enviado: G 67 51
[cnc_lib] CMD enviado: G 67 52
[cnc_lib] CMD enviado: G 69 54
[cnc_lib] CMD enviado: G 69 55
[cnc_lib] CMD enviado: G 71 57
[cnc_lib] CMD enviado: G 71 58
[cnc_lib] CMD enviado: G 72 59
[cnc_lib] CMD enviado: G 72 60
[cnc_lib] CMD enviado: G 74 62
[cnc_lib] CMD enviado: G 74 63
[cnc_lib] CMD enviado: G 76 65
[cnc_lib] CMD enviado: G 76 66
[cnc_lib] CMD enviado: G 77 67
[cnc_lib] CMD enviado: G 77 68
[cnc_lib] CMD enviado: G 79 70
[cnc_lib] CMD enviado: G 79 71
[cnc_lib] CMD enviado: G 81 73
[cnc_lib] CMD enviado: G 81 74
[cnc_lib] CMD enviado: G 82 75
[cnc_lib] CMD enviado: G 82 76
[cnc_lib] CMD enviado: G 84 78
[cnc_lib] CMD enviado: G 84 79
[cnc_lib] CMD enviado: G 85 80
[cnc_lib] CMD enviado: G 87 80
[cnc_lib] CMD enviado: G 88 81
[cnc_lib] CMD enviado: G 90 81
[cnc_lib] CMD enviado: U 0 0
[cnc_lib] Trazado completado (32 puntos)
[cnc_lib] Iniciando trazado: 8 puntos
[cnc_lib] CMD enviado: U 0 0
[cnc_lib] CMD enviado: G 90 81
[cnc_lib] CMD enviado: P 0 0
[cnc_lib] CMD enviado: G 97 74
[cnc_lib] CMD enviado: G 100 74
[cnc_lib] CMD enviado: G 101 75
[cnc_lib] CMD enviado: G 102 75
[cnc_lib] CMD enviado: G 104 77
[cnc_lib] CMD enviado: G 104 78
[cnc_lib] CMD enviado: G 107 81
[cnc_lib] CMD enviado: U 0 0
[cnc_lib] Trazado completado (8 puntos)
[cnc_lib] Iniciando trazado: 8 puntos
[cnc_lib] CMD enviado: U 0 0
[cnc_lib] CMD enviado: G 107 81
[cnc_lib] CMD enviado: P 0 0
[cnc_lib] CMD enviado: G 104 84
[cnc_lib] CMD enviado: G 104 85
[cnc_lib] CMD enviado: G 103 86
[cnc_lib] CMD enviado: G 102 86
[cnc_lib] CMD enviado: G 101 87
[cnc_lib] CMD enviado: G 96 87
[cnc_lib] CMD enviado: G 90 81
[cnc_lib] CMD enviado: U 0 0
[cnc_lib] Trazado completado (8 puntos)
[cnc_lib] Iniciando trazado: 2 puntos
[cnc_lib] CMD enviado: U 0 0
[cnc_lib] CMD enviado: G 107 81
[cnc_lib] CMD enviado: P 0 0
[cnc_lib] CMD enviado: G 111 81
[cnc_lib] CMD enviado: U 0 0
[cnc_lib] Trazado completado (2 puntos)
[cnc_lib] Iniciando trazado: 5 puntos
[cnc_lib] CMD enviado: U 0 0
[cnc_lib] CMD enviado: G 111 81
[cnc_lib] CMD enviado: P 0 0
[cnc_lib] CMD enviado: G 112 80
[cnc_lib] CMD enviado: G 112 59
[cnc_lib] CMD enviado: G 113 58
[cnc_lib] CMD enviado: G 113 56
[cnc_lib] CMD enviado: U 0 0
[cnc_lib] Trazado completado (5 puntos)
[cnc_lib] Iniciando trazado: 5 puntos
[cnc_lib] CMD enviado: U 0 0
[cnc_lib] CMD enviado: G 113 56
[cnc_lib] CMD enviado: P 0 0
[cnc_lib] CMD enviado: G 112 55
[cnc_lib] CMD enviado: G 111 55
[cnc_lib] CMD enviado: G 110 54
[cnc_lib] CMD enviado: G 107 54
[cnc_lib] CMD enviado: U 0 0
[cnc_lib] Trazado completado (5 puntos)
[cnc_lib] Iniciando trazado: 8 puntos
[cnc_lib] CMD enviado: U 0 0
[cnc_lib] CMD enviado: G 107 54
[cnc_lib] CMD enviado: P 0 0
[cnc_lib] CMD enviado: G 104 51
[cnc_lib] CMD enviado: G 104 50
[cnc_lib] CMD enviado: G 102 48
[cnc_lib] CMD enviado: G 101 48
[cnc_lib] CMD enviado: G 100 47
[cnc_lib] CMD enviado: G 97 47
[cnc_lib] CMD enviado: G 90 54
[cnc_lib] CMD enviado: U 0 0
[cnc_lib] Trazado completado (8 puntos)
[cnc_lib] Iniciando trazado: 8 puntos
[cnc_lib] CMD enviado: U 0 0
[cnc_lib] CMD enviado: G 90 54
[cnc_lib] CMD enviado: P 0 0
[cnc_lib] CMD enviado: G 87 54
[cnc_lib] CMD enviado: G 86 53
[cnc_lib] CMD enviado: G 84 53
[cnc_lib] CMD enviado: G 73 42
[cnc_lib] CMD enviado: G 73 40
[cnc_lib] CMD enviado: G 72 39
[cnc_lib] CMD enviado: G 72 1
[cnc_lib] CMD enviado: U 0 0
[cnc_lib] Trazado completado (8 puntos)
[cnc_lib] Iniciando trazado: 2 puntos
[cnc_lib] CMD enviado: U 0 0
[cnc_lib] CMD enviado: G 72 1
[cnc_lib] CMD enviado: P 0 0
[cnc_lib] CMD enviado: G 71 0
[cnc_lib] CMD enviado: U 0 0
[cnc_lib] Trazado completado (2 puntos)
[cnc_lib] Iniciando trazado: 2 puntos
[cnc_lib] CMD enviado: U 0 0
[cnc_lib] CMD enviado: G 71 0
[cnc_lib] CMD enviado: P 0 0
[cnc_lib] CMD enviado: G 70 0
[cnc_lib] CMD enviado: U 0 0
[cnc_lib] Trazado completado (2 puntos)
[cnc_lib] Iniciando trazado: 2 puntos
[cnc_lib] CMD enviado: U 0 0
[cnc_lib] CMD enviado: G 71 0
[cnc_lib] CMD enviado: P 0 0
[cnc_lib] CMD enviado: G 72 0
[cnc_lib] CMD enviado: U 0 0
[cnc_lib] Trazado completado (2 puntos)
[cnc_lib] Iniciando trazado: 3 puntos
[cnc_lib] CMD enviado: U 0 0
[cnc_lib] CMD enviado: G 72 0
[cnc_lib] CMD enviado: P 0 0
[cnc_lib] CMD enviado: G 73 0
[cnc_lib] CMD enviado: G 72 1
[cnc_lib] CMD enviado: U 0 0
[cnc_lib] Trazado completado (3 puntos)
[cnc_lib] Iniciando trazado: 2 puntos
[cnc_lib] CMD enviado: U 0 0
[cnc_lib] CMD enviado: G 72 1
[cnc_lib] CMD enviado: P 0 0
[cnc_lib] CMD enviado: G 72 0
[cnc_lib] CMD enviado: U 0 0
[cnc_lib] Trazado completado (2 puntos)
[cnc_lib] Iniciando trazado: 2 puntos
[cnc_lib] CMD enviado: U 0 0
[cnc_lib] CMD enviado: G 95 0
[cnc_lib] CMD enviado: P 0 0
[cnc_lib] CMD enviado: G 98 0
[cnc_lib] CMD enviado: U 0 0
[cnc_lib] Trazado completado (2 puntos)
[cnc_lib] Iniciando trazado: 2 puntos
[cnc_lib] CMD enviado: U 0 0
[cnc_lib] CMD enviado: G 98 0
[cnc_lib] CMD enviado: P 0 0
[cnc_lib] CMD enviado: G 99 0
[cnc_lib] CMD enviado: U 0 0
[cnc_lib] Trazado completado (2 puntos)
[cnc_lib] Iniciando trazado: 2 puntos
[cnc_lib] CMD enviado: U 0 0
[cnc_lib] CMD enviado: G 99 0
[cnc_lib] CMD enviado: P 0 0
[cnc_lib] CMD enviado: G 100 0
[cnc_lib] CMD enviado: U 0 0
[cnc_lib] Trazado completado (2 puntos)
[cnc_lib] Iniciando trazado: 2 puntos
[cnc_lib] CMD enviado: U 0 0
[cnc_lib] CMD enviado: G 100 0
[cnc_lib] CMD enviado: P 0 0
[cnc_lib] CMD enviado: G 102 0
[cnc_lib] CMD enviado: U 0 0
[cnc_lib] Trazado completado (2 puntos)
[cnc_lib] Iniciando trazado: 2 puntos
[cnc_lib] CMD enviado: U 0 0
[cnc_lib] CMD enviado: G 100 0
[cnc_lib] CMD enviado: P 0 0
[cnc_lib] CMD enviado: G 99 1
[cnc_lib] CMD enviado: U 0 0
[cnc_lib] Trazado completado (2 puntos)
[cnc_lib] Iniciando trazado: 2 puntos
[cnc_lib] CMD enviado: U 0 0
[cnc_lib] CMD enviado: G 99 1
[cnc_lib] CMD enviado: P 0 0
[cnc_lib] CMD enviado: G 98 0
[cnc_lib] CMD enviado: U 0 0
[cnc_lib] Trazado completado (2 puntos)
[cnc_lib] Iniciando trazado: 2 puntos
[cnc_lib] CMD enviado: U 0 0
[cnc_lib] CMD enviado: G 99 0
[cnc_lib] CMD enviado: P 0 0
[cnc_lib] CMD enviado: G 99 1
[cnc_lib] CMD enviado: U 0 0
[cnc_lib] Trazado completado (2 puntos)
[cnc_lib] Iniciando trazado: 11 puntos
[cnc_lib] CMD enviado: U 0 0
[cnc_lib] CMD enviado: G 99 1
[cnc_lib] CMD enviado: P 0 0
[cnc_lib] CMD enviado: G 99 9
[cnc_lib] CMD enviado: G 102 12
[cnc_lib] CMD enviado: G 102 13
[cnc_lib] CMD enviado: G 113 24
[cnc_lib] CMD enviado: G 114 24
[cnc_lib] CMD enviado: G 117 27
[cnc_lib] CMD enviado: G 213 27
[cnc_lib] CMD enviado: G 214 28
[cnc_lib] CMD enviado: G 215 28
[cnc_lib] CMD enviado: G 222 35
[cnc_lib] CMD enviado: U 0 0
[cnc_lib] Trazado completado (11 puntos)
[cnc_lib] Iniciando trazado: 7 puntos
[cnc_lib] CMD enviado: U 0 0
[cnc_lib] CMD enviado: G 222 35
[cnc_lib] CMD enviado: P 0 0
[cnc_lib] CMD enviado: G 224 33
[cnc_lib] CMD enviado: G 225 33
[cnc_lib] CMD enviado: G 227 31
[cnc_lib] CMD enviado: G 227 30
[cnc_lib] CMD enviado: G 228 29
[cnc_lib] CMD enviado: G 228 28
[cnc_lib] CMD enviado: U 0 0
[cnc_lib] Trazado completado (7 puntos)
[cnc_lib] Iniciando trazado: 5 puntos
[cnc_lib] CMD enviado: U 0 0
[cnc_lib] CMD enviado: G 222 35
[cnc_lib] CMD enviado: P 0 0
[cnc_lib] CMD enviado: G 222 37
[cnc_lib] CMD enviado: G 224 39
[cnc_lib] CMD enviado: G 224 40
[cnc_lib] CMD enviado: G 228 44
[cnc_lib] CMD enviado: U 0 0
[cnc_lib] Trazado completado (5 puntos)
[cnc_lib] Iniciando trazado: 4 puntos
[cnc_lib] CMD enviado: U 0 0
[cnc_lib] CMD enviado: G 228 44
[cnc_lib] CMD enviado: P 0 0
[cnc_lib] CMD enviado: G 230 44
[cnc_lib] CMD enviado: G 231 45
[cnc_lib] CMD enviado: G 232 45
[cnc_lib] CMD enviado: U 0 0
[cnc_lib] Trazado completado (4 puntos)
[cnc_lib] Iniciando trazado: 2 puntos
[cnc_lib] CMD enviado: U 0 0
[cnc_lib] CMD enviado: G 232 45
[cnc_lib] CMD enviado: P 0 0
[cnc_lib] CMD enviado: G 233 45
[cnc_lib] CMD enviado: U 0 0
[cnc_lib] Trazado completado (2 puntos)
[cnc_lib] Iniciando trazado: 16 puntos
[cnc_lib] CMD enviado: U 0 0
[cnc_lib] CMD enviado: G 233 45
[cnc_lib] CMD enviado: P 0 0
[cnc_lib] CMD enviado: G 240 38
[cnc_lib] CMD enviado: G 243 38
[cnc_lib] CMD enviado: G 244 39
[cnc_lib] CMD enviado: G 245 39
[cnc_lib] CMD enviado: G 247 41
[cnc_lib] CMD enviado: G 247 42
[cnc_lib] CMD enviado: G 248 43
[cnc_lib] CMD enviado: G 248 47
[cnc_lib] CMD enviado: G 247 48
[cnc_lib] CMD enviado: G 247 49
[cnc_lib] CMD enviado: G 245 51
[cnc_lib] CMD enviado: G 239 51
[cnc_lib] CMD enviado: G 237 49
[cnc_lib] CMD enviado: G 236 49
[cnc_lib] CMD enviado: G 233 46
[cnc_lib] CMD enviado: U 0 0
[cnc_lib] Trazado completado (16 puntos)
[cnc_lib] Iniciando trazado: 2 puntos
[cnc_lib] CMD enviado: U 0 0
[cnc_lib] CMD enviado: G 233 46
[cnc_lib] CMD enviado: P 0 0
[cnc_lib] CMD enviado: G 232 45
[cnc_lib] CMD enviado: U 0 0
[cnc_lib] Trazado completado (2 puntos)
[cnc_lib] Iniciando trazado: 2 puntos
[cnc_lib] CMD enviado: U 0 0
[cnc_lib] CMD enviado: G 233 45
[cnc_lib] CMD enviado: P 0 0
[cnc_lib] CMD enviado: G 233 46
[cnc_lib] CMD enviado: U 0 0
[cnc_lib] Trazado completado (2 puntos)
[cnc_lib] Iniciando trazado: 9 puntos
[cnc_lib] CMD enviado: U 0 0
[cnc_lib] CMD enviado: G 228 44
[cnc_lib] CMD enviado: P 0 0
[cnc_lib] CMD enviado: G 225 47
[cnc_lib] CMD enviado: G 225 48
[cnc_lib] CMD enviado: G 224 49
[cnc_lib] CMD enviado: G 224 53
[cnc_lib] CMD enviado: G 225 54
[cnc_lib] CMD enviado: G 225 56
[cnc_lib] CMD enviado: G 226 57
[cnc_lib] CMD enviado: G 226 58
[cnc_lib] CMD enviado: U 0 0
[cnc_lib] Trazado completado (9 puntos)
[cnc_lib] Iniciando trazado: 3 puntos
[cnc_lib] CMD enviado: U 0 0
[cnc_lib] CMD enviado: G 229 64
[cnc_lib] CMD enviado: P 0 0
[cnc_lib] CMD enviado: G 231 66
[cnc_lib] CMD enviado: G 231 67
[cnc_lib] CMD enviado: U 0 0
[cnc_lib] Trazado completado (3 puntos)
[cnc_lib] Iniciando trazado: 24 puntos
[cnc_lib] CMD enviado: U 0 0
[cnc_lib] CMD enviado: G 238 73
[cnc_lib] CMD enviado: P 0 0
[cnc_lib] CMD enviado: G 240 75
[cnc_lib] CMD enviado: G 241 75
[cnc_lib] CMD enviado: G 243 77
[cnc_lib] CMD enviado: G 244 77
[cnc_lib] CMD enviado: G 245 78
[cnc_lib] CMD enviado: G 247 78
[cnc_lib] CMD enviado: G 248 79
[cnc_lib] CMD enviado: G 250 79
[cnc_lib] CMD enviado: G 251 80
[cnc_lib] CMD enviado: G 255 80
[cnc_lib] CMD enviado: G 256 81
[cnc_lib] CMD enviado: G 264 81
[cnc_lib] CMD enviado: G 265 80
[cnc_lib] CMD enviado: G 269 80
[cnc_lib] CMD enviado: G 270 79
[cnc_lib] CMD enviado: G 272 79
[cnc_lib] CMD enviado: G 273 78
[cnc_lib] CMD enviado: G 274 78
[cnc_lib] CMD enviado: G 275 77
[cnc_lib] CMD enviado: G 276 77
[cnc_lib] CMD enviado: G 277 76
[cnc_lib] CMD enviado: G 278 76
[cnc_lib] CMD enviado: G 280 74
[cnc_lib] CMD enviado: U 0 0
[cnc_lib] Trazado completado (24 puntos)
[cnc_lib] Iniciando trazado: 8 puntos
[cnc_lib] CMD enviado: U 0 0
[cnc_lib] CMD enviado: G 292 60
[cnc_lib] CMD enviado: P 0 0
[cnc_lib] CMD enviado: G 292 59
[cnc_lib] CMD enviado: G 293 58
[cnc_lib] CMD enviado: G 293 56
[cnc_lib] CMD enviado: G 294 55
[cnc_lib] CMD enviado: G 294 52
[cnc_lib] CMD enviado: G 295 51
[cnc_lib] CMD enviado: G 295 41
[cnc_lib] CMD enviado: U 0 0
[cnc_lib] Trazado completado (8 puntos)
[cnc_lib] Iniciando trazado: 3 puntos
[cnc_lib] CMD enviado: U 0 0
[cnc_lib] CMD enviado: G 293 36
[cnc_lib] CMD enviado: P 0 0
[cnc_lib] CMD enviado: G 293 35
[cnc_lib] CMD enviado: G 291 33
[cnc_lib] CMD enviado: U 0 0
[cnc_lib] Trazado completado (3 puntos)
[cnc_lib] Iniciando trazado: 2 puntos
[cnc_lib] CMD enviado: U 0 0
[cnc_lib] CMD enviado: G 291 33
[cnc_lib] CMD enviado: P 0 0
[cnc_lib] CMD enviado: G 290 32
[cnc_lib] CMD enviado: U 0 0
[cnc_lib] Trazado completado (2 puntos)
[cnc_lib] Iniciando trazado: 6 puntos
[cnc_lib] CMD enviado: U 0 0
[cnc_lib] CMD enviado: G 290 32
[cnc_lib] CMD enviado: P 0 0
[cnc_lib] CMD enviado: G 292 30
[cnc_lib] CMD enviado: G 292 29
[cnc_lib] CMD enviado: G 293 28
[cnc_lib] CMD enviado: G 293 25
[cnc_lib] CMD enviado: G 292 24
[cnc_lib] CMD enviado: U 0 0
[cnc_lib] Trazado completado (6 puntos)
[cnc_lib] Iniciando trazado: 3 puntos
[cnc_lib] CMD enviado: U 0 0
[cnc_lib] CMD enviado: G 292 24
[cnc_lib] CMD enviado: P 0 0
[cnc_lib] CMD enviado: G 294 22
[cnc_lib] CMD enviado: G 294 1
[cnc_lib] CMD enviado: U 0 0
[cnc_lib] Trazado completado (3 puntos)
[cnc_lib] Iniciando trazado: 2 puntos
[cnc_lib] CMD enviado: U 0 0
[cnc_lib] CMD enviado: G 294 1
[cnc_lib] CMD enviado: P 0 0
[cnc_lib] CMD enviado: G 293 0
[cnc_lib] CMD enviado: U 0 0
[cnc_lib] Trazado completado (2 puntos)
[cnc_lib] Iniciando trazado: 2 puntos
[cnc_lib] CMD enviado: U 0 0
[cnc_lib] CMD enviado: G 293 0
[cnc_lib] CMD enviado: P 0 0
[cnc_lib] CMD enviado: G 291 0
[cnc_lib] CMD enviado: U 0 0
[cnc_lib] Trazado completado (2 puntos)
[cnc_lib] Iniciando trazado: 2 puntos
[cnc_lib] CMD enviado: U 0 0
[cnc_lib] CMD enviado: G 293 0
[cnc_lib] CMD enviado: P 0 0
[cnc_lib] CMD enviado: G 294 0
[cnc_lib] CMD enviado: U 0 0
[cnc_lib] Trazado completado (2 puntos)
[cnc_lib] Iniciando trazado: 2 puntos
[cnc_lib] CMD enviado: U 0 0
[cnc_lib] CMD enviado: G 294 0
[cnc_lib] CMD enviado: P 0 0
[cnc_lib] CMD enviado: G 295 0
[cnc_lib] CMD enviado: U 0 0
[cnc_lib] Trazado completado (2 puntos)
[cnc_lib] Iniciando trazado: 2 puntos
[cnc_lib] CMD enviado: U 0 0
[cnc_lib] CMD enviado: G 295 0
[cnc_lib] CMD enviado: P 0 0
[cnc_lib] CMD enviado: G 297 0
[cnc_lib] CMD enviado: U 0 0
[cnc_lib] Trazado completado (2 puntos)
[cnc_lib] Iniciando trazado: 2 puntos
[cnc_lib] CMD enviado: U 0 0
[cnc_lib] CMD enviado: G 295 0
[cnc_lib] CMD enviado: P 0 0
[cnc_lib] CMD enviado: G 294 1
[cnc_lib] CMD enviado: U 0 0
[cnc_lib] Trazado completado (2 puntos)
[cnc_lib] Iniciando trazado: 2 puntos
[cnc_lib] CMD enviado: U 0 0
[cnc_lib] CMD enviado: G 294 1
[cnc_lib] CMD enviado: P 0 0
[cnc_lib] CMD enviado: G 294 0
[cnc_lib] CMD enviado: U 0 0
[cnc_lib] Trazado completado (2 puntos)
[cnc_lib] Iniciando trazado: 25 puntos
[cnc_lib] CMD enviado: U 0 0
[cnc_lib] CMD enviado: G 280 16
[cnc_lib] CMD enviado: P 0 0
[cnc_lib] CMD enviado: G 278 14
[cnc_lib] CMD enviado: G 277 14
[cnc_lib] CMD enviado: G 276 13
[cnc_lib] CMD enviado: G 275 13
[cnc_lib] CMD enviado: G 274 12
[cnc_lib] CMD enviado: G 272 12
[cnc_lib] CMD enviado: G 271 11
[cnc_lib] CMD enviado: G 269 11
[cnc_lib] CMD enviado: G 268 10
[cnc_lib] CMD enviado: G 264 10
[cnc_lib] CMD enviado: G 263 9
[cnc_lib] CMD enviado: G 256 9
[cnc_lib] CMD enviado: G 255 10
[cnc_lib] CMD enviado: G 251 10
[cnc_lib] CMD enviado: G 250 11
[cnc_lib] CMD enviado: G 248 11
[cnc_lib] CMD enviado: G 247 12
[cnc_lib] CMD enviado: G 246 12
[cnc_lib] CMD enviado: G 245 13
[cnc_lib] CMD enviado: G 244 13
[cnc_lib] CMD enviado: G 243 14
[cnc_lib] CMD enviado: G 242 14
[cnc_lib] CMD enviado: G 241 15
[cnc_lib] CMD enviado: G 240 15
[cnc_lib] CMD enviado: U 0 0
[cnc_lib] Trazado completado (25 puntos)
[cnc_lib] Iniciando trazado: 2 puntos
[cnc_lib] CMD enviado: U 0 0
[cnc_lib] CMD enviado: G 236 18
[cnc_lib] CMD enviado: P 0 0
[cnc_lib] CMD enviado: G 234 20
[cnc_lib] CMD enviado: U 0 0
[cnc_lib] Trazado completado (2 puntos)
[cnc_lib] Iniciando trazado: 3 puntos
[cnc_lib] CMD enviado: U 0 0
[cnc_lib] CMD enviado: G 241 27
[cnc_lib] CMD enviado: P 0 0
[cnc_lib] CMD enviado: G 240 27
[cnc_lib] CMD enviado: G 241 28
[cnc_lib] CMD enviado: U 0 0
[cnc_lib] Trazado completado (3 puntos)
[cnc_lib] Iniciando trazado: 2 puntos
[cnc_lib] CMD enviado: U 0 0
[cnc_lib] CMD enviado: G 241 28
[cnc_lib] CMD enviado: P 0 0
[cnc_lib] CMD enviado: G 241 27
[cnc_lib] CMD enviado: U 0 0
[cnc_lib] Trazado completado (2 puntos)
[cnc_lib] Iniciando trazado: 2 puntos
[cnc_lib] CMD enviado: U 0 0
[cnc_lib] CMD enviado: G 241 27
[cnc_lib] CMD enviado: P 0 0
[cnc_lib] CMD enviado: G 242 27
[cnc_lib] CMD enviado: U 0 0
[cnc_lib] Trazado completado (2 puntos)
[cnc_lib] Iniciando trazado: 2 puntos
[cnc_lib] CMD enviado: U 0 0
[cnc_lib] CMD enviado: G 242 27
[cnc_lib] CMD enviado: P 0 0
[cnc_lib] CMD enviado: G 244 27
[cnc_lib] CMD enviado: U 0 0
[cnc_lib] Trazado completado (2 puntos)
[cnc_lib] Iniciando trazado: 2 puntos
[cnc_lib] CMD enviado: U 0 0
[cnc_lib] CMD enviado: G 242 27
[cnc_lib] CMD enviado: P 0 0
[cnc_lib] CMD enviado: G 241 28
[cnc_lib] CMD enviado: U 0 0
[cnc_lib] Trazado completado (2 puntos)
[cnc_lib] Iniciando trazado: 2 puntos
[cnc_lib] CMD enviado: U 0 0
[cnc_lib] CMD enviado: G 241 28
[cnc_lib] CMD enviado: P 0 0
[cnc_lib] CMD enviado: G 241 30
[cnc_lib] CMD enviado: U 0 0
[cnc_lib] Trazado completado (2 puntos)
[cnc_lib] Iniciando trazado: 14 puntos
[cnc_lib] CMD enviado: U 0 0
[cnc_lib] CMD enviado: G 282 39
[cnc_lib] CMD enviado: P 0 0
[cnc_lib] CMD enviado: G 279 39
[cnc_lib] CMD enviado: G 278 38
[cnc_lib] CMD enviado: G 276 38
[cnc_lib] CMD enviado: G 271 43
[cnc_lib] CMD enviado: G 271 48
[cnc_lib] CMD enviado: G 274 51
[cnc_lib] CMD enviado: G 281 51
[cnc_lib] CMD enviado: G 282 50
[cnc_lib] CMD enviado: G 282 49
[cnc_lib] CMD enviado: G 284 47
[cnc_lib] CMD enviado: G 284 43
[cnc_lib] CMD enviado: G 283 42
[cnc_lib] CMD enviado: G 283 40
[cnc_lib] CMD enviado: U 0 0
[cnc_lib] Trazado completado (14 puntos)
[cnc_lib] Iniciando trazado: 2 puntos
[cnc_lib] CMD enviado: U 0 0
[cnc_lib] CMD enviado: G 283 40
[cnc_lib] CMD enviado: P 0 0
[cnc_lib] CMD enviado: G 282 39
[cnc_lib] CMD enviado: U 0 0
[cnc_lib] Trazado completado (2 puntos)
[cnc_lib] Iniciando trazado: 2 puntos
[cnc_lib] CMD enviado: U 0 0
[cnc_lib] CMD enviado: G 282 39
[cnc_lib] CMD enviado: P 0 0
[cnc_lib] CMD enviado: G 283 39
[cnc_lib] CMD enviado: U 0 0
[cnc_lib] Trazado completado (2 puntos)
[cnc_lib] Iniciando trazado: 2 puntos
[cnc_lib] CMD enviado: U 0 0
[cnc_lib] CMD enviado: G 283 39
[cnc_lib] CMD enviado: P 0 0
[cnc_lib] CMD enviado: G 284 39
[cnc_lib] CMD enviado: U 0 0
[cnc_lib] Trazado completado (2 puntos)
[cnc_lib] Iniciando trazado: 2 puntos
[cnc_lib] CMD enviado: U 0 0
[cnc_lib] CMD enviado: G 284 39
[cnc_lib] CMD enviado: P 0 0
[cnc_lib] CMD enviado: G 290 33
[cnc_lib] CMD enviado: U 0 0
[cnc_lib] Trazado completado (2 puntos)
[cnc_lib] Iniciando trazado: 2 puntos
[cnc_lib] CMD enviado: U 0 0
[cnc_lib] CMD enviado: G 290 33
[cnc_lib] CMD enviado: P 0 0
[cnc_lib] CMD enviado: G 290 32
[cnc_lib] CMD enviado: U 0 0
[cnc_lib] Trazado completado (2 puntos)
[cnc_lib] Iniciando trazado: 2 puntos
[cnc_lib] CMD enviado: U 0 0
[cnc_lib] CMD enviado: G 290 33
[cnc_lib] CMD enviado: P 0 0
[cnc_lib] CMD enviado: G 291 33
[cnc_lib] CMD enviado: U 0 0
[cnc_lib] Trazado completado (2 puntos)
[cnc_lib] Iniciando trazado: 2 puntos
[cnc_lib] CMD enviado: U 0 0
[cnc_lib] CMD enviado: G 292 24
[cnc_lib] CMD enviado: P 0 0
[cnc_lib] CMD enviado: G 289 24
[cnc_lib] CMD enviado: U 0 0
[cnc_lib] Trazado completado (2 puntos)
[cnc_lib] Iniciando trazado: 2 puntos
[cnc_lib] CMD enviado: U 0 0
[cnc_lib] CMD enviado: G 284 39
[cnc_lib] CMD enviado: P 0 0
[cnc_lib] CMD enviado: G 283 40
[cnc_lib] CMD enviado: U 0 0
[cnc_lib] Trazado completado (2 puntos)
[cnc_lib] Iniciando trazado: 2 puntos
[cnc_lib] CMD enviado: U 0 0
[cnc_lib] CMD enviado: G 283 40
[cnc_lib] CMD enviado: P 0 0
[cnc_lib] CMD enviado: G 283 39
[cnc_lib] CMD enviado: U 0 0
[cnc_lib] Trazado completado (2 puntos)
[cnc_lib] Iniciando trazado: 2 puntos
[cnc_lib] CMD enviado: U 0 0
[cnc_lib] CMD enviado: G 316 0
[cnc_lib] CMD enviado: P 0 0
[cnc_lib] CMD enviado: G 317 0
[cnc_lib] CMD enviado: U 0 0
[cnc_lib] Trazado completado (2 puntos)
[cnc_lib] Iniciando trazado: 2 puntos
[cnc_lib] CMD enviado: U 0 0
[cnc_lib] CMD enviado: G 317 0
[cnc_lib] CMD enviado: P 0 0
[cnc_lib] CMD enviado: G 318 0
[cnc_lib] CMD enviado: U 0 0
[cnc_lib] Trazado completado (2 puntos)
[cnc_lib] Iniciando trazado: 3 puntos
[cnc_lib] CMD enviado: U 0 0
[cnc_lib] CMD enviado: G 318 0
[cnc_lib] CMD enviado: P 0 0
[cnc_lib] CMD enviado: G 319 0
[cnc_lib] CMD enviado: G 318 1
[cnc_lib] CMD enviado: U 0 0
[cnc_lib] Trazado completado (3 puntos)
[cnc_lib] Iniciando trazado: 2 puntos
[cnc_lib] CMD enviado: U 0 0
[cnc_lib] CMD enviado: G 318 1
[cnc_lib] CMD enviado: P 0 0
[cnc_lib] CMD enviado: G 317 0
[cnc_lib] CMD enviado: U 0 0
[cnc_lib] Trazado completado (2 puntos)
[cnc_lib] Iniciando trazado: 2 puntos
[cnc_lib] CMD enviado: U 0 0
[cnc_lib] CMD enviado: G 318 0
[cnc_lib] CMD enviado: P 0 0
[cnc_lib] CMD enviado: G 318 1
[cnc_lib] CMD enviado: U 0 0
[cnc_lib] Trazado completado (2 puntos)
[cnc_lib] Iniciando trazado: 22 puntos
[cnc_lib] CMD enviado: U 0 0
[cnc_lib] CMD enviado: G 318 1
[cnc_lib] CMD enviado: P 0 0
[cnc_lib] CMD enviado: G 318 136
[cnc_lib] CMD enviado: G 320 138
[cnc_lib] CMD enviado: G 320 139
[cnc_lib] CMD enviado: G 322 141
[cnc_lib] CMD enviado: G 322 142
[cnc_lib] CMD enviado: G 324 144
[cnc_lib] CMD enviado: G 324 145
[cnc_lib] CMD enviado: G 326 147
[cnc_lib] CMD enviado: G 326 148
[cnc_lib] CMD enviado: G 328 150
[cnc_lib] CMD enviado: G 328 151
[cnc_lib] CMD enviado: G 330 153
[cnc_lib] CMD enviado: G 330 154
[cnc_lib] CMD enviado: G 332 156
[cnc_lib] CMD enviado: G 332 157
[cnc_lib] CMD enviado: G 334 159
[cnc_lib] CMD enviado: G 334 160
[cnc_lib] CMD enviado: G 335 161
[cnc_lib] CMD enviado: G 335 162
[cnc_lib] CMD enviado: G 336 163
[cnc_lib] CMD enviado: G 336 188
[cnc_lib] CMD enviado: U 0 0
[cnc_lib] Trazado completado (22 puntos)
[cnc_lib] Iniciando trazado: 2 puntos
[cnc_lib] CMD enviado: U 0 0
[cnc_lib] CMD enviado: G 336 188
[cnc_lib] CMD enviado: P 0 0
[cnc_lib] CMD enviado: G 335 189
[cnc_lib] CMD enviado: U 0 0
[cnc_lib] Trazado completado (2 puntos)
[cnc_lib] Iniciando trazado: 2 puntos
[cnc_lib] CMD enviado: U 0 0
[cnc_lib] CMD enviado: G 335 189
[cnc_lib] CMD enviado: P 0 0
[cnc_lib] CMD enviado: G 336 189
[cnc_lib] CMD enviado: U 0 0
[cnc_lib] Trazado completado (2 puntos)
[cnc_lib] Iniciando trazado: 2 puntos
[cnc_lib] CMD enviado: U 0 0
[cnc_lib] CMD enviado: G 336 189
[cnc_lib] CMD enviado: P 0 0
[cnc_lib] CMD enviado: G 336 188
[cnc_lib] CMD enviado: U 0 0
[cnc_lib] Trazado completado (2 puntos)
[cnc_lib] Iniciando trazado: 2 puntos
[cnc_lib] CMD enviado: U 0 0
[cnc_lib] CMD enviado: G 336 188
[cnc_lib] CMD enviado: P 0 0
[cnc_lib] CMD enviado: G 337 189
[cnc_lib] CMD enviado: U 0 0
[cnc_lib] Trazado completado (2 puntos)
[cnc_lib] Iniciando trazado: 16 puntos
[cnc_lib] CMD enviado: U 0 0
[cnc_lib] CMD enviado: G 337 189
[cnc_lib] CMD enviado: P 0 0
[cnc_lib] CMD enviado: G 341 193
[cnc_lib] CMD enviado: G 341 194
[cnc_lib] CMD enviado: G 342 195
[cnc_lib] CMD enviado: G 342 199
[cnc_lib] CMD enviado: G 341 200
[cnc_lib] CMD enviado: G 341 201
[cnc_lib] CMD enviado: G 339 203
[cnc_lib] CMD enviado: G 333 203
[cnc_lib] CMD enviado: G 329 199
[cnc_lib] CMD enviado: G 329 195
[cnc_lib] CMD enviado: G 331 193
[cnc_lib] CMD enviado: G 331 192
[cnc_lib] CMD enviado: G 332 191
[cnc_lib] CMD enviado: G 333 191
[cnc_lib] CMD enviado: G 335 189
[cnc_lib] CMD enviado: U 0 0
[cnc_lib] Trazado completado (16 puntos)
[cnc_lib] Iniciando trazado: 2 puntos
[cnc_lib] CMD enviado: U 0 0
[cnc_lib] CMD enviado: G 336 189
[cnc_lib] CMD enviado: P 0 0
[cnc_lib] CMD enviado: G 337 189
[cnc_lib] CMD enviado: U 0 0
[cnc_lib] Trazado completado (2 puntos)
[cnc_lib] Iniciando trazado: 2 puntos
[cnc_lib] CMD enviado: U 0 0
[cnc_lib] CMD enviado: G 353 171
[cnc_lib] CMD enviado: P 0 0
[cnc_lib] CMD enviado: G 354 170
[cnc_lib] CMD enviado: U 0 0
[cnc_lib] Trazado completado (2 puntos)
[cnc_lib] Iniciando trazado: 25 puntos
[cnc_lib] CMD enviado: U 0 0
[cnc_lib] CMD enviado: G 354 170
[cnc_lib] CMD enviado: P 0 0
[cnc_lib] CMD enviado: G 354 169
[cnc_lib] CMD enviado: G 353 168
[cnc_lib] CMD enviado: G 354 167
[cnc_lib] CMD enviado: G 354 163
[cnc_lib] CMD enviado: G 353 162
[cnc_lib] CMD enviado: G 353 161
[cnc_lib] CMD enviado: G 352 160
[cnc_lib] CMD enviado: G 352 159
[cnc_lib] CMD enviado: G 350 157
[cnc_lib] CMD enviado: G 350 156
[cnc_lib] CMD enviado: G 348 154
[cnc_lib] CMD enviado: G 348 153
[cnc_lib] CMD enviado: G 346 151
[cnc_lib] CMD enviado: G 346 150
[cnc_lib] CMD enviado: G 344 148
[cnc_lib] CMD enviado: G 344 147
[cnc_lib] CMD enviado: G 342 145
[cnc_lib] CMD enviado: G 342 144
[cnc_lib] CMD enviado: G 340 142
[cnc_lib] CMD enviado: G 340 141
[cnc_lib] CMD enviado: G 338 139
[cnc_lib] CMD enviado: G 338 138
[cnc_lib] CMD enviado: G 336 136
[cnc_lib] CMD enviado: G 336 1
[cnc_lib] CMD enviado: U 0 0
[cnc_lib] Trazado completado (25 puntos)
[cnc_lib] Iniciando trazado: 2 puntos
[cnc_lib] CMD enviado: U 0 0
[cnc_lib] CMD enviado: G 336 1
[cnc_lib] CMD enviado: P 0 0
[cnc_lib] CMD enviado: G 335 0
[cnc_lib] CMD enviado: U 0 0
[cnc_lib] Trazado completado (2 puntos)
[cnc_lib] Iniciando trazado: 2 puntos
[cnc_lib] CMD enviado: U 0 0
[cnc_lib] CMD enviado: G 335 0
[cnc_lib] CMD enviado: P 0 0
[cnc_lib] CMD enviado: G 334 0
[cnc_lib] CMD enviado: U 0 0
[cnc_lib] Trazado completado (2 puntos)
[cnc_lib] Iniciando trazado: 2 puntos
[cnc_lib] CMD enviado: U 0 0
[cnc_lib] CMD enviado: G 335 0
[cnc_lib] CMD enviado: P 0 0
[cnc_lib] CMD enviado: G 336 0
[cnc_lib] CMD enviado: U 0 0
[cnc_lib] Trazado completado (2 puntos)
[cnc_lib] Iniciando trazado: 3 puntos
[cnc_lib] CMD enviado: U 0 0
[cnc_lib] CMD enviado: G 336 0
[cnc_lib] CMD enviado: P 0 0
[cnc_lib] CMD enviado: G 337 0
[cnc_lib] CMD enviado: G 336 1
[cnc_lib] CMD enviado: U 0 0
[cnc_lib] Trazado completado (3 puntos)
[cnc_lib] Iniciando trazado: 2 puntos
[cnc_lib] CMD enviado: U 0 0
[cnc_lib] CMD enviado: G 336 1
[cnc_lib] CMD enviado: P 0 0
[cnc_lib] CMD enviado: G 336 0
[cnc_lib] CMD enviado: U 0 0
[cnc_lib] Trazado completado (2 puntos)
[cnc_lib] Iniciando trazado: 2 puntos
[cnc_lib] CMD enviado: U 0 0
[cnc_lib] CMD enviado: G 356 0
[cnc_lib] CMD enviado: P 0 0
[cnc_lib] CMD enviado: G 357 0
[cnc_lib] CMD enviado: U 0 0
[cnc_lib] Trazado completado (2 puntos)
[cnc_lib] Iniciando trazado: 2 puntos
[cnc_lib] CMD enviado: U 0 0
[cnc_lib] CMD enviado: G 357 0
[cnc_lib] CMD enviado: P 0 0
[cnc_lib] CMD enviado: G 358 0
[cnc_lib] CMD enviado: U 0 0
[cnc_lib] Trazado completado (2 puntos)
[cnc_lib] Iniciando trazado: 3 puntos
[cnc_lib] CMD enviado: U 0 0
[cnc_lib] CMD enviado: G 358 0
[cnc_lib] CMD enviado: P 0 0
[cnc_lib] CMD enviado: G 359 0
[cnc_lib] CMD enviado: G 358 1
[cnc_lib] CMD enviado: U 0 0
[cnc_lib] Trazado completado (3 puntos)
[cnc_lib] Iniciando trazado: 2 puntos
[cnc_lib] CMD enviado: U 0 0
[cnc_lib] CMD enviado: G 358 1
[cnc_lib] CMD enviado: P 0 0
[cnc_lib] CMD enviado: G 357 0
[cnc_lib] CMD enviado: U 0 0
[cnc_lib] Trazado completado (2 puntos)
[cnc_lib] Iniciando trazado: 2 puntos
[cnc_lib] CMD enviado: U 0 0
[cnc_lib] CMD enviado: G 358 0
[cnc_lib] CMD enviado: P 0 0
[cnc_lib] CMD enviado: G 358 1
[cnc_lib] CMD enviado: U 0 0
[cnc_lib] Trazado completado (2 puntos)
[cnc_lib] Iniciando trazado: 6 puntos
[cnc_lib] CMD enviado: U 0 0
[cnc_lib] CMD enviado: G 358 1
[cnc_lib] CMD enviado: P 0 0
[cnc_lib] CMD enviado: G 358 27
[cnc_lib] CMD enviado: G 381 50
[cnc_lib] CMD enviado: G 381 51
[cnc_lib] CMD enviado: G 385 55
[cnc_lib] CMD enviado: G 385 72
[cnc_lib] CMD enviado: U 0 0
[cnc_lib] Trazado completado (6 puntos)
[cnc_lib] Iniciando trazado: 2 puntos
[cnc_lib] CMD enviado: U 0 0
[cnc_lib] CMD enviado: G 385 72
[cnc_lib] CMD enviado: P 0 0
[cnc_lib] CMD enviado: G 384 73
[cnc_lib] CMD enviado: U 0 0
[cnc_lib] Trazado completado (2 puntos)
[cnc_lib] Iniciando trazado: 2 puntos
[cnc_lib] CMD enviado: U 0 0
[cnc_lib] CMD enviado: G 384 73
[cnc_lib] CMD enviado: P 0 0
[cnc_lib] CMD enviado: G 385 73
[cnc_lib] CMD enviado: U 0 0
[cnc_lib] Trazado completado (2 puntos)
[cnc_lib] Iniciando trazado: 2 puntos
[cnc_lib] CMD enviado: U 0 0
[cnc_lib] CMD enviado: G 385 73
[cnc_lib] CMD enviado: P 0 0
[cnc_lib] CMD enviado: G 385 72
[cnc_lib] CMD enviado: U 0 0
[cnc_lib] Trazado completado (2 puntos)
[cnc_lib] Iniciando trazado: 2 puntos
[cnc_lib] CMD enviado: U 0 0
[cnc_lib] CMD enviado: G 385 72
[cnc_lib] CMD enviado: P 0 0
[cnc_lib] CMD enviado: G 386 73
[cnc_lib] CMD enviado: U 0 0
[cnc_lib] Trazado completado (2 puntos)
[cnc_lib] Iniciando trazado: 2 puntos
[cnc_lib] CMD enviado: U 0 0
[cnc_lib] CMD enviado: G 386 73
[cnc_lib] CMD enviado: P 0 0
[cnc_lib] CMD enviado: G 385 73
[cnc_lib] CMD enviado: U 0 0
[cnc_lib] Trazado completado (2 puntos)
[cnc_lib] Iniciando trazado: 8 puntos
[cnc_lib] CMD enviado: U 0 0
[cnc_lib] CMD enviado: G 384 73
[cnc_lib] CMD enviado: P 0 0
[cnc_lib] CMD enviado: G 382 75
[cnc_lib] CMD enviado: G 381 75
[cnc_lib] CMD enviado: G 380 76
[cnc_lib] CMD enviado: G 380 77
[cnc_lib] CMD enviado: G 378 79
[cnc_lib] CMD enviado: G 378 83
[cnc_lib] CMD enviado: G 384 89
[cnc_lib] CMD enviado: U 0 0
[cnc_lib] Trazado completado (8 puntos)
[cnc_lib] Iniciando trazado: 2 puntos
[cnc_lib] CMD enviado: U 0 0
[cnc_lib] CMD enviado: G 384 89
[cnc_lib] CMD enviado: P 0 0
[cnc_lib] CMD enviado: G 385 89
[cnc_lib] CMD enviado: U 0 0
[cnc_lib] Trazado completado (2 puntos)
[cnc_lib] Iniciando trazado: 10 puntos
[cnc_lib] CMD enviado: U 0 0
[cnc_lib] CMD enviado: G 385 89
[cnc_lib] CMD enviado: P 0 0
[cnc_lib] CMD enviado: G 386 88
[cnc_lib] CMD enviado: G 387 88
[cnc_lib] CMD enviado: G 390 85
[cnc_lib] CMD enviado: G 390 84
[cnc_lib] CMD enviado: G 391 83
[cnc_lib] CMD enviado: G 391 79
[cnc_lib] CMD enviado: G 390 78
[cnc_lib] CMD enviado: G 390 77
[cnc_lib] CMD enviado: G 386 73
[cnc_lib] CMD enviado: U 0 0
[cnc_lib] Trazado completado (10 puntos)
[cnc_lib] Iniciando trazado: 2 puntos
[cnc_lib] CMD enviado: U 0 0
[cnc_lib] CMD enviado: G 385 89
[cnc_lib] CMD enviado: P 0 0
[cnc_lib] CMD enviado: G 385 90
[cnc_lib] CMD enviado: U 0 0
[cnc_lib] Trazado completado (2 puntos)
[cnc_lib] Iniciando trazado: 2 puntos
[cnc_lib] CMD enviado: U 0 0
[cnc_lib] CMD enviado: G 385 90
[cnc_lib] CMD enviado: P 0 0
[cnc_lib] CMD enviado: G 384 89
[cnc_lib] CMD enviado: U 0 0
[cnc_lib] Trazado completado (2 puntos)
[cnc_lib] Iniciando trazado: 16 puntos
[cnc_lib] CMD enviado: U 0 0
[cnc_lib] CMD enviado: G 385 90
[cnc_lib] CMD enviado: P 0 0
[cnc_lib] CMD enviado: G 385 112
[cnc_lib] CMD enviado: G 387 114
[cnc_lib] CMD enviado: G 387 115
[cnc_lib] CMD enviado: G 402 130
[cnc_lib] CMD enviado: G 403 130
[cnc_lib] CMD enviado: G 431 158
[cnc_lib] CMD enviado: G 431 159
[cnc_lib] CMD enviado: G 433 161
[cnc_lib] CMD enviado: G 433 162
[cnc_lib] CMD enviado: G 434 163
[cnc_lib] CMD enviado: G 434 322
[cnc_lib] CMD enviado: G 494 382
[cnc_lib] CMD enviado: G 494 383
[cnc_lib] CMD enviado: G 496 385
[cnc_lib] CMD enviado: G 496 417
[cnc_lib] CMD enviado: U 0 0
[cnc_lib] Trazado completado (16 puntos)
[cnc_lib] Iniciando trazado: 13 puntos
[cnc_lib] CMD enviado: U 0 0
[cnc_lib] CMD enviado: G 483 417
[cnc_lib] CMD enviado: P 0 0
[cnc_lib] CMD enviado: G 483 385
[cnc_lib] CMD enviado: G 421 323
[cnc_lib] CMD enviado: G 421 321
[cnc_lib] CMD enviado: G 420 320
[cnc_lib] CMD enviado: G 420 269
[cnc_lib] CMD enviado: G 419 268
[cnc_lib] CMD enviado: G 419 267
[cnc_lib] CMD enviado: G 403 251
[cnc_lib] CMD enviado: G 403 248
[cnc_lib] CMD enviado: G 402 247
[cnc_lib] CMD enviado: G 403 246
[cnc_lib] CMD enviado: G 403 245
[cnc_lib] CMD enviado: U 0 0
[cnc_lib] Trazado completado (13 puntos)
[cnc_lib] Iniciando trazado: 2 puntos
[cnc_lib] CMD enviado: U 0 0
[cnc_lib] CMD enviado: G 403 245
[cnc_lib] CMD enviado: P 0 0
[cnc_lib] CMD enviado: G 402 244
[cnc_lib] CMD enviado: U 0 0
[cnc_lib] Trazado completado (2 puntos)
[cnc_lib] Iniciando trazado: 20 puntos
[cnc_lib] CMD enviado: U 0 0
[cnc_lib] CMD enviado: G 402 244
[cnc_lib] CMD enviado: P 0 0
[cnc_lib] CMD enviado: G 396 238
[cnc_lib] CMD enviado: G 396 234
[cnc_lib] CMD enviado: G 397 233
[cnc_lib] CMD enviado: G 397 232
[cnc_lib] CMD enviado: G 399 230
[cnc_lib] CMD enviado: G 400 230
[cnc_lib] CMD enviado: G 401 229
[cnc_lib] CMD enviado: G 404 229
[cnc_lib] CMD enviado: G 405 230
[cnc_lib] CMD enviado: G 406 230
[cnc_lib] CMD enviado: G 408 232
[cnc_lib] CMD enviado: G 408 233
[cnc_lib] CMD enviado: G 409 234
[cnc_lib] CMD enviado: G 409 238
[cnc_lib] CMD enviado: G 408 239
[cnc_lib] CMD enviado: G 408 240
[cnc_lib] CMD enviado: G 405 243
[cnc_lib] CMD enviado: G 404 243
[cnc_lib] CMD enviado: G 403 244
[cnc_lib] CMD enviado: U 0 0
[cnc_lib] Trazado completado (20 puntos)
[cnc_lib] Iniciando trazado: 2 puntos
[cnc_lib] CMD enviado: U 0 0
[cnc_lib] CMD enviado: G 403 244
[cnc_lib] CMD enviado: P 0 0
[cnc_lib] CMD enviado: G 402 244
[cnc_lib] CMD enviado: U 0 0
[cnc_lib] Trazado completado (2 puntos)
[cnc_lib] Iniciando trazado: 2 puntos
[cnc_lib] CMD enviado: U 0 0
[cnc_lib] CMD enviado: G 403 244
[cnc_lib] CMD enviado: P 0 0
[cnc_lib] CMD enviado: G 403 245
[cnc_lib] CMD enviado: U 0 0
[cnc_lib] Trazado completado (2 puntos)
[cnc_lib] Iniciando trazado: 18 puntos
[cnc_lib] CMD enviado: U 0 0
[cnc_lib] CMD enviado: G 403 285
[cnc_lib] CMD enviado: P 0 0
[cnc_lib] CMD enviado: G 404 284
[cnc_lib] CMD enviado: G 405 284
[cnc_lib] CMD enviado: G 408 281
[cnc_lib] CMD enviado: G 408 280
[cnc_lib] CMD enviado: G 409 279
[cnc_lib] CMD enviado: G 409 276
[cnc_lib] CMD enviado: G 408 275
[cnc_lib] CMD enviado: G 408 274
[cnc_lib] CMD enviado: G 405 271
[cnc_lib] CMD enviado: G 404 271
[cnc_lib] CMD enviado: G 403 270
[cnc_lib] CMD enviado: G 401 270
[cnc_lib] CMD enviado: G 396 275
[cnc_lib] CMD enviado: G 396 280
[cnc_lib] CMD enviado: G 400 284
[cnc_lib] CMD enviado: G 401 284
[cnc_lib] CMD enviado: G 402 285
[cnc_lib] CMD enviado: U 0 0
[cnc_lib] Trazado completado (18 puntos)
[cnc_lib] Iniciando trazado: 2 puntos
[cnc_lib] CMD enviado: U 0 0
[cnc_lib] CMD enviado: G 402 285
[cnc_lib] CMD enviado: P 0 0
[cnc_lib] CMD enviado: G 403 285
[cnc_lib] CMD enviado: U 0 0
[cnc_lib] Trazado completado (2 puntos)
[cnc_lib] Iniciando trazado: 2 puntos
[cnc_lib] CMD enviado: U 0 0
[cnc_lib] CMD enviado: G 403 285
[cnc_lib] CMD enviado: P 0 0
[cnc_lib] CMD enviado: G 403 286
[cnc_lib] CMD enviado: U 0 0
[cnc_lib] Trazado completado (2 puntos)
[cnc_lib] Iniciando trazado: 2 puntos
[cnc_lib] CMD enviado: U 0 0
[cnc_lib] CMD enviado: G 403 286
[cnc_lib] CMD enviado: P 0 0
[cnc_lib] CMD enviado: G 402 285
[cnc_lib] CMD enviado: U 0 0
[cnc_lib] Trazado completado (2 puntos)
[cnc_lib] Iniciando trazado: 13 puntos
[cnc_lib] CMD enviado: U 0 0
[cnc_lib] CMD enviado: G 403 286
[cnc_lib] CMD enviado: P 0 0
[cnc_lib] CMD enviado: G 403 287
[cnc_lib] CMD enviado: G 402 288
[cnc_lib] CMD enviado: G 403 289
[cnc_lib] CMD enviado: G 403 318
[cnc_lib] CMD enviado: G 469 384
[cnc_lib] CMD enviado: G 469 390
[cnc_lib] CMD enviado: G 470 391
[cnc_lib] CMD enviado: G 470 392
[cnc_lib] CMD enviado: G 469 393
[cnc_lib] CMD enviado: G 469 395
[cnc_lib] CMD enviado: G 470 396
[cnc_lib] CMD enviado: G 470 417
[cnc_lib] CMD enviado: U 0 0
[cnc_lib] Trazado completado (13 puntos)
[cnc_lib] Iniciando trazado: 12 puntos
[cnc_lib] CMD enviado: U 0 0
[cnc_lib] CMD enviado: G 456 417
[cnc_lib] CMD enviado: P 0 0
[cnc_lib] CMD enviado: G 456 385
[cnc_lib] CMD enviado: G 453 382
[cnc_lib] CMD enviado: G 453 381
[cnc_lib] CMD enviado: G 387 315
[cnc_lib] CMD enviado: G 386 315
[cnc_lib] CMD enviado: G 384 313
[cnc_lib] CMD enviado: G 383 313
[cnc_lib] CMD enviado: G 382 312
[cnc_lib] CMD enviado: G 379 312
[cnc_lib] CMD enviado: G 378 313
[cnc_lib] CMD enviado: G 375 313
[cnc_lib] CMD enviado: U 0 0
[cnc_lib] Trazado completado (12 puntos)
[cnc_lib] Iniciando trazado: 142 puntos
[cnc_lib] CMD enviado: U 0 0
[cnc_lib] CMD enviado: G 385 428
[cnc_lib] CMD enviado: P 0 0
[cnc_lib] CMD enviado: G 384 428
[cnc_lib] CMD enviado: G 278 322
[cnc_lib] CMD enviado: G 277 322
[cnc_lib] CMD enviado: G 270 315
[cnc_lib] CMD enviado: G 270 314
[cnc_lib] CMD enviado: G 269 313
[cnc_lib] CMD enviado: G 269 202
[cnc_lib] CMD enviado: G 268 201
[cnc_lib] CMD enviado: G 268 200
[cnc_lib] CMD enviado: G 267 199
[cnc_lib] CMD enviado: G 267 197
[cnc_lib] CMD enviado: G 266 196
[cnc_lib] CMD enviado: G 266 195
[cnc_lib] CMD enviado: G 265 194
[cnc_lib] CMD enviado: G 265 193
[cnc_lib] CMD enviado: G 264 192
[cnc_lib] CMD enviado: G 264 191
[cnc_lib] CMD enviado: G 263 190
[cnc_lib] CMD enviado: G 263 189
[cnc_lib] CMD enviado: G 262 188
[cnc_lib] CMD enviado: G 262 186
[cnc_lib] CMD enviado: G 261 185
[cnc_lib] CMD enviado: G 261 184
[cnc_lib] CMD enviado: G 260 183
[cnc_lib] CMD enviado: G 260 182
[cnc_lib] CMD enviado: G 259 181
[cnc_lib] CMD enviado: G 259 180
[cnc_lib] CMD enviado: G 258 179
[cnc_lib] CMD enviado: G 258 178
[cnc_lib] CMD enviado: G 257 177
[cnc_lib] CMD enviado: G 257 175
[cnc_lib] CMD enviado: G 256 174
[cnc_lib] CMD enviado: G 256 173
[cnc_lib] CMD enviado: G 255 172
[cnc_lib] CMD enviado: G 255 171
[cnc_lib] CMD enviado: G 254 170
[cnc_lib] CMD enviado: G 254 169
[cnc_lib] CMD enviado: G 253 168
[cnc_lib] CMD enviado: G 253 167
[cnc_lib] CMD enviado: G 252 166
[cnc_lib] CMD enviado: G 252 164
[cnc_lib] CMD enviado: G 251 163
[cnc_lib] CMD enviado: G 251 162
[cnc_lib] CMD enviado: G 250 161
[cnc_lib] CMD enviado: G 250 160
[cnc_lib] CMD enviado: G 249 159
[cnc_lib] CMD enviado: G 249 158
[cnc_lib] CMD enviado: G 248 157
[cnc_lib] CMD enviado: G 248 156
[cnc_lib] CMD enviado: G 247 155
[cnc_lib] CMD enviado: G 247 153
[cnc_lib] CMD enviado: G 246 152
[cnc_lib] CMD enviado: G 246 151
[cnc_lib] CMD enviado: G 245 150
[cnc_lib] CMD enviado: G 245 149
[cnc_lib] CMD enviado: G 244 148
[cnc_lib] CMD enviado: G 244 147
[cnc_lib] CMD enviado: G 243 146
[cnc_lib] CMD enviado: G 243 145
[cnc_lib] CMD enviado: G 242 144
[cnc_lib] CMD enviado: G 242 142
[cnc_lib] CMD enviado: G 241 141
[cnc_lib] CMD enviado: G 241 140
[cnc_lib] CMD enviado: G 240 139
[cnc_lib] CMD enviado: G 240 138
[cnc_lib] CMD enviado: G 239 137
[cnc_lib] CMD enviado: G 239 136
[cnc_lib] CMD enviado: G 238 135
[cnc_lib] CMD enviado: G 238 134
[cnc_lib] CMD enviado: G 237 133
[cnc_lib] CMD enviado: G 237 131
[cnc_lib] CMD enviado: G 236 130
[cnc_lib] CMD enviado: G 236 129
[cnc_lib] CMD enviado: G 235 128
[cnc_lib] CMD enviado: G 235 127
[cnc_lib] CMD enviado: G 234 126
[cnc_lib] CMD enviado: G 234 125
[cnc_lib] CMD enviado: G 233 124
[cnc_lib] CMD enviado: G 233 123
[cnc_lib] CMD enviado: G 232 122
[cnc_lib] CMD enviado: G 232 120
[cnc_lib] CMD enviado: G 231 119
[cnc_lib] CMD enviado: G 231 118
[cnc_lib] CMD enviado: G 230 117
[cnc_lib] CMD enviado: G 230 116
[cnc_lib] CMD enviado: G 229 115
[cnc_lib] CMD enviado: G 229 114
[cnc_lib] CMD enviado: G 228 113
[cnc_lib] CMD enviado: G 228 112
[cnc_lib] CMD enviado: G 227 111
[cnc_lib] CMD enviado: G 227 109
[cnc_lib] CMD enviado: G 226 108
[cnc_lib] CMD enviado: G 226 107
[cnc_lib] CMD enviado: G 225 106
[cnc_lib] CMD enviado: G 225 105
[cnc_lib] CMD enviado: G 224 104
[cnc_lib] CMD enviado: G 224 103
[cnc_lib] CMD enviado: G 223 102
[cnc_lib] CMD enviado: G 223 101
[cnc_lib] CMD enviado: G 222 100
[cnc_lib] CMD enviado: G 222 98
[cnc_lib] CMD enviado: G 221 97
[cnc_lib] CMD enviado: G 221 96
[cnc_lib] CMD enviado: G 220 95
[cnc_lib] CMD enviado: G 220 94
[cnc_lib] CMD enviado: G 219 93
[cnc_lib] CMD enviado: G 219 92
[cnc_lib] CMD enviado: G 218 91
[cnc_lib] CMD enviado: G 218 90
[cnc_lib] CMD enviado: G 217 89
[cnc_lib] CMD enviado: G 217 87
[cnc_lib] CMD enviado: G 216 86
[cnc_lib] CMD enviado: G 216 85
[cnc_lib] CMD enviado: G 215 84
[cnc_lib] CMD enviado: G 215 83
[cnc_lib] CMD enviado: G 214 82
[cnc_lib] CMD enviado: G 214 81
[cnc_lib] CMD enviado: G 213 80
[cnc_lib] CMD enviado: G 213 79
[cnc_lib] CMD enviado: G 212 78
[cnc_lib] CMD enviado: G 212 76
[cnc_lib] CMD enviado: G 211 75
[cnc_lib] CMD enviado: G 211 74
[cnc_lib] CMD enviado: G 210 73
[cnc_lib] CMD enviado: G 210 72
[cnc_lib] CMD enviado: G 209 71
[cnc_lib] CMD enviado: G 209 70
[cnc_lib] CMD enviado: G 208 69
[cnc_lib] CMD enviado: G 208 67
[cnc_lib] CMD enviado: G 207 66
[cnc_lib] CMD enviado: G 207 65
[cnc_lib] CMD enviado: G 206 64
[cnc_lib] CMD enviado: G 206 63
[cnc_lib] CMD enviado: G 205 62
[cnc_lib] CMD enviado: G 205 61
[cnc_lib] CMD enviado: G 204 60
[cnc_lib] CMD enviado: G 204 59
[cnc_lib] CMD enviado: G 203 58
[cnc_lib] CMD enviado: G 203 57
[cnc_lib] CMD enviado: G 200 54
[cnc_lib] CMD enviado: G 197 54
[cnc_lib] CMD enviado: U 0 0
[cnc_lib] Trazado completado (142 puntos)
[cnc_lib] Iniciando trazado: 10 puntos
[cnc_lib] CMD enviado: U 0 0
[cnc_lib] CMD enviado: G 174 56
[cnc_lib] CMD enviado: P 0 0
[cnc_lib] CMD enviado: G 174 55
[cnc_lib] CMD enviado: G 173 54
[cnc_lib] CMD enviado: G 136 54
[cnc_lib] CMD enviado: G 134 56
[cnc_lib] CMD enviado: G 134 58
[cnc_lib] CMD enviado: G 130 62
[cnc_lib] CMD enviado: G 129 62
[cnc_lib] CMD enviado: G 128 63
[cnc_lib] CMD enviado: G 124 63
[cnc_lib] CMD enviado: U 0 0
[cnc_lib] Trazado completado (10 puntos)
[cnc_lib] Iniciando trazado: 5 puntos
[cnc_lib] CMD enviado: U 0 0
[cnc_lib] CMD enviado: G 118 59
[cnc_lib] CMD enviado: P 0 0
[cnc_lib] CMD enviado: G 118 58
[cnc_lib] CMD enviado: G 115 55
[cnc_lib] CMD enviado: G 114 55
[cnc_lib] CMD enviado: G 113 56
[cnc_lib] CMD enviado: U 0 0
[cnc_lib] Trazado completado (5 puntos)
[cnc_lib] Iniciando trazado: 6 puntos
[cnc_lib] CMD enviado: U 0 0
[cnc_lib] CMD enviado: G 107 54
[cnc_lib] CMD enviado: P 0 0
[cnc_lib] CMD enviado: G 104 57
[cnc_lib] CMD enviado: G 104 58
[cnc_lib] CMD enviado: G 102 60
[cnc_lib] CMD enviado: G 96 60
[cnc_lib] CMD enviado: G 90 54
[cnc_lib] CMD enviado: U 0 0
[cnc_lib] Trazado completado (6 puntos)
[cnc_lib] Iniciando trazado: 4 puntos
[cnc_lib] CMD enviado: U 0 0
[cnc_lib] CMD enviado: G 111 81
[cnc_lib] CMD enviado: P 0 0
[cnc_lib] CMD enviado: G 112 82
[cnc_lib] CMD enviado: G 112 106
[cnc_lib] CMD enviado: G 111 107
[cnc_lib] CMD enviado: U 0 0
[cnc_lib] Trazado completado (4 puntos)
[cnc_lib] Iniciando trazado: 2 puntos
[cnc_lib] CMD enviado: U 0 0
[cnc_lib] CMD enviado: G 111 107
[cnc_lib] CMD enviado: P 0 0
[cnc_lib] CMD enviado: G 110 107
[cnc_lib] CMD enviado: U 0 0
[cnc_lib] Trazado completado (2 puntos)
[cnc_lib] Iniciando trazado: 2 puntos
[cnc_lib] CMD enviado: U 0 0
[cnc_lib] CMD enviado: G 111 107
[cnc_lib] CMD enviado: P 0 0
[cnc_lib] CMD enviado: G 111 108
[cnc_lib] CMD enviado: U 0 0
[cnc_lib] Trazado completado (2 puntos)
[cnc_lib] Iniciando trazado: 2 puntos
[cnc_lib] CMD enviado: U 0 0
[cnc_lib] CMD enviado: G 107 107
[cnc_lib] CMD enviado: P 0 0
[cnc_lib] CMD enviado: G 106 108
[cnc_lib] CMD enviado: U 0 0
[cnc_lib] Trazado completado (2 puntos)
[cnc_lib] Iniciando trazado: 2 puntos
[cnc_lib] CMD enviado: U 0 0
[cnc_lib] CMD enviado: G 106 108
[cnc_lib] CMD enviado: P 0 0
[cnc_lib] CMD enviado: G 106 107
[cnc_lib] CMD enviado: U 0 0
[cnc_lib] Trazado completado (2 puntos)
[cnc_lib] Iniciando trazado: 13 puntos
[cnc_lib] CMD enviado: U 0 0
[cnc_lib] CMD enviado: G 106 108
[cnc_lib] CMD enviado: P 0 0
[cnc_lib] CMD enviado: G 106 109
[cnc_lib] CMD enviado: G 104 111
[cnc_lib] CMD enviado: G 104 112
[cnc_lib] CMD enviado: G 103 113
[cnc_lib] CMD enviado: G 102 113
[cnc_lib] CMD enviado: G 101 114
[cnc_lib] CMD enviado: G 97 114
[cnc_lib] CMD enviado: G 96 113
[cnc_lib] CMD enviado: G 95 113
[cnc_lib] CMD enviado: G 92 110
[cnc_lib] CMD enviado: G 92 109
[cnc_lib] CMD enviado: G 91 108
[cnc_lib] CMD enviado: U 0 0
[cnc_lib] Trazado completado (13 puntos)
[cnc_lib] Iniciando trazado: 2 puntos
[cnc_lib] CMD enviado: U 0 0
[cnc_lib] CMD enviado: G 91 108
[cnc_lib] CMD enviado: P 0 0
[cnc_lib] CMD enviado: G 90 107
[cnc_lib] CMD enviado: U 0 0
[cnc_lib] Trazado completado (2 puntos)
[cnc_lib] Iniciando trazado: 2 puntos
[cnc_lib] CMD enviado: U 0 0
[cnc_lib] CMD enviado: G 91 107
[cnc_lib] CMD enviado: P 0 0
[cnc_lib] CMD enviado: G 91 108
[cnc_lib] CMD enviado: U 0 0
[cnc_lib] Trazado completado (2 puntos)
[cnc_lib] Iniciando trazado: 2 puntos
[cnc_lib] CMD enviado: U 0 0
[cnc_lib] CMD enviado: G 91 134
[cnc_lib] CMD enviado: P 0 0
[cnc_lib] CMD enviado: G 91 135
[cnc_lib] CMD enviado: U 0 0
[cnc_lib] Trazado completado (2 puntos)
[cnc_lib] Iniciando trazado: 2 puntos
[cnc_lib] CMD enviado: U 0 0
[cnc_lib] CMD enviado: G 91 135
[cnc_lib] CMD enviado: P 0 0
[cnc_lib] CMD enviado: G 90 134
[cnc_lib] CMD enviado: U 0 0
[cnc_lib] Trazado completado (2 puntos)
[cnc_lib] Iniciando trazado: 8 puntos
[cnc_lib] CMD enviado: U 0 0
[cnc_lib] CMD enviado: G 91 135
[cnc_lib] CMD enviado: P 0 0
[cnc_lib] CMD enviado: G 92 136
[cnc_lib] CMD enviado: G 92 137
[cnc_lib] CMD enviado: G 95 140
[cnc_lib] CMD enviado: G 102 140
[cnc_lib] CMD enviado: G 105 137
[cnc_lib] CMD enviado: G 105 136
[cnc_lib] CMD enviado: G 106 135
[cnc_lib] CMD enviado: U 0 0
[cnc_lib] Trazado completado (8 puntos)
[cnc_lib] Iniciando trazado: 2 puntos
[cnc_lib] CMD enviado: U 0 0
[cnc_lib] CMD enviado: G 106 135
[cnc_lib] CMD enviado: P 0 0
[cnc_lib] CMD enviado: G 106 134
[cnc_lib] CMD enviado: U 0 0
[cnc_lib] Trazado completado (2 puntos)
[cnc_lib] Iniciando trazado: 2 puntos
[cnc_lib] CMD enviado: U 0 0
[cnc_lib] CMD enviado: G 107 134
[cnc_lib] CMD enviado: P 0 0
[cnc_lib] CMD enviado: G 106 135
[cnc_lib] CMD enviado: U 0 0
[cnc_lib] Trazado completado (2 puntos)
[cnc_lib] Iniciando trazado: 2 puntos
[cnc_lib] CMD enviado: U 0 0
[cnc_lib] CMD enviado: G 110 134
[cnc_lib] CMD enviado: P 0 0
[cnc_lib] CMD enviado: G 111 134
[cnc_lib] CMD enviado: U 0 0
[cnc_lib] Trazado completado (2 puntos)
[cnc_lib] Iniciando trazado: 2 puntos
[cnc_lib] CMD enviado: U 0 0
[cnc_lib] CMD enviado: G 111 188
[cnc_lib] CMD enviado: P 0 0
[cnc_lib] CMD enviado: G 107 188
[cnc_lib] CMD enviado: U 0 0
[cnc_lib] Trazado completado (2 puntos)
[cnc_lib] Iniciando trazado: 8 puntos
[cnc_lib] CMD enviado: U 0 0
[cnc_lib] CMD enviado: G 107 188
[cnc_lib] CMD enviado: P 0 0
[cnc_lib] CMD enviado: G 104 185
[cnc_lib] CMD enviado: G 104 184
[cnc_lib] CMD enviado: G 102 182
[cnc_lib] CMD enviado: G 101 182
[cnc_lib] CMD enviado: G 100 181
[cnc_lib] CMD enviado: G 97 181
[cnc_lib] CMD enviado: G 90 188
[cnc_lib] CMD enviado: U 0 0
[cnc_lib] Trazado completado (8 puntos)
[cnc_lib] Iniciando trazado: 118 puntos
[cnc_lib] CMD enviado: U 0 0
[cnc_lib] CMD enviado: G 90 188
[cnc_lib] CMD enviado: P 0 0
[cnc_lib] CMD enviado: G 87 188
[cnc_lib] CMD enviado: G 84 185
[cnc_lib] CMD enviado: G 84 184
[cnc_lib] CMD enviado: G 83 183
[cnc_lib] CMD enviado: G 83 182
[cnc_lib] CMD enviado: G 82 181
[cnc_lib] CMD enviado: G 82 180
[cnc_lib] CMD enviado: G 81 179
[cnc_lib] CMD enviado: G 81 178
[cnc_lib] CMD enviado: G 80 177
[cnc_lib] CMD enviado: G 80 175
[cnc_lib] CMD enviado: G 79 174
[cnc_lib] CMD enviado: G 79 173
[cnc_lib] CMD enviado: G 78 172
[cnc_lib] CMD enviado: G 78 171
[cnc_lib] CMD enviado: G 77 170
[cnc_lib] CMD enviado: G 77 169
[cnc_lib] CMD enviado: G 76 168
[cnc_lib] CMD enviado: G 76 167
[cnc_lib] CMD enviado: G 75 166
[cnc_lib] CMD enviado: G 75 165
[cnc_lib] CMD enviado: G 74 164
[cnc_lib] CMD enviado: G 74 163
[cnc_lib] CMD enviado: G 73 162
[cnc_lib] CMD enviado: G 73 160
[cnc_lib] CMD enviado: G 72 159
[cnc_lib] CMD enviado: G 72 158
[cnc_lib] CMD enviado: G 71 157
[cnc_lib] CMD enviado: G 71 156
[cnc_lib] CMD enviado: G 70 155
[cnc_lib] CMD enviado: G 70 154
[cnc_lib] CMD enviado: G 69 153
[cnc_lib] CMD enviado: G 69 152
[cnc_lib] CMD enviado: G 68 151
[cnc_lib] CMD enviado: G 68 150
[cnc_lib] CMD enviado: G 67 149
[cnc_lib] CMD enviado: G 67 148
[cnc_lib] CMD enviado: G 66 147
[cnc_lib] CMD enviado: G 66 145
[cnc_lib] CMD enviado: G 65 144
[cnc_lib] CMD enviado: G 65 143
[cnc_lib] CMD enviado: G 64 142
[cnc_lib] CMD enviado: G 64 141
[cnc_lib] CMD enviado: G 63 140
[cnc_lib] CMD enviado: G 63 139
[cnc_lib] CMD enviado: G 62 138
[cnc_lib] CMD enviado: G 62 137
[cnc_lib] CMD enviado: G 61 136
[cnc_lib] CMD enviado: G 61 135
[cnc_lib] CMD enviado: G 60 134
[cnc_lib] CMD enviado: G 60 132
[cnc_lib] CMD enviado: G 59 131
[cnc_lib] CMD enviado: G 59 130
[cnc_lib] CMD enviado: G 58 129
[cnc_lib] CMD enviado: G 58 128
[cnc_lib] CMD enviado: G 57 127
[cnc_lib] CMD enviado: G 57 126
[cnc_lib] CMD enviado: G 56 125
[cnc_lib] CMD enviado: G 56 124
[cnc_lib] CMD enviado: G 55 123
[cnc_lib] CMD enviado: G 55 122
[cnc_lib] CMD enviado: G 54 121
[cnc_lib] CMD enviado: G 54 120
[cnc_lib] CMD enviado: G 53 119
[cnc_lib] CMD enviado: G 53 117
[cnc_lib] CMD enviado: G 52 116
[cnc_lib] CMD enviado: G 52 115
[cnc_lib] CMD enviado: G 51 114
[cnc_lib] CMD enviado: G 51 113
[cnc_lib] CMD enviado: G 50 112
[cnc_lib] CMD enviado: G 50 111
[cnc_lib] CMD enviado: G 49 110
[cnc_lib] CMD enviado: G 49 109
[cnc_lib] CMD enviado: G 48 108
[cnc_lib] CMD enviado: G 48 107
[cnc_lib] CMD enviado: G 47 106
[cnc_lib] CMD enviado: G 47 104
[cnc_lib] CMD enviado: G 46 103
[cnc_lib] CMD enviado: G 46 102
[cnc_lib] CMD enviado: G 45 101
[cnc_lib] CMD enviado: G 45 100
[cnc_lib] CMD enviado: G 44 99
[cnc_lib] CMD enviado: G 44 98
[cnc_lib] CMD enviado: G 43 97
[cnc_lib] CMD enviado: G 43 96
[cnc_lib] CMD enviado: G 42 95
[cnc_lib] CMD enviado: G 42 94
[cnc_lib] CMD enviado: G 41 93
[cnc_lib] CMD enviado: G 41 92
[cnc_lib] CMD enviado: G 40 91
[cnc_lib] CMD enviado: G 40 89
[cnc_lib] CMD enviado: G 39 88
[cnc_lib] CMD enviado: G 39 87
[cnc_lib] CMD enviado: G 38 86
[cnc_lib] CMD enviado: G 38 85
[cnc_lib] CMD enviado: G 37 84
[cnc_lib] CMD enviado: G 37 83
[cnc_lib] CMD enviado: G 36 82
[cnc_lib] CMD enviado: G 36 81
[cnc_lib] CMD enviado: G 35 80
[cnc_lib] CMD enviado: G 35 79
[cnc_lib] CMD enviado: G 34 78
[cnc_lib] CMD enviado: G 34 76
[cnc_lib] CMD enviado: G 33 75
[cnc_lib] CMD enviado: G 33 74
[cnc_lib] CMD enviado: G 32 73
[cnc_lib] CMD enviado: G 32 72
[cnc_lib] CMD enviado: G 31 71
[cnc_lib] CMD enviado: G 31 70
[cnc_lib] CMD enviado: G 30 69
[cnc_lib] CMD enviado: G 30 68
[cnc_lib] CMD enviado: G 29 67
[cnc_lib] CMD enviado: G 29 66
[cnc_lib] CMD enviado: G 28 65
[cnc_lib] CMD enviado: G 28 62
[cnc_lib] CMD enviado: G 27 61
[cnc_lib] CMD enviado: G 27 1
[cnc_lib] CMD enviado: U 0 0
[cnc_lib] Trazado completado (118 puntos)
[cnc_lib] Iniciando trazado: 3 puntos
[cnc_lib] CMD enviado: U 0 0
[cnc_lib] CMD enviado: G 27 1
[cnc_lib] CMD enviado: P 0 0
[cnc_lib] CMD enviado: G 26 0
[cnc_lib] CMD enviado: G 27 0
[cnc_lib] CMD enviado: U 0 0
[cnc_lib] Trazado completado (3 puntos)
[cnc_lib] Iniciando trazado: 3 puntos
[cnc_lib] CMD enviado: U 0 0
[cnc_lib] CMD enviado: G 27 0
[cnc_lib] CMD enviado: P 0 0
[cnc_lib] CMD enviado: G 28 0
[cnc_lib] CMD enviado: G 27 1
[cnc_lib] CMD enviado: U 0 0
[cnc_lib] Trazado completado (3 puntos)
[cnc_lib] Iniciando trazado: 2 puntos
[cnc_lib] CMD enviado: U 0 0
[cnc_lib] CMD enviado: G 27 1
[cnc_lib] CMD enviado: P 0 0
[cnc_lib] CMD enviado: G 27 0
[cnc_lib] CMD enviado: U 0 0
[cnc_lib] Trazado completado (2 puntos)
[cnc_lib] Iniciando trazado: 2 puntos
[cnc_lib] CMD enviado: U 0 0
[cnc_lib] CMD enviado: G 174 99
[cnc_lib] CMD enviado: P 0 0
[cnc_lib] CMD enviado: G 174 116
[cnc_lib] CMD enviado: U 0 0
[cnc_lib] Trazado completado (2 puntos)
[cnc_lib] Iniciando trazado: 2 puntos
[cnc_lib] CMD enviado: U 0 0
[cnc_lib] CMD enviado: G 174 125
[cnc_lib] CMD enviado: P 0 0
[cnc_lib] CMD enviado: G 174 143
[cnc_lib] CMD enviado: U 0 0
[cnc_lib] Trazado completado (2 puntos)
[cnc_lib] Iniciando trazado: 2 puntos
[cnc_lib] CMD enviado: U 0 0
[cnc_lib] CMD enviado: G 174 153
[cnc_lib] CMD enviado: P 0 0
[cnc_lib] CMD enviado: G 174 170
[cnc_lib] CMD enviado: U 0 0
[cnc_lib] Trazado completado (2 puntos)
[cnc_lib] Iniciando trazado: 60 puntos
[cnc_lib] CMD enviado: U 0 0
[cnc_lib] CMD enviado: G 197 161
[cnc_lib] CMD enviado: P 0 0
[cnc_lib] CMD enviado: G 200 161
[cnc_lib] CMD enviado: G 204 165
[cnc_lib] CMD enviado: G 204 166
[cnc_lib] CMD enviado: G 205 167
[cnc_lib] CMD enviado: G 205 168
[cnc_lib] CMD enviado: G 206 169
[cnc_lib] CMD enviado: G 206 170
[cnc_lib] CMD enviado: G 207 171
[cnc_lib] CMD enviado: G 207 172
[cnc_lib] CMD enviado: G 209 174
[cnc_lib] CMD enviado: G 209 175
[cnc_lib] CMD enviado: G 210 176
[cnc_lib] CMD enviado: G 210 177
[cnc_lib] CMD enviado: G 211 178
[cnc_lib] CMD enviado: G 211 179
[cnc_lib] CMD enviado: G 212 180
[cnc_lib] CMD enviado: G 212 181
[cnc_lib] CMD enviado: G 213 182
[cnc_lib] CMD enviado: G 213 183
[cnc_lib] CMD enviado: G 214 184
[cnc_lib] CMD enviado: G 214 185
[cnc_lib] CMD enviado: G 216 187
[cnc_lib] CMD enviado: G 216 188
[cnc_lib] CMD enviado: G 217 189
[cnc_lib] CMD enviado: G 217 190
[cnc_lib] CMD enviado: G 218 191
[cnc_lib] CMD enviado: G 218 192
[cnc_lib] CMD enviado: G 219 193
[cnc_lib] CMD enviado: G 219 194
[cnc_lib] CMD enviado: G 220 195
[cnc_lib] CMD enviado: G 220 196
[cnc_lib] CMD enviado: G 221 197
[cnc_lib] CMD enviado: G 221 198
[cnc_lib] CMD enviado: G 222 199
[cnc_lib] CMD enviado: G 222 200
[cnc_lib] CMD enviado: G 224 202
[cnc_lib] CMD enviado: G 224 203
[cnc_lib] CMD enviado: G 225 204
[cnc_lib] CMD enviado: G 225 205
[cnc_lib] CMD enviado: G 226 206
[cnc_lib] CMD enviado: G 226 207
[cnc_lib] CMD enviado: G 227 208
[cnc_lib] CMD enviado: G 227 209
[cnc_lib] CMD enviado: G 228 210
[cnc_lib] CMD enviado: G 228 211
[cnc_lib] CMD enviado: G 230 213
[cnc_lib] CMD enviado: G 230 214
[cnc_lib] CMD enviado: G 231 215
[cnc_lib] CMD enviado: G 231 216
[cnc_lib] CMD enviado: G 232 217
[cnc_lib] CMD enviado: G 232 218
[cnc_lib] CMD enviado: G 233 219
[cnc_lib] CMD enviado: G 233 331
[cnc_lib] CMD enviado: G 384 482
[cnc_lib] CMD enviado: G 419 482
[cnc_lib] CMD enviado: G 420 483
[cnc_lib] CMD enviado: G 421 483
[cnc_lib] CMD enviado: G 422 482
[cnc_lib] CMD enviado: G 445 482
[cnc_lib] CMD enviado: U 0 0
[cnc_lib] Trazado completado (60 puntos)
[cnc_lib] Iniciando trazado: 84 puntos
[cnc_lib] CMD enviado: U 0 0
[cnc_lib] CMD enviado: G 445 469
[cnc_lib] CMD enviado: P 0 0
[cnc_lib] CMD enviado: G 386 469
[cnc_lib] CMD enviado: G 385 468
[cnc_lib] CMD enviado: G 383 468
[cnc_lib] CMD enviado: G 242 327
[cnc_lib] CMD enviado: G 242 215
[cnc_lib] CMD enviado: G 241 214
[cnc_lib] CMD enviado: G 241 213
[cnc_lib] CMD enviado: G 240 212
[cnc_lib] CMD enviado: G 240 211
[cnc_lib] CMD enviado: G 239 210
[cnc_lib] CMD enviado: G 239 209
[cnc_lib] CMD enviado: G 238 208
[cnc_lib] CMD enviado: G 238 207
[cnc_lib] CMD enviado: G 237 206
[cnc_lib] CMD enviado: G 237 205
[cnc_lib] CMD enviado: G 236 204
[cnc_lib] CMD enviado: G 236 203
[cnc_lib] CMD enviado: G 235 202
[cnc_lib] CMD enviado: G 235 201
[cnc_lib] CMD enviado: G 234 200
[cnc_lib] CMD enviado: G 234 199
[cnc_lib] CMD enviado: G 233 198
[cnc_lib] CMD enviado: G 233 197
[cnc_lib] CMD enviado: G 232 196
[cnc_lib] CMD enviado: G 232 195
[cnc_lib] CMD enviado: G 231 194
[cnc_lib] CMD enviado: G 231 193
[cnc_lib] CMD enviado: G 230 192
[cnc_lib] CMD enviado: G 230 191
[cnc_lib] CMD enviado: G 229 190
[cnc_lib] CMD enviado: G 229 189
[cnc_lib] CMD enviado: G 228 188
[cnc_lib] CMD enviado: G 228 187
[cnc_lib] CMD enviado: G 227 186
[cnc_lib] CMD enviado: G 227 185
[cnc_lib] CMD enviado: G 226 184
[cnc_lib] CMD enviado: G 226 183
[cnc_lib] CMD enviado: G 225 182
[cnc_lib] CMD enviado: G 225 181
[cnc_lib] CMD enviado: G 224 180
[cnc_lib] CMD enviado: G 224 179
[cnc_lib] CMD enviado: G 223 178
[cnc_lib] CMD enviado: G 223 177
[cnc_lib] CMD enviado: G 222 176
[cnc_lib] CMD enviado: G 222 175
[cnc_lib] CMD enviado: G 221 174
[cnc_lib] CMD enviado: G 221 173
[cnc_lib] CMD enviado: G 220 172
[cnc_lib] CMD enviado: G 220 171
[cnc_lib] CMD enviado: G 219 170
[cnc_lib] CMD enviado: G 219 169
[cnc_lib] CMD enviado: G 218 168
[cnc_lib] CMD enviado: G 218 167
[cnc_lib] CMD enviado: G 217 166
[cnc_lib] CMD enviado: G 217 165
[cnc_lib] CMD enviado: G 216 164
[cnc_lib] CMD enviado: G 216 163
[cnc_lib] CMD enviado: G 215 162
[cnc_lib] CMD enviado: G 215 161
[cnc_lib] CMD enviado: G 214 160
[cnc_lib] CMD enviado: G 214 159
[cnc_lib] CMD enviado: G 213 158
[cnc_lib] CMD enviado: G 213 157
[cnc_lib] CMD enviado: G 212 156
[cnc_lib] CMD enviado: G 212 155
[cnc_lib] CMD enviado: G 211 154
[cnc_lib] CMD enviado: G 211 153
[cnc_lib] CMD enviado: G 210 152
[cnc_lib] CMD enviado: G 210 151
[cnc_lib] CMD enviado: G 209 150
[cnc_lib] CMD enviado: G 209 149
[cnc_lib] CMD enviado: G 208 148
[cnc_lib] CMD enviado: G 208 147
[cnc_lib] CMD enviado: G 207 146
[cnc_lib] CMD enviado: G 207 145
[cnc_lib] CMD enviado: G 206 144
[cnc_lib] CMD enviado: G 206 142
[cnc_lib] CMD enviado: G 205 141
[cnc_lib] CMD enviado: G 205 140
[cnc_lib] CMD enviado: G 203 138
[cnc_lib] CMD enviado: G 203 137
[cnc_lib] CMD enviado: G 200 134
[cnc_lib] CMD enviado: G 197 134
[cnc_lib] CMD enviado: U 0 0
[cnc_lib] Trazado completado (84 puntos)
[cnc_lib] Iniciando trazado: 16 puntos
[cnc_lib] CMD enviado: U 0 0
[cnc_lib] CMD enviado: G 196 108
[cnc_lib] CMD enviado: P 0 0
[cnc_lib] CMD enviado: G 194 110
[cnc_lib] CMD enviado: G 194 111
[cnc_lib] CMD enviado: G 192 113
[cnc_lib] CMD enviado: G 191 113
[cnc_lib] CMD enviado: G 190 114
[cnc_lib] CMD enviado: G 186 114
[cnc_lib] CMD enviado: G 182 110
[cnc_lib] CMD enviado: G 182 105
[cnc_lib] CMD enviado: G 186 101
[cnc_lib] CMD enviado: G 190 101
[cnc_lib] CMD enviado: G 191 102
[cnc_lib] CMD enviado: G 192 102
[cnc_lib] CMD enviado: G 193 103
[cnc_lib] CMD enviado: G 193 104
[cnc_lib] CMD enviado: G 196 107
[cnc_lib] CMD enviado: U 0 0
[cnc_lib] Trazado completado (16 puntos)
[cnc_lib] Iniciando trazado: 2 puntos
[cnc_lib] CMD enviado: U 0 0
[cnc_lib] CMD enviado: G 196 107
[cnc_lib] CMD enviado: P 0 0
[cnc_lib] CMD enviado: G 197 107
[cnc_lib] CMD enviado: U 0 0
[cnc_lib] Trazado completado (2 puntos)
[cnc_lib] Iniciando trazado: 106 puntos
[cnc_lib] CMD enviado: U 0 0
[cnc_lib] CMD enviado: G 197 107
[cnc_lib] CMD enviado: P 0 0
[cnc_lib] CMD enviado: G 200 107
[cnc_lib] CMD enviado: G 203 110
[cnc_lib] CMD enviado: G 203 111
[cnc_lib] CMD enviado: G 204 112
[cnc_lib] CMD enviado: G 204 113
[cnc_lib] CMD enviado: G 205 114
[cnc_lib] CMD enviado: G 205 115
[cnc_lib] CMD enviado: G 206 116
[cnc_lib] CMD enviado: G 206 117
[cnc_lib] CMD enviado: G 207 118
[cnc_lib] CMD enviado: G 207 119
[cnc_lib] CMD enviado: G 208 120
[cnc_lib] CMD enviado: G 208 121
[cnc_lib] CMD enviado: G 209 122
[cnc_lib] CMD enviado: G 209 123
[cnc_lib] CMD enviado: G 210 124
[cnc_lib] CMD enviado: G 210 126
[cnc_lib] CMD enviado: G 211 127
[cnc_lib] CMD enviado: G 211 128
[cnc_lib] CMD enviado: G 212 129
[cnc_lib] CMD enviado: G 212 130
[cnc_lib] CMD enviado: G 213 131
[cnc_lib] CMD enviado: G 213 132
[cnc_lib] CMD enviado: G 214 133
[cnc_lib] CMD enviado: G 214 134
[cnc_lib] CMD enviado: G 215 135
[cnc_lib] CMD enviado: G 215 136
[cnc_lib] CMD enviado: G 216 137
[cnc_lib] CMD enviado: G 216 138
[cnc_lib] CMD enviado: G 217 139
[cnc_lib] CMD enviado: G 217 140
[cnc_lib] CMD enviado: G 218 141
[cnc_lib] CMD enviado: G 218 142
[cnc_lib] CMD enviado: G 219 143
[cnc_lib] CMD enviado: G 219 144
[cnc_lib] CMD enviado: G 220 145
[cnc_lib] CMD enviado: G 220 147
[cnc_lib] CMD enviado: G 221 148
[cnc_lib] CMD enviado: G 221 149
[cnc_lib] CMD enviado: G 222 150
[cnc_lib] CMD enviado: G 222 151
[cnc_lib] CMD enviado: G 223 152
[cnc_lib] CMD enviado: G 223 153
[cnc_lib] CMD enviado: G 224 154
[cnc_lib] CMD enviado: G 224 155
[cnc_lib] CMD enviado: G 225 156
[cnc_lib] CMD enviado: G 225 157
[cnc_lib] CMD enviado: G 226 158
[cnc_lib] CMD enviado: G 226 159
[cnc_lib] CMD enviado: G 227 160
[cnc_lib] CMD enviado: G 227 161
[cnc_lib] CMD enviado: G 228 162
[cnc_lib] CMD enviado: G 228 163
[cnc_lib] CMD enviado: G 229 164
[cnc_lib] CMD enviado: G 229 165
[cnc_lib] CMD enviado: G 230 166
[cnc_lib] CMD enviado: G 230 167
[cnc_lib] CMD enviado: G 231 168
[cnc_lib] CMD enviado: G 231 170
[cnc_lib] CMD enviado: G 232 171
[cnc_lib] CMD enviado: G 232 172
[cnc_lib] CMD enviado: G 233 173
[cnc_lib] CMD enviado: G 233 174
[cnc_lib] CMD enviado: G 234 175
[cnc_lib] CMD enviado: G 234 176
[cnc_lib] CMD enviado: G 235 177
[cnc_lib] CMD enviado: G 235 178
[cnc_lib] CMD enviado: G 236 179
[cnc_lib] CMD enviado: G 236 180
[cnc_lib] CMD enviado: G 237 181
[cnc_lib] CMD enviado: G 237 182
[cnc_lib] CMD enviado: G 238 183
[cnc_lib] CMD enviado: G 238 184
[cnc_lib] CMD enviado: G 239 185
[cnc_lib] CMD enviado: G 239 186
[cnc_lib] CMD enviado: G 240 187
[cnc_lib] CMD enviado: G 240 188
[cnc_lib] CMD enviado: G 241 189
[cnc_lib] CMD enviado: G 241 190
[cnc_lib] CMD enviado: G 242 191
[cnc_lib] CMD enviado: G 242 192
[cnc_lib] CMD enviado: G 243 193
[cnc_lib] CMD enviado: G 243 195
[cnc_lib] CMD enviado: G 244 196
[cnc_lib] CMD enviado: G 244 197
[cnc_lib] CMD enviado: G 245 198
[cnc_lib] CMD enviado: G 245 199
[cnc_lib] CMD enviado: G 246 200
[cnc_lib] CMD enviado: G 246 201
[cnc_lib] CMD enviado: G 247 202
[cnc_lib] CMD enviado: G 247 203
[cnc_lib] CMD enviado: G 248 204
[cnc_lib] CMD enviado: G 248 205
[cnc_lib] CMD enviado: G 249 206
[cnc_lib] CMD enviado: G 249 207
[cnc_lib] CMD enviado: G 250 208
[cnc_lib] CMD enviado: G 250 210
[cnc_lib] CMD enviado: G 251 211
[cnc_lib] CMD enviado: G 251 322
[cnc_lib] CMD enviado: G 384 455
[cnc_lib] CMD enviado: G 419 455
[cnc_lib] CMD enviado: G 420 456
[cnc_lib] CMD enviado: G 422 456
[cnc_lib] CMD enviado: G 423 455
[cnc_lib] CMD enviado: G 445 455
[cnc_lib] CMD enviado: U 0 0
[cnc_lib] Trazado completado (106 puntos)
[cnc_lib] Iniciando trazado: 120 puntos
[cnc_lib] CMD enviado: U 0 0
[cnc_lib] CMD enviado: G 445 442
[cnc_lib] CMD enviado: P 0 0
[cnc_lib] CMD enviado: G 385 442
[cnc_lib] CMD enviado: G 384 441
[cnc_lib] CMD enviado: G 383 441
[cnc_lib] CMD enviado: G 260 318
[cnc_lib] CMD enviado: G 260 206
[cnc_lib] CMD enviado: G 259 205
[cnc_lib] CMD enviado: G 259 204
[cnc_lib] CMD enviado: G 258 203
[cnc_lib] CMD enviado: G 258 202
[cnc_lib] CMD enviado: G 257 201
[cnc_lib] CMD enviado: G 257 199
[cnc_lib] CMD enviado: G 256 198
[cnc_lib] CMD enviado: G 256 197
[cnc_lib] CMD enviado: G 255 196
[cnc_lib] CMD enviado: G 255 195
[cnc_lib] CMD enviado: G 254 194
[cnc_lib] CMD enviado: G 254 193
[cnc_lib] CMD enviado: G 253 192
[cnc_lib] CMD enviado: G 253 191
[cnc_lib] CMD enviado: G 252 190
[cnc_lib] CMD enviado: G 252 189
[cnc_lib] CMD enviado: G 251 188
[cnc_lib] CMD enviado: G 251 187
[cnc_lib] CMD enviado: G 250 186
[cnc_lib] CMD enviado: G 250 184
[cnc_lib] CMD enviado: G 249 183
[cnc_lib] CMD enviado: G 249 182
[cnc_lib] CMD enviado: G 248 181
[cnc_lib] CMD enviado: G 248 180
[cnc_lib] CMD enviado: G 247 179
[cnc_lib] CMD enviado: G 247 178
[cnc_lib] CMD enviado: G 246 177
[cnc_lib] CMD enviado: G 246 176
[cnc_lib] CMD enviado: G 245 175
[cnc_lib] CMD enviado: G 245 174
[cnc_lib] CMD enviado: G 244 173
[cnc_lib] CMD enviado: G 244 171
[cnc_lib] CMD enviado: G 243 170
[cnc_lib] CMD enviado: G 243 169
[cnc_lib] CMD enviado: G 242 168
[cnc_lib] CMD enviado: G 242 167
[cnc_lib] CMD enviado: G 241 166
[cnc_lib] CMD enviado: G 241 165
[cnc_lib] CMD enviado: G 240 164
[cnc_lib] CMD enviado: G 240 163
[cnc_lib] CMD enviado: G 239 162
[cnc_lib] CMD enviado: G 239 161
[cnc_lib] CMD enviado: G 238 160
[cnc_lib] CMD enviado: G 238 159
[cnc_lib] CMD enviado: G 237 158
[cnc_lib] CMD enviado: G 237 156
[cnc_lib] CMD enviado: G 236 155
[cnc_lib] CMD enviado: G 236 154
[cnc_lib] CMD enviado: G 235 153
[cnc_lib] CMD enviado: G 235 152
[cnc_lib] CMD enviado: G 234 151
[cnc_lib] CMD enviado: G 234 150
[cnc_lib] CMD enviado: G 233 149
[cnc_lib] CMD enviado: G 233 148
[cnc_lib] CMD enviado: G 232 147
[cnc_lib] CMD enviado: G 232 146
[cnc_lib] CMD enviado: G 231 145
[cnc_lib] CMD enviado: G 231 143
[cnc_lib] CMD enviado: G 230 142
[cnc_lib] CMD enviado: G 230 141
[cnc_lib] CMD enviado: G 229 140
[cnc_lib] CMD enviado: G 229 139
[cnc_lib] CMD enviado: G 228 138
[cnc_lib] CMD enviado: G 228 137
[cnc_lib] CMD enviado: G 227 136
[cnc_lib] CMD enviado: G 227 135
[cnc_lib] CMD enviado: G 226 134
[cnc_lib] CMD enviado: G 226 133
[cnc_lib] CMD enviado: G 225 132
[cnc_lib] CMD enviado: G 225 131
[cnc_lib] CMD enviado: G 224 130
[cnc_lib] CMD enviado: G 224 128
[cnc_lib] CMD enviado: G 223 127
[cnc_lib] CMD enviado: G 223 126
[cnc_lib] CMD enviado: G 222 125
[cnc_lib] CMD enviado: G 222 124
[cnc_lib] CMD enviado: G 221 123
[cnc_lib] CMD enviado: G 221 122
[cnc_lib] CMD enviado: G 220 121
[cnc_lib] CMD enviado: G 220 120
[cnc_lib] CMD enviado: G 219 119
[cnc_lib] CMD enviado: G 219 118
[cnc_lib] CMD enviado: G 218 117
[cnc_lib] CMD enviado: G 218 115
[cnc_lib] CMD enviado: G 217 114
[cnc_lib] CMD enviado: G 217 113
[cnc_lib] CMD enviado: G 216 112
[cnc_lib] CMD enviado: G 216 111
[cnc_lib] CMD enviado: G 215 110
[cnc_lib] CMD enviado: G 215 109
[cnc_lib] CMD enviado: G 214 108
[cnc_lib] CMD enviado: G 214 107
[cnc_lib] CMD enviado: G 213 106
[cnc_lib] CMD enviado: G 213 105
[cnc_lib] CMD enviado: G 212 104
[cnc_lib] CMD enviado: G 212 102
[cnc_lib] CMD enviado: G 211 101
[cnc_lib] CMD enviado: G 211 100
[cnc_lib] CMD enviado: G 210 99
[cnc_lib] CMD enviado: G 210 98
[cnc_lib] CMD enviado: G 209 97
[cnc_lib] CMD enviado: G 209 96
[cnc_lib] CMD enviado: G 208 95
[cnc_lib] CMD enviado: G 208 94
[cnc_lib] CMD enviado: G 207 93
[cnc_lib] CMD enviado: G 207 92
[cnc_lib] CMD enviado: G 206 91
[cnc_lib] CMD enviado: G 206 90
[cnc_lib] CMD enviado: G 205 89
[cnc_lib] CMD enviado: G 205 87
[cnc_lib] CMD enviado: G 204 86
[cnc_lib] CMD enviado: G 204 85
[cnc_lib] CMD enviado: G 200 81
[cnc_lib] CMD enviado: G 197 81
[cnc_lib] CMD enviado: U 0 0
[cnc_lib] Trazado completado (120 puntos)
[cnc_lib] Iniciando trazado: 2 puntos
[cnc_lib] CMD enviado: U 0 0
[cnc_lib] CMD enviado: G 197 107
[cnc_lib] CMD enviado: P 0 0
[cnc_lib] CMD enviado: G 196 108
[cnc_lib] CMD enviado: U 0 0
[cnc_lib] Trazado completado (2 puntos)
[cnc_lib] Iniciando trazado: 2 puntos
[cnc_lib] CMD enviado: U 0 0
[cnc_lib] CMD enviado: G 196 108
[cnc_lib] CMD enviado: P 0 0
[cnc_lib] CMD enviado: G 196 107
[cnc_lib] CMD enviado: U 0 0
[cnc_lib] Trazado completado (2 puntos)
[cnc_lib] Iniciando trazado: 34 puntos
[cnc_lib] CMD enviado: U 0 0
[cnc_lib] CMD enviado: G 197 188
[cnc_lib] CMD enviado: P 0 0
[cnc_lib] CMD enviado: G 200 188
[cnc_lib] CMD enviado: G 205 193
[cnc_lib] CMD enviado: G 205 194
[cnc_lib] CMD enviado: G 207 196
[cnc_lib] CMD enviado: G 207 197
[cnc_lib] CMD enviado: G 208 198
[cnc_lib] CMD enviado: G 208 199
[cnc_lib] CMD enviado: G 210 201
[cnc_lib] CMD enviado: G 210 202
[cnc_lib] CMD enviado: G 212 204
[cnc_lib] CMD enviado: G 212 205
[cnc_lib] CMD enviado: G 213 206
[cnc_lib] CMD enviado: G 213 207
[cnc_lib] CMD enviado: G 215 209
[cnc_lib] CMD enviado: G 215 210
[cnc_lib] CMD enviado: G 216 211
[cnc_lib] CMD enviado: G 216 212
[cnc_lib] CMD enviado: G 218 214
[cnc_lib] CMD enviado: G 218 215
[cnc_lib] CMD enviado: G 220 217
[cnc_lib] CMD enviado: G 220 218
[cnc_lib] CMD enviado: G 221 219
[cnc_lib] CMD enviado: G 221 220
[cnc_lib] CMD enviado: G 223 222
[cnc_lib] CMD enviado: G 223 223
[cnc_lib] CMD enviado: G 224 224
[cnc_lib] CMD enviado: G 224 335
[cnc_lib] CMD enviado: G 384 495
[cnc_lib] CMD enviado: G 385 495
[cnc_lib] CMD enviado: G 386 496
[cnc_lib] CMD enviado: G 427 496
[cnc_lib] CMD enviado: G 428 495
[cnc_lib] CMD enviado: G 445 495
[cnc_lib] CMD enviado: U 0 0
[cnc_lib] Trazado completado (34 puntos)
[cnc_lib] Iniciando trazado: 8 puntos
[cnc_lib] CMD enviado: U 0 0
[cnc_lib] CMD enviado: G 445 509
[cnc_lib] CMD enviado: P 0 0
[cnc_lib] CMD enviado: G 375 509
[cnc_lib] CMD enviado: G 313 447
[cnc_lib] CMD enviado: G 312 447
[cnc_lib] CMD enviado: G 311 446
[cnc_lib] CMD enviado: G 298 446
[cnc_lib] CMD enviado: G 297 447
[cnc_lib] CMD enviado: G 295 447
[cnc_lib] CMD enviado: U 0 0
[cnc_lib] Trazado completado (8 puntos)
[cnc_lib] Iniciando trazado: 2 puntos
[cnc_lib] CMD enviado: U 0 0
[cnc_lib] CMD enviado: G 385 428
[cnc_lib] CMD enviado: P 0 0
[cnc_lib] CMD enviado: G 386 428
[cnc_lib] CMD enviado: U 0 0
[cnc_lib] Trazado completado (2 puntos)
[cnc_lib] Iniciando trazado: 2 puntos
[cnc_lib] CMD enviado: U 0 0
[cnc_lib] CMD enviado: G 386 428
[cnc_lib] CMD enviado: P 0 0
[cnc_lib] CMD enviado: G 386 429
[cnc_lib] CMD enviado: U 0 0
[cnc_lib] Trazado completado (2 puntos)
[cnc_lib] Iniciando trazado: 2 puntos
[cnc_lib] CMD enviado: U 0 0
[cnc_lib] CMD enviado: G 386 429
[cnc_lib] CMD enviado: P 0 0
[cnc_lib] CMD enviado: G 385 428
[cnc_lib] CMD enviado: U 0 0
[cnc_lib] Trazado completado (2 puntos)
[cnc_lib] Iniciando trazado: 2 puntos
[cnc_lib] CMD enviado: U 0 0
[cnc_lib] CMD enviado: G 386 428
[cnc_lib] CMD enviado: P 0 0
[cnc_lib] CMD enviado: G 387 429
[cnc_lib] CMD enviado: U 0 0
[cnc_lib] Trazado completado (2 puntos)
[cnc_lib] Iniciando trazado: 2 puntos
[cnc_lib] CMD enviado: U 0 0
[cnc_lib] CMD enviado: G 387 429
[cnc_lib] CMD enviado: P 0 0
[cnc_lib] CMD enviado: G 386 429
[cnc_lib] CMD enviado: U 0 0
[cnc_lib] Trazado completado (2 puntos)
[cnc_lib] Iniciando trazado: 2 puntos
[cnc_lib] CMD enviado: U 0 0
[cnc_lib] CMD enviado: G 387 429
[cnc_lib] CMD enviado: P 0 0
[cnc_lib] CMD enviado: G 400 429
[cnc_lib] CMD enviado: U 0 0
[cnc_lib] Trazado completado (2 puntos)
[cnc_lib] Iniciando trazado: 2 puntos
[cnc_lib] CMD enviado: U 0 0
[cnc_lib] CMD enviado: G 406 429
[cnc_lib] CMD enviado: P 0 0
[cnc_lib] CMD enviado: G 415 429
[cnc_lib] CMD enviado: U 0 0
[cnc_lib] Trazado completado (2 puntos)
[cnc_lib] Iniciando trazado: 2 puntos
[cnc_lib] CMD enviado: U 0 0
[cnc_lib] CMD enviado: G 418 429
[cnc_lib] CMD enviado: P 0 0
[cnc_lib] CMD enviado: G 444 429
[cnc_lib] CMD enviado: U 0 0
[cnc_lib] Trazado completado (2 puntos)
[cnc_lib] Iniciando trazado: 13 puntos
[cnc_lib] CMD enviado: U 0 0
[cnc_lib] CMD enviado: G 510 417
[cnc_lib] CMD enviado: P 0 0
[cnc_lib] CMD enviado: G 510 394
[cnc_lib] CMD enviado: G 509 393
[cnc_lib] CMD enviado: G 510 392
[cnc_lib] CMD enviado: G 510 385
[cnc_lib] CMD enviado: G 448 323
[cnc_lib] CMD enviado: G 448 321
[cnc_lib] CMD enviado: G 447 320
[cnc_lib] CMD enviado: G 447 157
[cnc_lib] CMD enviado: G 408 118
[cnc_lib] CMD enviado: G 408 117
[cnc_lib] CMD enviado: G 407 116
[cnc_lib] CMD enviado: G 407 112
[cnc_lib] CMD enviado: U 0 0
[cnc_lib] Trazado completado (13 puntos)
[cnc_lib] Iniciando trazado: 2 puntos
[cnc_lib] CMD enviado: U 0 0
[cnc_lib] CMD enviado: G 407 112
[cnc_lib] CMD enviado: P 0 0
[cnc_lib] CMD enviado: G 406 111
[cnc_lib] CMD enviado: U 0 0
[cnc_lib] Trazado completado (2 puntos)
[cnc_lib] Iniciando trazado: 20 puntos
[cnc_lib] CMD enviado: U 0 0
[cnc_lib] CMD enviado: G 406 111
[cnc_lib] CMD enviado: P 0 0
[cnc_lib] CMD enviado: G 401 106
[cnc_lib] CMD enviado: G 401 105
[cnc_lib] CMD enviado: G 400 104
[cnc_lib] CMD enviado: G 400 102
[cnc_lib] CMD enviado: G 401 101
[cnc_lib] CMD enviado: G 401 100
[cnc_lib] CMD enviado: G 405 96
[cnc_lib] CMD enviado: G 408 96
[cnc_lib] CMD enviado: G 409 97
[cnc_lib] CMD enviado: G 410 97
[cnc_lib] CMD enviado: G 413 100
[cnc_lib] CMD enviado: G 413 101
[cnc_lib] CMD enviado: G 414 102
[cnc_lib] CMD enviado: G 414 104
[cnc_lib] CMD enviado: G 413 105
[cnc_lib] CMD enviado: G 413 106
[cnc_lib] CMD enviado: G 409 110
[cnc_lib] CMD enviado: G 408 110
[cnc_lib] CMD enviado: G 407 111
[cnc_lib] CMD enviado: U 0 0
[cnc_lib] Trazado completado (20 puntos)
[cnc_lib] Iniciando trazado: 2 puntos
[cnc_lib] CMD enviado: U 0 0
[cnc_lib] CMD enviado: G 407 111
[cnc_lib] CMD enviado: P 0 0
[cnc_lib] CMD enviado: G 406 111
[cnc_lib] CMD enviado: U 0 0
[cnc_lib] Trazado completado (2 puntos)
[cnc_lib] Iniciando trazado: 2 puntos
[cnc_lib] CMD enviado: U 0 0
[cnc_lib] CMD enviado: G 407 111
[cnc_lib] CMD enviado: P 0 0
[cnc_lib] CMD enviado: G 407 112
[cnc_lib] CMD enviado: U 0 0
[cnc_lib] Trazado completado (2 puntos)
[cnc_lib] Iniciando trazado: 2 puntos
[cnc_lib] CMD enviado: U 0 0
[cnc_lib] CMD enviado: G 455 82
[cnc_lib] CMD enviado: P 0 0
[cnc_lib] CMD enviado: G 456 81
[cnc_lib] CMD enviado: U 0 0
[cnc_lib] Trazado completado (2 puntos)
[cnc_lib] Iniciando trazado: 6 puntos
[cnc_lib] CMD enviado: U 0 0
[cnc_lib] CMD enviado: G 456 81
[cnc_lib] CMD enviado: P 0 0
[cnc_lib] CMD enviado: G 456 55
[cnc_lib] CMD enviado: G 455 54
[cnc_lib] CMD enviado: G 455 53
[cnc_lib] CMD enviado: G 429 27
[cnc_lib] CMD enviado: G 429 1
[cnc_lib] CMD enviado: U 0 0
[cnc_lib] Trazado completado (6 puntos)
[cnc_lib] Iniciando trazado: 2 puntos
[cnc_lib] CMD enviado: U 0 0
[cnc_lib] CMD enviado: G 429 1
[cnc_lib] CMD enviado: P 0 0
[cnc_lib] CMD enviado: G 428 0
[cnc_lib] CMD enviado: U 0 0
[cnc_lib] Trazado completado (2 puntos)
[cnc_lib] Iniciando trazado: 2 puntos
[cnc_lib] CMD enviado: U 0 0
[cnc_lib] CMD enviado: G 428 0
[cnc_lib] CMD enviado: P 0 0
[cnc_lib] CMD enviado: G 427 0
[cnc_lib] CMD enviado: U 0 0
[cnc_lib] Trazado completado (2 puntos)
[cnc_lib] Iniciando trazado: 2 puntos
[cnc_lib] CMD enviado: U 0 0
[cnc_lib] CMD enviado: G 428 0
[cnc_lib] CMD enviado: P 0 0
[cnc_lib] CMD enviado: G 429 0
[cnc_lib] CMD enviado: U 0 0
[cnc_lib] Trazado completado (2 puntos)
[cnc_lib] Iniciando trazado: 2 puntos
[cnc_lib] CMD enviado: U 0 0
[cnc_lib] CMD enviado: G 429 0
[cnc_lib] CMD enviado: P 0 0
[cnc_lib] CMD enviado: G 430 0
[cnc_lib] CMD enviado: U 0 0
[cnc_lib] Trazado completado (2 puntos)
[cnc_lib] Iniciando trazado: 2 puntos
[cnc_lib] CMD enviado: U 0 0
[cnc_lib] CMD enviado: G 430 0
[cnc_lib] CMD enviado: P 0 0
[cnc_lib] CMD enviado: G 431 0
[cnc_lib] CMD enviado: U 0 0
[cnc_lib] Trazado completado (2 puntos)
[cnc_lib] Iniciando trazado: 2 puntos
[cnc_lib] CMD enviado: U 0 0
[cnc_lib] CMD enviado: G 430 0
[cnc_lib] CMD enviado: P 0 0
[cnc_lib] CMD enviado: G 429 1
[cnc_lib] CMD enviado: U 0 0
[cnc_lib] Trazado completado (2 puntos)
[cnc_lib] Iniciando trazado: 2 puntos
[cnc_lib] CMD enviado: U 0 0
[cnc_lib] CMD enviado: G 429 1
[cnc_lib] CMD enviado: P 0 0
[cnc_lib] CMD enviado: G 429 0
[cnc_lib] CMD enviado: U 0 0
[cnc_lib] Trazado completado (2 puntos)
[cnc_lib] Iniciando trazado: 2 puntos
[cnc_lib] CMD enviado: U 0 0
[cnc_lib] CMD enviado: G 450 0
[cnc_lib] CMD enviado: P 0 0
[cnc_lib] CMD enviado: G 451 0
[cnc_lib] CMD enviado: U 0 0
[cnc_lib] Trazado completado (2 puntos)
[cnc_lib] Iniciando trazado: 2 puntos
[cnc_lib] CMD enviado: U 0 0
[cnc_lib] CMD enviado: G 451 0
[cnc_lib] CMD enviado: P 0 0
[cnc_lib] CMD enviado: G 452 0
[cnc_lib] CMD enviado: U 0 0
[cnc_lib] Trazado completado (2 puntos)
[cnc_lib] Iniciando trazado: 3 puntos
[cnc_lib] CMD enviado: U 0 0
[cnc_lib] CMD enviado: G 452 0
[cnc_lib] CMD enviado: P 0 0
[cnc_lib] CMD enviado: G 453 0
[cnc_lib] CMD enviado: G 452 1
[cnc_lib] CMD enviado: U 0 0
[cnc_lib] Trazado completado (3 puntos)
[cnc_lib] Iniciando trazado: 2 puntos
[cnc_lib] CMD enviado: U 0 0
[cnc_lib] CMD enviado: G 452 1
[cnc_lib] CMD enviado: P 0 0
[cnc_lib] CMD enviado: G 451 0
[cnc_lib] CMD enviado: U 0 0
[cnc_lib] Trazado completado (2 puntos)
[cnc_lib] Iniciando trazado: 2 puntos
[cnc_lib] CMD enviado: U 0 0
[cnc_lib] CMD enviado: G 452 0
[cnc_lib] CMD enviado: P 0 0
[cnc_lib] CMD enviado: G 452 1
[cnc_lib] CMD enviado: U 0 0
[cnc_lib] Trazado completado (2 puntos)
[cnc_lib] Iniciando trazado: 9 puntos
[cnc_lib] CMD enviado: U 0 0
[cnc_lib] CMD enviado: G 452 1
[cnc_lib] CMD enviado: P 0 0
[cnc_lib] CMD enviado: G 452 27
[cnc_lib] CMD enviado: G 453 28
[cnc_lib] CMD enviado: G 453 29
[cnc_lib] CMD enviado: G 478 54
[cnc_lib] CMD enviado: G 478 100
[cnc_lib] CMD enviado: G 479 101
[cnc_lib] CMD enviado: G 478 102
[cnc_lib] CMD enviado: G 478 103
[cnc_lib] CMD enviado: U 0 0
[cnc_lib] Trazado completado (9 puntos)
[cnc_lib] Iniciando trazado: 2 puntos
[cnc_lib] CMD enviado: U 0 0
[cnc_lib] CMD enviado: G 478 103
[cnc_lib] CMD enviado: P 0 0
[cnc_lib] CMD enviado: G 478 104
[cnc_lib] CMD enviado: U 0 0
[cnc_lib] Trazado completado (2 puntos)
[cnc_lib] Iniciando trazado: 2 puntos
[cnc_lib] CMD enviado: U 0 0
[cnc_lib] CMD enviado: G 478 104
[cnc_lib] CMD enviado: P 0 0
[cnc_lib] CMD enviado: G 479 104
[cnc_lib] CMD enviado: U 0 0
[cnc_lib] Trazado completado (2 puntos)
[cnc_lib] Iniciando trazado: 2 puntos
[cnc_lib] CMD enviado: U 0 0
[cnc_lib] CMD enviado: G 479 104
[cnc_lib] CMD enviado: P 0 0
[cnc_lib] CMD enviado: G 478 103
[cnc_lib] CMD enviado: U 0 0
[cnc_lib] Trazado completado (2 puntos)
[cnc_lib] Iniciando trazado: 12 puntos
[cnc_lib] CMD enviado: U 0 0
[cnc_lib] CMD enviado: G 478 104
[cnc_lib] CMD enviado: P 0 0
[cnc_lib] CMD enviado: G 472 110
[cnc_lib] CMD enviado: G 472 115
[cnc_lib] CMD enviado: G 475 118
[cnc_lib] CMD enviado: G 482 118
[cnc_lib] CMD enviado: G 484 116
[cnc_lib] CMD enviado: G 484 115
[cnc_lib] CMD enviado: G 485 114
[cnc_lib] CMD enviado: G 485 110
[cnc_lib] CMD enviado: G 484 109
[cnc_lib] CMD enviado: G 484 108
[cnc_lib] CMD enviado: G 483 107
[cnc_lib] CMD enviado: U 0 0
[cnc_lib] Trazado completado (12 puntos)
[cnc_lib] Iniciando trazado: 3 puntos
[cnc_lib] CMD enviado: U 0 0
[cnc_lib] CMD enviado: G 483 107
[cnc_lib] CMD enviado: P 0 0
[cnc_lib] CMD enviado: G 501 89
[cnc_lib] CMD enviado: G 501 71
[cnc_lib] CMD enviado: U 0 0
[cnc_lib] Trazado completado (3 puntos)
[cnc_lib] Iniciando trazado: 2 puntos
[cnc_lib] CMD enviado: U 0 0
[cnc_lib] CMD enviado: G 501 71
[cnc_lib] CMD enviado: P 0 0
[cnc_lib] CMD enviado: G 500 70
[cnc_lib] CMD enviado: U 0 0
[cnc_lib] Trazado completado (2 puntos)
[cnc_lib] Iniciando trazado: 3 puntos
[cnc_lib] CMD enviado: U 0 0
[cnc_lib] CMD enviado: G 500 70
[cnc_lib] CMD enviado: P 0 0
[cnc_lib] CMD enviado: G 499 69
[cnc_lib] CMD enviado: G 496 69
[cnc_lib] CMD enviado: U 0 0
[cnc_lib] Trazado completado (3 puntos)
[cnc_lib] Iniciando trazado: 2 puntos
[cnc_lib] CMD enviado: U 0 0
[cnc_lib] CMD enviado: G 500 70
[cnc_lib] CMD enviado: P 0 0
[cnc_lib] CMD enviado: G 501 70
[cnc_lib] CMD enviado: U 0 0
[cnc_lib] Trazado completado (2 puntos)
[cnc_lib] Iniciando trazado: 10 puntos
[cnc_lib] CMD enviado: U 0 0
[cnc_lib] CMD enviado: G 501 70
[cnc_lib] CMD enviado: P 0 0
[cnc_lib] CMD enviado: G 502 69
[cnc_lib] CMD enviado: G 504 69
[cnc_lib] CMD enviado: G 509 64
[cnc_lib] CMD enviado: G 509 53
[cnc_lib] CMD enviado: G 508 52
[cnc_lib] CMD enviado: G 508 51
[cnc_lib] CMD enviado: G 505 48
[cnc_lib] CMD enviado: G 503 48
[cnc_lib] CMD enviado: G 502 47
[cnc_lib] CMD enviado: U 0 0
[cnc_lib] Trazado completado (10 puntos)
[cnc_lib] Iniciando trazado: 2 puntos
[cnc_lib] CMD enviado: U 0 0
[cnc_lib] CMD enviado: G 502 47
[cnc_lib] CMD enviado: P 0 0
[cnc_lib] CMD enviado: G 501 46
[cnc_lib] CMD enviado: U 0 0
[cnc_lib] Trazado completado (2 puntos)
[cnc_lib] Iniciando trazado: 2 puntos
[cnc_lib] CMD enviado: U 0 0
[cnc_lib] CMD enviado: G 501 46
[cnc_lib] CMD enviado: P 0 0
[cnc_lib] CMD enviado: G 501 1
[cnc_lib] CMD enviado: U 0 0
[cnc_lib] Trazado completado (2 puntos)
[cnc_lib] Iniciando trazado: 2 puntos
[cnc_lib] CMD enviado: U 0 0
[cnc_lib] CMD enviado: G 501 1
[cnc_lib] CMD enviado: P 0 0
[cnc_lib] CMD enviado: G 500 0
[cnc_lib] CMD enviado: U 0 0
[cnc_lib] Trazado completado (2 puntos)
[cnc_lib] Iniciando trazado: 2 puntos
[cnc_lib] CMD enviado: U 0 0
[cnc_lib] CMD enviado: G 500 0
[cnc_lib] CMD enviado: P 0 0
[cnc_lib] CMD enviado: G 499 0
[cnc_lib] CMD enviado: U 0 0
[cnc_lib] Trazado completado (2 puntos)
[cnc_lib] Iniciando trazado: 2 puntos
[cnc_lib] CMD enviado: U 0 0
[cnc_lib] CMD enviado: G 500 0
[cnc_lib] CMD enviado: P 0 0
[cnc_lib] CMD enviado: G 501 0
[cnc_lib] CMD enviado: U 0 0
[cnc_lib] Trazado completado (2 puntos)
[cnc_lib] Iniciando trazado: 3 puntos
[cnc_lib] CMD enviado: U 0 0
[cnc_lib] CMD enviado: G 501 0
[cnc_lib] CMD enviado: P 0 0
[cnc_lib] CMD enviado: G 502 0
[cnc_lib] CMD enviado: G 501 1
[cnc_lib] CMD enviado: U 0 0
[cnc_lib] Trazado completado (3 puntos)
[cnc_lib] Iniciando trazado: 2 puntos
[cnc_lib] CMD enviado: U 0 0
[cnc_lib] CMD enviado: G 501 1
[cnc_lib] CMD enviado: P 0 0
[cnc_lib] CMD enviado: G 501 0
[cnc_lib] CMD enviado: U 0 0
[cnc_lib] Trazado completado (2 puntos)
[cnc_lib] Iniciando trazado: 2 puntos
[cnc_lib] CMD enviado: U 0 0
[cnc_lib] CMD enviado: G 517 0
[cnc_lib] CMD enviado: P 0 0
[cnc_lib] CMD enviado: G 518 0
[cnc_lib] CMD enviado: U 0 0
[cnc_lib] Trazado completado (2 puntos)
[cnc_lib] Iniciando trazado: 2 puntos
[cnc_lib] CMD enviado: U 0 0
[cnc_lib] CMD enviado: G 518 0
[cnc_lib] CMD enviado: P 0 0
[cnc_lib] CMD enviado: G 519 0
[cnc_lib] CMD enviado: U 0 0
[cnc_lib] Trazado completado (2 puntos)
[cnc_lib] Iniciando trazado: 3 puntos
[cnc_lib] CMD enviado: U 0 0
[cnc_lib] CMD enviado: G 519 0
[cnc_lib] CMD enviado: P 0 0
[cnc_lib] CMD enviado: G 520 0
[cnc_lib] CMD enviado: G 519 1
[cnc_lib] CMD enviado: U 0 0
[cnc_lib] Trazado completado (3 puntos)
[cnc_lib] Iniciando trazado: 2 puntos
[cnc_lib] CMD enviado: U 0 0
[cnc_lib] CMD enviado: G 519 1
[cnc_lib] CMD enviado: P 0 0
[cnc_lib] CMD enviado: G 518 0
[cnc_lib] CMD enviado: U 0 0
[cnc_lib] Trazado completado (2 puntos)
[cnc_lib] Iniciando trazado: 2 puntos
[cnc_lib] CMD enviado: U 0 0
[cnc_lib] CMD enviado: G 519 0
[cnc_lib] CMD enviado: P 0 0
[cnc_lib] CMD enviado: G 519 1
[cnc_lib] CMD enviado: U 0 0
[cnc_lib] Trazado completado (2 puntos)
[cnc_lib] Iniciando trazado: 2 puntos
[cnc_lib] CMD enviado: U 0 0
[cnc_lib] CMD enviado: G 519 1
[cnc_lib] CMD enviado: P 0 0
[cnc_lib] CMD enviado: G 519 91
[cnc_lib] CMD enviado: U 0 0
[cnc_lib] Trazado completado (2 puntos)
[cnc_lib] Iniciando trazado: 7 puntos
[cnc_lib] CMD enviado: U 0 0
[cnc_lib] CMD enviado: G 519 91
[cnc_lib] CMD enviado: P 0 0
[cnc_lib] CMD enviado: G 518 92
[cnc_lib] CMD enviado: G 514 92
[cnc_lib] CMD enviado: G 510 96
[cnc_lib] CMD enviado: G 510 97
[cnc_lib] CMD enviado: G 509 98
[cnc_lib] CMD enviado: G 509 100
[cnc_lib] CMD enviado: U 0 0
[cnc_lib] Trazado completado (7 puntos)
[cnc_lib] Iniciando trazado: 7 puntos
[cnc_lib] CMD enviado: U 0 0
[cnc_lib] CMD enviado: G 509 106
[cnc_lib] CMD enviado: P 0 0
[cnc_lib] CMD enviado: G 509 108
[cnc_lib] CMD enviado: G 510 109
[cnc_lib] CMD enviado: G 510 110
[cnc_lib] CMD enviado: G 514 114
[cnc_lib] CMD enviado: G 517 114
[cnc_lib] CMD enviado: G 518 115
[cnc_lib] CMD enviado: U 0 0
[cnc_lib] Trazado completado (7 puntos)
[cnc_lib] Iniciando trazado: 2 puntos
[cnc_lib] CMD enviado: U 0 0
[cnc_lib] CMD enviado: G 518 115
[cnc_lib] CMD enviado: P 0 0
[cnc_lib] CMD enviado: G 519 115
[cnc_lib] CMD enviado: U 0 0
[cnc_lib] Trazado completado (2 puntos)
[cnc_lib] Iniciando trazado: 5 puntos
[cnc_lib] CMD enviado: U 0 0
[cnc_lib] CMD enviado: G 519 115
[cnc_lib] CMD enviado: P 0 0
[cnc_lib] CMD enviado: G 520 114
[cnc_lib] CMD enviado: G 522 114
[cnc_lib] CMD enviado: G 527 109
[cnc_lib] CMD enviado: G 527 106
[cnc_lib] CMD enviado: U 0 0
[cnc_lib] Trazado completado (5 puntos)
[cnc_lib] Iniciando trazado: 7 puntos
[cnc_lib] CMD enviado: U 0 0
[cnc_lib] CMD enviado: G 527 100
[cnc_lib] CMD enviado: P 0 0
[cnc_lib] CMD enviado: G 527 97
[cnc_lib] CMD enviado: G 526 96
[cnc_lib] CMD enviado: G 526 95
[cnc_lib] CMD enviado: G 523 92
[cnc_lib] CMD enviado: G 520 92
[cnc_lib] CMD enviado: G 519 91
[cnc_lib] CMD enviado: U 0 0
[cnc_lib] Trazado completado (7 puntos)
[cnc_lib] Iniciando trazado: 2 puntos
[cnc_lib] CMD enviado: U 0 0
[cnc_lib] CMD enviado: G 519 115
[cnc_lib] CMD enviado: P 0 0
[cnc_lib] CMD enviado: G 519 116
[cnc_lib] CMD enviado: U 0 0
[cnc_lib] Trazado completado (2 puntos)
[cnc_lib] Iniciando trazado: 2 puntos
[cnc_lib] CMD enviado: U 0 0
[cnc_lib] CMD enviado: G 519 116
[cnc_lib] CMD enviado: P 0 0
[cnc_lib] CMD enviado: G 518 115
[cnc_lib] CMD enviado: U 0 0
[cnc_lib] Trazado completado (2 puntos)
[cnc_lib] Iniciando trazado: 3 puntos
[cnc_lib] CMD enviado: U 0 0
[cnc_lib] CMD enviado: G 519 116
[cnc_lib] CMD enviado: P 0 0
[cnc_lib] CMD enviado: G 519 186
[cnc_lib] CMD enviado: G 521 188
[cnc_lib] CMD enviado: U 0 0
[cnc_lib] Trazado completado (3 puntos)
[cnc_lib] Iniciando trazado: 6 puntos
[cnc_lib] CMD enviado: U 0 0
[cnc_lib] CMD enviado: G 521 188
[cnc_lib] CMD enviado: P 0 0
[cnc_lib] CMD enviado: G 616 188
[cnc_lib] CMD enviado: G 617 187
[cnc_lib] CMD enviado: G 632 187
[cnc_lib] CMD enviado: G 633 188
[cnc_lib] CMD enviado: G 671 188
[cnc_lib] CMD enviado: U 0 0
[cnc_lib] Trazado completado (6 puntos)
[cnc_lib] Iniciando trazado: 4 puntos
[cnc_lib] CMD enviado: U 0 0
[cnc_lib] CMD enviado: G 684 188
[cnc_lib] CMD enviado: P 0 0
[cnc_lib] CMD enviado: G 803 188
[cnc_lib] CMD enviado: G 804 187
[cnc_lib] CMD enviado: G 804 68
[cnc_lib] CMD enviado: U 0 0
[cnc_lib] Trazado completado (4 puntos)
[cnc_lib] Iniciando trazado: 76 puntos
[cnc_lib] CMD enviado: U 0 0
[cnc_lib] CMD enviado: G 816 67
[cnc_lib] CMD enviado: P 0 0
[cnc_lib] CMD enviado: G 849 67
[cnc_lib] CMD enviado: G 850 66
[cnc_lib] CMD enviado: G 851 66
[cnc_lib] CMD enviado: G 852 65
[cnc_lib] CMD enviado: G 853 65
[cnc_lib] CMD enviado: G 854 64
[cnc_lib] CMD enviado: G 855 64
[cnc_lib] CMD enviado: G 856 63
[cnc_lib] CMD enviado: G 857 63
[cnc_lib] CMD enviado: G 858 62
[cnc_lib] CMD enviado: G 859 62
[cnc_lib] CMD enviado: G 861 60
[cnc_lib] CMD enviado: G 862 60
[cnc_lib] CMD enviado: G 863 59
[cnc_lib] CMD enviado: G 864 59
[cnc_lib] CMD enviado: G 865 58
[cnc_lib] CMD enviado: G 866 58
[cnc_lib] CMD enviado: G 867 57
[cnc_lib] CMD enviado: G 868 57
[cnc_lib] CMD enviado: G 870 55
[cnc_lib] CMD enviado: G 871 55
[cnc_lib] CMD enviado: G 872 54
[cnc_lib] CMD enviado: G 873 54
[cnc_lib] CMD enviado: G 874 53
[cnc_lib] CMD enviado: G 875 53
[cnc_lib] CMD enviado: G 876 52
[cnc_lib] CMD enviado: G 877 52
[cnc_lib] CMD enviado: G 879 50
[cnc_lib] CMD enviado: G 880 50
[cnc_lib] CMD enviado: G 881 49
[cnc_lib] CMD enviado: G 882 49
[cnc_lib] CMD enviado: G 883 48
[cnc_lib] CMD enviado: G 884 48
[cnc_lib] CMD enviado: G 885 47
[cnc_lib] CMD enviado: G 886 47
[cnc_lib] CMD enviado: G 888 45
[cnc_lib] CMD enviado: G 889 45
[cnc_lib] CMD enviado: G 890 44
[cnc_lib] CMD enviado: G 891 44
[cnc_lib] CMD enviado: G 892 43
[cnc_lib] CMD enviado: G 893 43
[cnc_lib] CMD enviado: G 894 42
[cnc_lib] CMD enviado: G 895 42
[cnc_lib] CMD enviado: G 897 40
[cnc_lib] CMD enviado: G 898 40
[cnc_lib] CMD enviado: G 899 39
[cnc_lib] CMD enviado: G 900 39
[cnc_lib] CMD enviado: G 901 38
[cnc_lib] CMD enviado: G 902 38
[cnc_lib] CMD enviado: G 903 37
[cnc_lib] CMD enviado: G 904 37
[cnc_lib] CMD enviado: G 906 35
[cnc_lib] CMD enviado: G 907 35
[cnc_lib] CMD enviado: G 908 34
[cnc_lib] CMD enviado: G 909 34
[cnc_lib] CMD enviado: G 910 33
[cnc_lib] CMD enviado: G 911 33
[cnc_lib] CMD enviado: G 912 32
[cnc_lib] CMD enviado: G 913 32
[cnc_lib] CMD enviado: G 915 30
[cnc_lib] CMD enviado: G 916 30
[cnc_lib] CMD enviado: G 917 29
[cnc_lib] CMD enviado: G 918 29
[cnc_lib] CMD enviado: G 919 28
[cnc_lib] CMD enviado: G 920 28
[cnc_lib] CMD enviado: G 922 26
[cnc_lib] CMD enviado: G 923 26
[cnc_lib] CMD enviado: G 924 25
[cnc_lib] CMD enviado: G 925 25
[cnc_lib] CMD enviado: G 926 24
[cnc_lib] CMD enviado: G 927 24
[cnc_lib] CMD enviado: G 928 23
[cnc_lib] CMD enviado: G 930 23
[cnc_lib] CMD enviado: G 931 22
[cnc_lib] CMD enviado: G 938 22
[cnc_lib] CMD enviado: U 0 0
[cnc_lib] Trazado completado (76 puntos)
[cnc_lib] Iniciando trazado: 2 puntos
[cnc_lib] CMD enviado: U 0 0
[cnc_lib] CMD enviado: G 938 22
[cnc_lib] CMD enviado: P 0 0
[cnc_lib] CMD enviado: G 939 22
[cnc_lib] CMD enviado: U 0 0
[cnc_lib] Trazado completado (2 puntos)
[cnc_lib] Iniciando trazado: 14 puntos
[cnc_lib] CMD enviado: U 0 0
[cnc_lib] CMD enviado: G 939 22
[cnc_lib] CMD enviado: P 0 0
[cnc_lib] CMD enviado: G 945 16
[cnc_lib] CMD enviado: G 949 16
[cnc_lib] CMD enviado: G 950 17
[cnc_lib] CMD enviado: G 951 17
[cnc_lib] CMD enviado: G 952 18
[cnc_lib] CMD enviado: G 952 19
[cnc_lib] CMD enviado: G 954 21
[cnc_lib] CMD enviado: G 954 24
[cnc_lib] CMD enviado: G 953 25
[cnc_lib] CMD enviado: G 953 26
[cnc_lib] CMD enviado: G 951 28
[cnc_lib] CMD enviado: G 950 28
[cnc_lib] CMD enviado: G 948 30
[cnc_lib] CMD enviado: U 0 0
[cnc_lib] Trazado completado (14 puntos)
[cnc_lib] Iniciando trazado: 2 puntos
[cnc_lib] CMD enviado: U 0 0
[cnc_lib] CMD enviado: G 948 30
[cnc_lib] CMD enviado: P 0 0
[cnc_lib] CMD enviado: G 947 30
[cnc_lib] CMD enviado: U 0 0
[cnc_lib] Trazado completado (2 puntos)
[cnc_lib] Iniciando trazado: 2 puntos
[cnc_lib] CMD enviado: U 0 0
[cnc_lib] CMD enviado: G 947 30
[cnc_lib] CMD enviado: P 0 0
[cnc_lib] CMD enviado: G 946 30
[cnc_lib] CMD enviado: U 0 0
[cnc_lib] Trazado completado (2 puntos)
[cnc_lib] Iniciando trazado: 6 puntos
[cnc_lib] CMD enviado: U 0 0
[cnc_lib] CMD enviado: G 946 30
[cnc_lib] CMD enviado: P 0 0
[cnc_lib] CMD enviado: G 944 28
[cnc_lib] CMD enviado: G 943 28
[cnc_lib] CMD enviado: G 940 25
[cnc_lib] CMD enviado: G 940 24
[cnc_lib] CMD enviado: G 939 23
[cnc_lib] CMD enviado: U 0 0
[cnc_lib] Trazado completado (6 puntos)
[cnc_lib] Iniciando trazado: 2 puntos
[cnc_lib] CMD enviado: U 0 0
[cnc_lib] CMD enviado: G 939 23
[cnc_lib] CMD enviado: P 0 0
[cnc_lib] CMD enviado: G 938 22
[cnc_lib] CMD enviado: U 0 0
[cnc_lib] Trazado completado (2 puntos)
[cnc_lib] Iniciando trazado: 2 puntos
[cnc_lib] CMD enviado: U 0 0
[cnc_lib] CMD enviado: G 939 22
[cnc_lib] CMD enviado: P 0 0
[cnc_lib] CMD enviado: G 939 23
[cnc_lib] CMD enviado: U 0 0
[cnc_lib] Trazado completado (2 puntos)
[cnc_lib] Iniciando trazado: 2 puntos
[cnc_lib] CMD enviado: U 0 0
[cnc_lib] CMD enviado: G 946 30
[cnc_lib] CMD enviado: P 0 0
[cnc_lib] CMD enviado: G 947 31
[cnc_lib] CMD enviado: U 0 0
[cnc_lib] Trazado completado (2 puntos)
[cnc_lib] Iniciando trazado: 2 puntos
[cnc_lib] CMD enviado: U 0 0
[cnc_lib] CMD enviado: G 947 31
[cnc_lib] CMD enviado: P 0 0
[cnc_lib] CMD enviado: G 947 30
[cnc_lib] CMD enviado: U 0 0
[cnc_lib] Trazado completado (2 puntos)
[cnc_lib] Iniciando trazado: 2 puntos
[cnc_lib] CMD enviado: U 0 0
[cnc_lib] CMD enviado: G 948 30
[cnc_lib] CMD enviado: P 0 0
[cnc_lib] CMD enviado: G 947 31
[cnc_lib] CMD enviado: U 0 0
[cnc_lib] Trazado completado (2 puntos)
[cnc_lib] Iniciando trazado: 2 puntos
[cnc_lib] CMD enviado: U 0 0
[cnc_lib] CMD enviado: G 947 31
[cnc_lib] CMD enviado: P 0 0
[cnc_lib] CMD enviado: G 947 34
[cnc_lib] CMD enviado: U 0 0
[cnc_lib] Trazado completado (2 puntos)
[cnc_lib] Iniciando trazado: 2 puntos
[cnc_lib] CMD enviado: U 0 0
[cnc_lib] CMD enviado: G 947 34
[cnc_lib] CMD enviado: P 0 0
[cnc_lib] CMD enviado: G 946 35
[cnc_lib] CMD enviado: U 0 0
[cnc_lib] Trazado completado (2 puntos)
[cnc_lib] Iniciando trazado: 2 puntos
[cnc_lib] CMD enviado: U 0 0
[cnc_lib] CMD enviado: G 946 35
[cnc_lib] CMD enviado: P 0 0
[cnc_lib] CMD enviado: G 947 35
[cnc_lib] CMD enviado: U 0 0
[cnc_lib] Trazado completado (2 puntos)
[cnc_lib] Iniciando trazado: 2 puntos
[cnc_lib] CMD enviado: U 0 0
[cnc_lib] CMD enviado: G 947 35
[cnc_lib] CMD enviado: P 0 0
[cnc_lib] CMD enviado: G 947 34
[cnc_lib] CMD enviado: U 0 0
[cnc_lib] Trazado completado (2 puntos)
[cnc_lib] Iniciando trazado: 2 puntos
[cnc_lib] CMD enviado: U 0 0
[cnc_lib] CMD enviado: G 947 34
[cnc_lib] CMD enviado: P 0 0
[cnc_lib] CMD enviado: G 948 35
[cnc_lib] CMD enviado: U 0 0
[cnc_lib] Trazado completado (2 puntos)
[cnc_lib] Iniciando trazado: 2 puntos
[cnc_lib] CMD enviado: U 0 0
[cnc_lib] CMD enviado: G 948 35
[cnc_lib] CMD enviado: P 0 0
[cnc_lib] CMD enviado: G 947 35
[cnc_lib] CMD enviado: U 0 0
[cnc_lib] Trazado completado (2 puntos)
[cnc_lib] Iniciando trazado: 83 puntos
[cnc_lib] CMD enviado: U 0 0
[cnc_lib] CMD enviado: G 946 35
[cnc_lib] CMD enviado: P 0 0
[cnc_lib] CMD enviado: G 945 36
[cnc_lib] CMD enviado: G 929 36
[cnc_lib] CMD enviado: G 928 37
[cnc_lib] CMD enviado: G 927 37
[cnc_lib] CMD enviado: G 926 38
[cnc_lib] CMD enviado: G 925 38
[cnc_lib] CMD enviado: G 924 39
[cnc_lib] CMD enviado: G 923 39
[cnc_lib] CMD enviado: G 921 41
[cnc_lib] CMD enviado: G 920 41
[cnc_lib] CMD enviado: G 919 42
[cnc_lib] CMD enviado: G 918 42
[cnc_lib] CMD enviado: G 917 43
[cnc_lib] CMD enviado: G 916 43
[cnc_lib] CMD enviado: G 915 44
[cnc_lib] CMD enviado: G 914 44
[cnc_lib] CMD enviado: G 912 46
[cnc_lib] CMD enviado: G 911 46
[cnc_lib] CMD enviado: G 910 47
[cnc_lib] CMD enviado: G 909 47
[cnc_lib] CMD enviado: G 908 48
[cnc_lib] CMD enviado: G 907 48
[cnc_lib] CMD enviado: G 906 49
[cnc_lib] CMD enviado: G 905 49
[cnc_lib] CMD enviado: G 904 50
[cnc_lib] CMD enviado: G 903 50
[cnc_lib] CMD enviado: G 901 52
[cnc_lib] CMD enviado: G 900 52
[cnc_lib] CMD enviado: G 899 53
[cnc_lib] CMD enviado: G 898 53
[cnc_lib] CMD enviado: G 897 54
[cnc_lib] CMD enviado: G 896 54
[cnc_lib] CMD enviado: G 895 55
[cnc_lib] CMD enviado: G 894 55
[cnc_lib] CMD enviado: G 892 57
[cnc_lib] CMD enviado: G 891 57
[cnc_lib] CMD enviado: G 890 58
[cnc_lib] CMD enviado: G 889 58
[cnc_lib] CMD enviado: G 888 59
[cnc_lib] CMD enviado: G 887 59
[cnc_lib] CMD enviado: G 886 60
[cnc_lib] CMD enviado: G 885 60
[cnc_lib] CMD enviado: G 883 62
[cnc_lib] CMD enviado: G 882 62
[cnc_lib] CMD enviado: G 881 63
[cnc_lib] CMD enviado: G 880 63
[cnc_lib] CMD enviado: G 879 64
[cnc_lib] CMD enviado: G 878 64
[cnc_lib] CMD enviado: G 877 65
[cnc_lib] CMD enviado: G 876 65
[cnc_lib] CMD enviado: G 874 67
[cnc_lib] CMD enviado: G 873 67
[cnc_lib] CMD enviado: G 872 68
[cnc_lib] CMD enviado: G 871 68
[cnc_lib] CMD enviado: G 870 69
[cnc_lib] CMD enviado: G 869 69
[cnc_lib] CMD enviado: G 867 71
[cnc_lib] CMD enviado: G 866 71
[cnc_lib] CMD enviado: G 865 72
[cnc_lib] CMD enviado: G 864 72
[cnc_lib] CMD enviado: G 863 73
[cnc_lib] CMD enviado: G 862 73
[cnc_lib] CMD enviado: G 861 74
[cnc_lib] CMD enviado: G 860 74
[cnc_lib] CMD enviado: G 858 76
[cnc_lib] CMD enviado: G 857 76
[cnc_lib] CMD enviado: G 856 77
[cnc_lib] CMD enviado: G 855 77
[cnc_lib] CMD enviado: G 854 78
[cnc_lib] CMD enviado: G 853 78
[cnc_lib] CMD enviado: G 852 79
[cnc_lib] CMD enviado: G 851 79
[cnc_lib] CMD enviado: G 850 80
[cnc_lib] CMD enviado: G 849 80
[cnc_lib] CMD enviado: G 848 81
[cnc_lib] CMD enviado: G 843 81
[cnc_lib] CMD enviado: G 842 80
[cnc_lib] CMD enviado: G 841 80
[cnc_lib] CMD enviado: G 840 81
[cnc_lib] CMD enviado: G 838 81
[cnc_lib] CMD enviado: G 837 80
[cnc_lib] CMD enviado: G 816 80
[cnc_lib] CMD enviado: U 0 0
[cnc_lib] Trazado completado (83 puntos)
[cnc_lib] Iniciando trazado: 76 puntos
[cnc_lib] CMD enviado: U 0 0
[cnc_lib] CMD enviado: G 816 94
[cnc_lib] CMD enviado: P 0 0
[cnc_lib] CMD enviado: G 849 94
[cnc_lib] CMD enviado: G 850 93
[cnc_lib] CMD enviado: G 851 93
[cnc_lib] CMD enviado: G 852 92
[cnc_lib] CMD enviado: G 853 92
[cnc_lib] CMD enviado: G 854 91
[cnc_lib] CMD enviado: G 855 91
[cnc_lib] CMD enviado: G 856 90
[cnc_lib] CMD enviado: G 857 90
[cnc_lib] CMD enviado: G 859 88
[cnc_lib] CMD enviado: G 860 88
[cnc_lib] CMD enviado: G 861 87
[cnc_lib] CMD enviado: G 862 87
[cnc_lib] CMD enviado: G 863 86
[cnc_lib] CMD enviado: G 864 86
[cnc_lib] CMD enviado: G 866 84
[cnc_lib] CMD enviado: G 867 84
[cnc_lib] CMD enviado: G 868 83
[cnc_lib] CMD enviado: G 869 83
[cnc_lib] CMD enviado: G 870 82
[cnc_lib] CMD enviado: G 871 82
[cnc_lib] CMD enviado: G 872 81
[cnc_lib] CMD enviado: G 873 81
[cnc_lib] CMD enviado: G 875 79
[cnc_lib] CMD enviado: G 876 79
[cnc_lib] CMD enviado: G 877 78
[cnc_lib] CMD enviado: G 878 78
[cnc_lib] CMD enviado: G 879 77
[cnc_lib] CMD enviado: G 880 77
[cnc_lib] CMD enviado: G 881 76
[cnc_lib] CMD enviado: G 882 76
[cnc_lib] CMD enviado: G 884 74
[cnc_lib] CMD enviado: G 885 74
[cnc_lib] CMD enviado: G 886 73
[cnc_lib] CMD enviado: G 887 73
[cnc_lib] CMD enviado: G 888 72
[cnc_lib] CMD enviado: G 889 72
[cnc_lib] CMD enviado: G 890 71
[cnc_lib] CMD enviado: G 891 71
[cnc_lib] CMD enviado: G 893 69
[cnc_lib] CMD enviado: G 894 69
[cnc_lib] CMD enviado: G 895 68
[cnc_lib] CMD enviado: G 896 68
[cnc_lib] CMD enviado: G 897 67
[cnc_lib] CMD enviado: G 898 67
[cnc_lib] CMD enviado: G 899 66
[cnc_lib] CMD enviado: G 900 66
[cnc_lib] CMD enviado: G 902 64
[cnc_lib] CMD enviado: G 903 64
[cnc_lib] CMD enviado: G 904 63
[cnc_lib] CMD enviado: G 905 63
[cnc_lib] CMD enviado: G 906 62
[cnc_lib] CMD enviado: G 907 62
[cnc_lib] CMD enviado: G 908 61
[cnc_lib] CMD enviado: G 909 61
[cnc_lib] CMD enviado: G 910 60
[cnc_lib] CMD enviado: G 911 60
[cnc_lib] CMD enviado: G 913 58
[cnc_lib] CMD enviado: G 914 58
[cnc_lib] CMD enviado: G 915 57
[cnc_lib] CMD enviado: G 916 57
[cnc_lib] CMD enviado: G 917 56
[cnc_lib] CMD enviado: G 918 56
[cnc_lib] CMD enviado: G 920 54
[cnc_lib] CMD enviado: G 921 54
[cnc_lib] CMD enviado: G 922 53
[cnc_lib] CMD enviado: G 923 53
[cnc_lib] CMD enviado: G 924 52
[cnc_lib] CMD enviado: G 925 52
[cnc_lib] CMD enviado: G 926 51
[cnc_lib] CMD enviado: G 927 51
[cnc_lib] CMD enviado: G 928 50
[cnc_lib] CMD enviado: G 930 50
[cnc_lib] CMD enviado: G 931 49
[cnc_lib] CMD enviado: G 939 49
[cnc_lib] CMD enviado: U 0 0
[cnc_lib] Trazado completado (76 puntos)
[cnc_lib] Iniciando trazado: 4 puntos
[cnc_lib] CMD enviado: U 0 0
[cnc_lib] CMD enviado: G 948 35
[cnc_lib] CMD enviado: P 0 0
[cnc_lib] CMD enviado: G 949 35
[cnc_lib] CMD enviado: G 950 36
[cnc_lib] CMD enviado: G 957 36
[cnc_lib] CMD enviado: U 0 0
[cnc_lib] Trazado completado (4 puntos)
[cnc_lib] Iniciando trazado: 77 puntos
[cnc_lib] CMD enviado: U 0 0
[cnc_lib] CMD enviado: G 957 63
[cnc_lib] CMD enviado: P 0 0
[cnc_lib] CMD enviado: G 929 63
[cnc_lib] CMD enviado: G 928 64
[cnc_lib] CMD enviado: G 927 64
[cnc_lib] CMD enviado: G 926 65
[cnc_lib] CMD enviado: G 925 65
[cnc_lib] CMD enviado: G 924 66
[cnc_lib] CMD enviado: G 923 66
[cnc_lib] CMD enviado: G 922 67
[cnc_lib] CMD enviado: G 921 67
[cnc_lib] CMD enviado: G 920 68
[cnc_lib] CMD enviado: G 919 68
[cnc_lib] CMD enviado: G 917 70
[cnc_lib] CMD enviado: G 916 70
[cnc_lib] CMD enviado: G 915 71
[cnc_lib] CMD enviado: G 914 71
[cnc_lib] CMD enviado: G 913 72
[cnc_lib] CMD enviado: G 912 72
[cnc_lib] CMD enviado: G 911 73
[cnc_lib] CMD enviado: G 910 73
[cnc_lib] CMD enviado: G 908 75
[cnc_lib] CMD enviado: G 907 75
[cnc_lib] CMD enviado: G 906 76
[cnc_lib] CMD enviado: G 905 76
[cnc_lib] CMD enviado: G 904 77
[cnc_lib] CMD enviado: G 903 77
[cnc_lib] CMD enviado: G 902 78
[cnc_lib] CMD enviado: G 901 78
[cnc_lib] CMD enviado: G 899 80
[cnc_lib] CMD enviado: G 898 80
[cnc_lib] CMD enviado: G 897 81
[cnc_lib] CMD enviado: G 896 81
[cnc_lib] CMD enviado: G 895 82
[cnc_lib] CMD enviado: G 894 82
[cnc_lib] CMD enviado: G 893 83
[cnc_lib] CMD enviado: G 892 83
[cnc_lib] CMD enviado: G 890 85
[cnc_lib] CMD enviado: G 889 85
[cnc_lib] CMD enviado: G 888 86
[cnc_lib] CMD enviado: G 887 86
[cnc_lib] CMD enviado: G 886 87
[cnc_lib] CMD enviado: G 885 87
[cnc_lib] CMD enviado: G 884 88
[cnc_lib] CMD enviado: G 883 88
[cnc_lib] CMD enviado: G 881 90
[cnc_lib] CMD enviado: G 880 90
[cnc_lib] CMD enviado: G 879 91
[cnc_lib] CMD enviado: G 878 91
[cnc_lib] CMD enviado: G 877 92
[cnc_lib] CMD enviado: G 876 92
[cnc_lib] CMD enviado: G 875 93
[cnc_lib] CMD enviado: G 874 93
[cnc_lib] CMD enviado: G 872 95
[cnc_lib] CMD enviado: G 871 95
[cnc_lib] CMD enviado: G 870 96
[cnc_lib] CMD enviado: G 869 96
[cnc_lib] CMD enviado: G 868 97
[cnc_lib] CMD enviado: G 867 97
[cnc_lib] CMD enviado: G 866 98
[cnc_lib] CMD enviado: G 865 98
[cnc_lib] CMD enviado: G 863 100
[cnc_lib] CMD enviado: G 862 100
[cnc_lib] CMD enviado: G 861 101
[cnc_lib] CMD enviado: G 860 101
[cnc_lib] CMD enviado: G 859 102
[cnc_lib] CMD enviado: G 858 102
[cnc_lib] CMD enviado: G 857 103
[cnc_lib] CMD enviado: G 856 103
[cnc_lib] CMD enviado: G 854 105
[cnc_lib] CMD enviado: G 853 105
[cnc_lib] CMD enviado: G 852 106
[cnc_lib] CMD enviado: G 851 106
[cnc_lib] CMD enviado: G 850 107
[cnc_lib] CMD enviado: G 841 107
[cnc_lib] CMD enviado: G 840 108
[cnc_lib] CMD enviado: G 839 107
[cnc_lib] CMD enviado: G 816 107
[cnc_lib] CMD enviado: U 0 0
[cnc_lib] Trazado completado (77 puntos)
[cnc_lib] Iniciando trazado: 74 puntos
[cnc_lib] CMD enviado: U 0 0
[cnc_lib] CMD enviado: G 816 121
[cnc_lib] CMD enviado: P 0 0
[cnc_lib] CMD enviado: G 849 121
[cnc_lib] CMD enviado: G 850 120
[cnc_lib] CMD enviado: G 851 120
[cnc_lib] CMD enviado: G 852 119
[cnc_lib] CMD enviado: G 853 119
[cnc_lib] CMD enviado: G 855 117
[cnc_lib] CMD enviado: G 856 117
[cnc_lib] CMD enviado: G 857 116
[cnc_lib] CMD enviado: G 858 116
[cnc_lib] CMD enviado: G 859 115
[cnc_lib] CMD enviado: G 860 115
[cnc_lib] CMD enviado: G 861 114
[cnc_lib] CMD enviado: G 862 114
[cnc_lib] CMD enviado: G 864 112
[cnc_lib] CMD enviado: G 865 112
[cnc_lib] CMD enviado: G 866 111
[cnc_lib] CMD enviado: G 867 111
[cnc_lib] CMD enviado: G 868 110
[cnc_lib] CMD enviado: G 869 110
[cnc_lib] CMD enviado: G 870 109
[cnc_lib] CMD enviado: G 871 109
[cnc_lib] CMD enviado: G 873 107
[cnc_lib] CMD enviado: G 874 107
[cnc_lib] CMD enviado: G 875 106
[cnc_lib] CMD enviado: G 876 106
[cnc_lib] CMD enviado: G 877 105
[cnc_lib] CMD enviado: G 878 105
[cnc_lib] CMD enviado: G 879 104
[cnc_lib] CMD enviado: G 880 104
[cnc_lib] CMD enviado: G 882 102
[cnc_lib] CMD enviado: G 883 102
[cnc_lib] CMD enviado: G 884 101
[cnc_lib] CMD enviado: G 885 101
[cnc_lib] CMD enviado: G 886 100
[cnc_lib] CMD enviado: G 887 100
[cnc_lib] CMD enviado: G 888 99
[cnc_lib] CMD enviado: G 889 99
[cnc_lib] CMD enviado: G 891 97
[cnc_lib] CMD enviado: G 892 97
[cnc_lib] CMD enviado: G 893 96
[cnc_lib] CMD enviado: G 894 96
[cnc_lib] CMD enviado: G 895 95
[cnc_lib] CMD enviado: G 896 95
[cnc_lib] CMD enviado: G 897 94
[cnc_lib] CMD enviado: G 898 94
[cnc_lib] CMD enviado: G 900 92
[cnc_lib] CMD enviado: G 901 92
[cnc_lib] CMD enviado: G 902 91
[cnc_lib] CMD enviado: G 903 91
[cnc_lib] CMD enviado: G 904 90
[cnc_lib] CMD enviado: G 905 90
[cnc_lib] CMD enviado: G 906 89
[cnc_lib] CMD enviado: G 907 89
[cnc_lib] CMD enviado: G 909 87
[cnc_lib] CMD enviado: G 910 87
[cnc_lib] CMD enviado: G 911 86
[cnc_lib] CMD enviado: G 912 86
[cnc_lib] CMD enviado: G 913 85
[cnc_lib] CMD enviado: G 914 85
[cnc_lib] CMD enviado: G 915 84
[cnc_lib] CMD enviado: G 916 84
[cnc_lib] CMD enviado: G 918 82
[cnc_lib] CMD enviado: G 919 82
[cnc_lib] CMD enviado: G 920 81
[cnc_lib] CMD enviado: G 921 81
[cnc_lib] CMD enviado: G 922 80
[cnc_lib] CMD enviado: G 923 80
[cnc_lib] CMD enviado: G 924 79
[cnc_lib] CMD enviado: G 925 79
[cnc_lib] CMD enviado: G 927 77
[cnc_lib] CMD enviado: G 929 77
[cnc_lib] CMD enviado: G 930 76
[cnc_lib] CMD enviado: G 939 76
[cnc_lib] CMD enviado: U 0 0
[cnc_lib] Trazado completado (74 puntos)
[cnc_lib] Iniciando trazado: 6 puntos
[cnc_lib] CMD enviado: U 0 0
[cnc_lib] CMD enviado: G 947 91
[cnc_lib] CMD enviado: P 0 0
[cnc_lib] CMD enviado: G 948 90
[cnc_lib] CMD enviado: G 953 90
[cnc_lib] CMD enviado: G 954 89
[cnc_lib] CMD enviado: G 955 90
[cnc_lib] CMD enviado: G 957 90
[cnc_lib] CMD enviado: U 0 0
[cnc_lib] Trazado completado (6 puntos)
[cnc_lib] Iniciando trazado: 73 puntos
[cnc_lib] CMD enviado: U 0 0
[cnc_lib] CMD enviado: G 947 91
[cnc_lib] CMD enviado: P 0 0
[cnc_lib] CMD enviado: G 946 90
[cnc_lib] CMD enviado: G 928 90
[cnc_lib] CMD enviado: G 927 91
[cnc_lib] CMD enviado: G 926 91
[cnc_lib] CMD enviado: G 924 93
[cnc_lib] CMD enviado: G 923 93
[cnc_lib] CMD enviado: G 922 94
[cnc_lib] CMD enviado: G 921 94
[cnc_lib] CMD enviado: G 920 95
[cnc_lib] CMD enviado: G 919 95
[cnc_lib] CMD enviado: G 918 96
[cnc_lib] CMD enviado: G 917 96
[cnc_lib] CMD enviado: G 916 97
[cnc_lib] CMD enviado: G 915 97
[cnc_lib] CMD enviado: G 913 99
[cnc_lib] CMD enviado: G 912 99
[cnc_lib] CMD enviado: G 911 100
[cnc_lib] CMD enviado: G 910 100
[cnc_lib] CMD enviado: G 909 101
[cnc_lib] CMD enviado: G 908 101
[cnc_lib] CMD enviado: G 907 102
[cnc_lib] CMD enviado: G 906 102
[cnc_lib] CMD enviado: G 904 104
[cnc_lib] CMD enviado: G 903 104
[cnc_lib] CMD enviado: G 902 105
[cnc_lib] CMD enviado: G 901 105
[cnc_lib] CMD enviado: G 900 106
[cnc_lib] CMD enviado: G 899 106
[cnc_lib] CMD enviado: G 898 107
[cnc_lib] CMD enviado: G 897 107
[cnc_lib] CMD enviado: G 895 109
[cnc_lib] CMD enviado: G 894 109
[cnc_lib] CMD enviado: G 893 110
[cnc_lib] CMD enviado: G 892 110
[cnc_lib] CMD enviado: G 891 111
[cnc_lib] CMD enviado: G 890 111
[cnc_lib] CMD enviado: G 889 112
[cnc_lib] CMD enviado: G 888 112
[cnc_lib] CMD enviado: G 886 114
[cnc_lib] CMD enviado: G 885 114
[cnc_lib] CMD enviado: G 884 115
[cnc_lib] CMD enviado: G 883 115
[cnc_lib] CMD enviado: G 882 116
[cnc_lib] CMD enviado: G 881 116
[cnc_lib] CMD enviado: G 880 117
[cnc_lib] CMD enviado: G 879 117
[cnc_lib] CMD enviado: G 877 119
[cnc_lib] CMD enviado: G 876 119
[cnc_lib] CMD enviado: G 875 120
[cnc_lib] CMD enviado: G 874 120
[cnc_lib] CMD enviado: G 873 121
[cnc_lib] CMD enviado: G 872 121
[cnc_lib] CMD enviado: G 871 122
[cnc_lib] CMD enviado: G 870 122
[cnc_lib] CMD enviado: G 868 124
[cnc_lib] CMD enviado: G 867 124
[cnc_lib] CMD enviado: G 866 125
[cnc_lib] CMD enviado: G 865 125
[cnc_lib] CMD enviado: G 864 126
[cnc_lib] CMD enviado: G 863 126
[cnc_lib] CMD enviado: G 862 127
[cnc_lib] CMD enviado: G 861 127
[cnc_lib] CMD enviado: G 859 129
[cnc_lib] CMD enviado: G 858 129
[cnc_lib] CMD enviado: G 857 130
[cnc_lib] CMD enviado: G 856 130
[cnc_lib] CMD enviado: G 855 131
[cnc_lib] CMD enviado: G 854 131
[cnc_lib] CMD enviado: G 852 133
[cnc_lib] CMD enviado: G 850 133
[cnc_lib] CMD enviado: G 849 134
[cnc_lib] CMD enviado: G 816 134
[cnc_lib] CMD enviado: U 0 0
[cnc_lib] Trazado completado (73 puntos)
[cnc_lib] Iniciando trazado: 82 puntos
[cnc_lib] CMD enviado: U 0 0
[cnc_lib] CMD enviado: G 816 147
[cnc_lib] CMD enviado: P 0 0
[cnc_lib] CMD enviado: G 838 147
[cnc_lib] CMD enviado: G 839 148
[cnc_lib] CMD enviado: G 840 148
[cnc_lib] CMD enviado: G 841 147
[cnc_lib] CMD enviado: G 843 147
[cnc_lib] CMD enviado: G 844 148
[cnc_lib] CMD enviado: G 848 148
[cnc_lib] CMD enviado: G 849 147
[cnc_lib] CMD enviado: G 850 147
[cnc_lib] CMD enviado: G 851 146
[cnc_lib] CMD enviado: G 852 146
[cnc_lib] CMD enviado: G 853 145
[cnc_lib] CMD enviado: G 854 145
[cnc_lib] CMD enviado: G 855 144
[cnc_lib] CMD enviado: G 856 144
[cnc_lib] CMD enviado: G 857 143
[cnc_lib] CMD enviado: G 858 143
[cnc_lib] CMD enviado: G 860 141
[cnc_lib] CMD enviado: G 861 141
[cnc_lib] CMD enviado: G 862 140
[cnc_lib] CMD enviado: G 863 140
[cnc_lib] CMD enviado: G 864 139
[cnc_lib] CMD enviado: G 865 139
[cnc_lib] CMD enviado: G 866 138
[cnc_lib] CMD enviado: G 867 138
[cnc_lib] CMD enviado: G 869 136
[cnc_lib] CMD enviado: G 870 136
[cnc_lib] CMD enviado: G 871 135
[cnc_lib] CMD enviado: G 872 135
[cnc_lib] CMD enviado: G 873 134
[cnc_lib] CMD enviado: G 874 134
[cnc_lib] CMD enviado: G 875 133
[cnc_lib] CMD enviado: G 876 133
[cnc_lib] CMD enviado: G 878 131
[cnc_lib] CMD enviado: G 879 131
[cnc_lib] CMD enviado: G 880 130
[cnc_lib] CMD enviado: G 881 130
[cnc_lib] CMD enviado: G 882 129
[cnc_lib] CMD enviado: G 883 129
[cnc_lib] CMD enviado: G 884 128
[cnc_lib] CMD enviado: G 885 128
[cnc_lib] CMD enviado: G 887 126
[cnc_lib] CMD enviado: G 888 126
[cnc_lib] CMD enviado: G 889 125
[cnc_lib] CMD enviado: G 890 125
[cnc_lib] CMD enviado: G 891 124
[cnc_lib] CMD enviado: G 892 124
[cnc_lib] CMD enviado: G 893 123
[cnc_lib] CMD enviado: G 894 123
[cnc_lib] CMD enviado: G 896 121
[cnc_lib] CMD enviado: G 897 121
[cnc_lib] CMD enviado: G 898 120
[cnc_lib] CMD enviado: G 899 120
[cnc_lib] CMD enviado: G 900 119
[cnc_lib] CMD enviado: G 901 119
[cnc_lib] CMD enviado: G 902 118
[cnc_lib] CMD enviado: G 903 118
[cnc_lib] CMD enviado: G 905 116
[cnc_lib] CMD enviado: G 906 116
[cnc_lib] CMD enviado: G 907 115
[cnc_lib] CMD enviado: G 908 115
[cnc_lib] CMD enviado: G 909 114
[cnc_lib] CMD enviado: G 910 114
[cnc_lib] CMD enviado: G 911 113
[cnc_lib] CMD enviado: G 912 113
[cnc_lib] CMD enviado: G 914 111
[cnc_lib] CMD enviado: G 915 111
[cnc_lib] CMD enviado: G 916 110
[cnc_lib] CMD enviado: G 917 110
[cnc_lib] CMD enviado: G 918 109
[cnc_lib] CMD enviado: G 919 109
[cnc_lib] CMD enviado: G 920 108
[cnc_lib] CMD enviado: G 921 108
[cnc_lib] CMD enviado: G 923 106
[cnc_lib] CMD enviado: G 924 106
[cnc_lib] CMD enviado: G 925 105
[cnc_lib] CMD enviado: G 926 105
[cnc_lib] CMD enviado: G 927 104
[cnc_lib] CMD enviado: G 928 104
[cnc_lib] CMD enviado: G 929 103
[cnc_lib] CMD enviado: G 939 103
[cnc_lib] CMD enviado: U 0 0
[cnc_lib] Trazado completado (82 puntos)
[cnc_lib] Iniciando trazado: 6 puntos
[cnc_lib] CMD enviado: U 0 0
[cnc_lib] CMD enviado: G 939 103
[cnc_lib] CMD enviado: P 0 0
[cnc_lib] CMD enviado: G 940 102
[cnc_lib] CMD enviado: G 940 101
[cnc_lib] CMD enviado: G 944 97
[cnc_lib] CMD enviado: G 946 97
[cnc_lib] CMD enviado: G 947 96
[cnc_lib] CMD enviado: U 0 0
[cnc_lib] Trazado completado (6 puntos)
[cnc_lib] Iniciando trazado: 2 puntos
[cnc_lib] CMD enviado: U 0 0
[cnc_lib] CMD enviado: G 947 96
[cnc_lib] CMD enviado: P 0 0
[cnc_lib] CMD enviado: G 947 95
[cnc_lib] CMD enviado: U 0 0
[cnc_lib] Trazado completado (2 puntos)
[cnc_lib] Iniciando trazado: 2 puntos
[cnc_lib] CMD enviado: U 0 0
[cnc_lib] CMD enviado: G 947 95
[cnc_lib] CMD enviado: P 0 0
[cnc_lib] CMD enviado: G 947 91
[cnc_lib] CMD enviado: U 0 0
[cnc_lib] Trazado completado (2 puntos)
[cnc_lib] Iniciando trazado: 2 puntos
[cnc_lib] CMD enviado: U 0 0
[cnc_lib] CMD enviado: G 947 95
[cnc_lib] CMD enviado: P 0 0
[cnc_lib] CMD enviado: G 948 96
[cnc_lib] CMD enviado: U 0 0
[cnc_lib] Trazado completado (2 puntos)
[cnc_lib] Iniciando trazado: 2 puntos
[cnc_lib] CMD enviado: U 0 0
[cnc_lib] CMD enviado: G 948 96
[cnc_lib] CMD enviado: P 0 0
[cnc_lib] CMD enviado: G 947 96
[cnc_lib] CMD enviado: U 0 0
[cnc_lib] Trazado completado (2 puntos)
[cnc_lib] Iniciando trazado: 10 puntos
[cnc_lib] CMD enviado: U 0 0
[cnc_lib] CMD enviado: G 948 96
[cnc_lib] CMD enviado: P 0 0
[cnc_lib] CMD enviado: G 949 97
[cnc_lib] CMD enviado: G 950 97
[cnc_lib] CMD enviado: G 953 100
[cnc_lib] CMD enviado: G 953 101
[cnc_lib] CMD enviado: G 954 102
[cnc_lib] CMD enviado: G 954 105
[cnc_lib] CMD enviado: G 949 110
[cnc_lib] CMD enviado: G 948 110
[cnc_lib] CMD enviado: G 947 111
[cnc_lib] CMD enviado: U 0 0
[cnc_lib] Trazado completado (10 puntos)
[cnc_lib] Iniciando trazado: 6 puntos
[cnc_lib] CMD enviado: U 0 0
[cnc_lib] CMD enviado: G 947 111
[cnc_lib] CMD enviado: P 0 0
[cnc_lib] CMD enviado: G 946 110
[cnc_lib] CMD enviado: G 945 110
[cnc_lib] CMD enviado: G 940 105
[cnc_lib] CMD enviado: G 940 104
[cnc_lib] CMD enviado: G 939 103
[cnc_lib] CMD enviado: U 0 0
[cnc_lib] Trazado completado (6 puntos)
[cnc_lib] Iniciando trazado: 2 puntos
[cnc_lib] CMD enviado: U 0 0
[cnc_lib] CMD enviado: G 947 111
[cnc_lib] CMD enviado: P 0 0
[cnc_lib] CMD enviado: G 947 115
[cnc_lib] CMD enviado: U 0 0
[cnc_lib] Trazado completado (2 puntos)
[cnc_lib] Iniciando trazado: 2 puntos
[cnc_lib] CMD enviado: U 0 0
[cnc_lib] CMD enviado: G 947 115
[cnc_lib] CMD enviado: P 0 0
[cnc_lib] CMD enviado: G 946 116
[cnc_lib] CMD enviado: U 0 0
[cnc_lib] Trazado completado (2 puntos)
[cnc_lib] Iniciando trazado: 76 puntos
[cnc_lib] CMD enviado: U 0 0
[cnc_lib] CMD enviado: G 946 116
[cnc_lib] CMD enviado: P 0 0
[cnc_lib] CMD enviado: G 931 116
[cnc_lib] CMD enviado: G 930 117
[cnc_lib] CMD enviado: G 928 117
[cnc_lib] CMD enviado: G 927 118
[cnc_lib] CMD enviado: G 926 118
[cnc_lib] CMD enviado: G 925 119
[cnc_lib] CMD enviado: G 924 119
[cnc_lib] CMD enviado: G 923 120
[cnc_lib] CMD enviado: G 922 120
[cnc_lib] CMD enviado: G 921 121
[cnc_lib] CMD enviado: G 920 121
[cnc_lib] CMD enviado: G 918 123
[cnc_lib] CMD enviado: G 917 123
[cnc_lib] CMD enviado: G 916 124
[cnc_lib] CMD enviado: G 915 124
[cnc_lib] CMD enviado: G 914 125
[cnc_lib] CMD enviado: G 913 125
[cnc_lib] CMD enviado: G 912 126
[cnc_lib] CMD enviado: G 911 126
[cnc_lib] CMD enviado: G 909 128
[cnc_lib] CMD enviado: G 908 128
[cnc_lib] CMD enviado: G 907 129
[cnc_lib] CMD enviado: G 906 129
[cnc_lib] CMD enviado: G 905 130
[cnc_lib] CMD enviado: G 904 130
[cnc_lib] CMD enviado: G 903 131
[cnc_lib] CMD enviado: G 902 131
[cnc_lib] CMD enviado: G 900 133
[cnc_lib] CMD enviado: G 899 133
[cnc_lib] CMD enviado: G 898 134
[cnc_lib] CMD enviado: G 897 134
[cnc_lib] CMD enviado: G 896 135
[cnc_lib] CMD enviado: G 895 135
[cnc_lib] CMD enviado: G 894 136
[cnc_lib] CMD enviado: G 893 136
[cnc_lib] CMD enviado: G 891 138
[cnc_lib] CMD enviado: G 890 138
[cnc_lib] CMD enviado: G 889 139
[cnc_lib] CMD enviado: G 888 139
[cnc_lib] CMD enviado: G 887 140
[cnc_lib] CMD enviado: G 886 140
[cnc_lib] CMD enviado: G 885 141
[cnc_lib] CMD enviado: G 884 141
[cnc_lib] CMD enviado: G 882 143
[cnc_lib] CMD enviado: G 881 143
[cnc_lib] CMD enviado: G 880 144
[cnc_lib] CMD enviado: G 879 144
[cnc_lib] CMD enviado: G 878 145
[cnc_lib] CMD enviado: G 877 145
[cnc_lib] CMD enviado: G 876 146
[cnc_lib] CMD enviado: G 875 146
[cnc_lib] CMD enviado: G 873 148
[cnc_lib] CMD enviado: G 872 148
[cnc_lib] CMD enviado: G 871 149
[cnc_lib] CMD enviado: G 870 149
[cnc_lib] CMD enviado: G 869 150
[cnc_lib] CMD enviado: G 868 150
[cnc_lib] CMD enviado: G 867 151
[cnc_lib] CMD enviado: G 866 151
[cnc_lib] CMD enviado: G 864 153
[cnc_lib] CMD enviado: G 863 153
[cnc_lib] CMD enviado: G 862 154
[cnc_lib] CMD enviado: G 861 154
[cnc_lib] CMD enviado: G 860 155
[cnc_lib] CMD enviado: G 859 155
[cnc_lib] CMD enviado: G 858 156
[cnc_lib] CMD enviado: G 857 156
[cnc_lib] CMD enviado: G 855 158
[cnc_lib] CMD enviado: G 854 158
[cnc_lib] CMD enviado: G 853 159
[cnc_lib] CMD enviado: G 852 159
[cnc_lib] CMD enviado: G 851 160
[cnc_lib] CMD enviado: G 850 160
[cnc_lib] CMD enviado: G 849 161
[cnc_lib] CMD enviado: G 816 161
[cnc_lib] CMD enviado: U 0 0
[cnc_lib] Trazado completado (76 puntos)
[cnc_lib] Iniciando trazado: 77 puntos
[cnc_lib] CMD enviado: U 0 0
[cnc_lib] CMD enviado: G 816 174
[cnc_lib] CMD enviado: P 0 0
[cnc_lib] CMD enviado: G 839 174
[cnc_lib] CMD enviado: G 840 175
[cnc_lib] CMD enviado: G 841 174
[cnc_lib] CMD enviado: G 850 174
[cnc_lib] CMD enviado: G 851 173
[cnc_lib] CMD enviado: G 852 173
[cnc_lib] CMD enviado: G 853 172
[cnc_lib] CMD enviado: G 854 172
[cnc_lib] CMD enviado: G 856 170
[cnc_lib] CMD enviado: G 857 170
[cnc_lib] CMD enviado: G 858 169
[cnc_lib] CMD enviado: G 859 169
[cnc_lib] CMD enviado: G 860 168
[cnc_lib] CMD enviado: G 861 168
[cnc_lib] CMD enviado: G 863 166
[cnc_lib] CMD enviado: G 864 166
[cnc_lib] CMD enviado: G 865 165
[cnc_lib] CMD enviado: G 866 165
[cnc_lib] CMD enviado: G 867 164
[cnc_lib] CMD enviado: G 868 164
[cnc_lib] CMD enviado: G 869 163
[cnc_lib] CMD enviado: G 870 163
[cnc_lib] CMD enviado: G 872 161
[cnc_lib] CMD enviado: G 873 161
[cnc_lib] CMD enviado: G 874 160
[cnc_lib] CMD enviado: G 875 160
[cnc_lib] CMD enviado: G 876 159
[cnc_lib] CMD enviado: G 877 159
[cnc_lib] CMD enviado: G 878 158
[cnc_lib] CMD enviado: G 879 158
[cnc_lib] CMD enviado: G 881 156
[cnc_lib] CMD enviado: G 882 156
[cnc_lib] CMD enviado: G 883 155
[cnc_lib] CMD enviado: G 884 155
[cnc_lib] CMD enviado: G 885 154
[cnc_lib] CMD enviado: G 886 154
[cnc_lib] CMD enviado: G 887 153
[cnc_lib] CMD enviado: G 888 153
[cnc_lib] CMD enviado: G 890 151
[cnc_lib] CMD enviado: G 891 151
[cnc_lib] CMD enviado: G 892 150
[cnc_lib] CMD enviado: G 893 150
[cnc_lib] CMD enviado: G 894 149
[cnc_lib] CMD enviado: G 895 149
[cnc_lib] CMD enviado: G 896 148
[cnc_lib] CMD enviado: G 897 148
[cnc_lib] CMD enviado: G 899 146
[cnc_lib] CMD enviado: G 900 146
[cnc_lib] CMD enviado: G 901 145
[cnc_lib] CMD enviado: G 902 145
[cnc_lib] CMD enviado: G 903 144
[cnc_lib] CMD enviado: G 904 144
[cnc_lib] CMD enviado: G 905 143
[cnc_lib] CMD enviado: G 906 143
[cnc_lib] CMD enviado: G 908 141
[cnc_lib] CMD enviado: G 909 141
[cnc_lib] CMD enviado: G 910 140
[cnc_lib] CMD enviado: G 911 140
[cnc_lib] CMD enviado: G 912 139
[cnc_lib] CMD enviado: G 913 139
[cnc_lib] CMD enviado: G 914 138
[cnc_lib] CMD enviado: G 915 138
[cnc_lib] CMD enviado: G 916 137
[cnc_lib] CMD enviado: G 917 137
[cnc_lib] CMD enviado: G 919 135
[cnc_lib] CMD enviado: G 920 135
[cnc_lib] CMD enviado: G 921 134
[cnc_lib] CMD enviado: G 922 134
[cnc_lib] CMD enviado: G 923 133
[cnc_lib] CMD enviado: G 924 133
[cnc_lib] CMD enviado: G 925 132
[cnc_lib] CMD enviado: G 926 132
[cnc_lib] CMD enviado: G 927 131
[cnc_lib] CMD enviado: G 928 131
[cnc_lib] CMD enviado: G 929 130
[cnc_lib] CMD enviado: G 939 130
[cnc_lib] CMD enviado: U 0 0
[cnc_lib] Trazado completado (77 puntos)
[cnc_lib] Iniciando trazado: 6 puntos
[cnc_lib] CMD enviado: U 0 0
[cnc_lib] CMD enviado: G 939 130
[cnc_lib] CMD enviado: P 0 0
[cnc_lib] CMD enviado: G 940 129
[cnc_lib] CMD enviado: G 940 128
[cnc_lib] CMD enviado: G 945 123
[cnc_lib] CMD enviado: G 946 123
[cnc_lib] CMD enviado: G 947 122
[cnc_lib] CMD enviado: U 0 0
[cnc_lib] Trazado completado (6 puntos)
[cnc_lib] Iniciando trazado: 2 puntos
[cnc_lib] CMD enviado: U 0 0
[cnc_lib] CMD enviado: G 947 122
[cnc_lib] CMD enviado: P 0 0
[cnc_lib] CMD enviado: G 947 121
[cnc_lib] CMD enviado: U 0 0
[cnc_lib] Trazado completado (2 puntos)
[cnc_lib] Iniciando trazado: 2 puntos
[cnc_lib] CMD enviado: U 0 0
[cnc_lib] CMD enviado: G 947 121
[cnc_lib] CMD enviado: P 0 0
[cnc_lib] CMD enviado: G 947 117
[cnc_lib] CMD enviado: U 0 0
[cnc_lib] Trazado completado (2 puntos)
[cnc_lib] Iniciando trazado: 2 puntos
[cnc_lib] CMD enviado: U 0 0
[cnc_lib] CMD enviado: G 947 117
[cnc_lib] CMD enviado: P 0 0
[cnc_lib] CMD enviado: G 946 116
[cnc_lib] CMD enviado: U 0 0
[cnc_lib] Trazado completado (2 puntos)
[cnc_lib] Iniciando trazado: 2 puntos
[cnc_lib] CMD enviado: U 0 0
[cnc_lib] CMD enviado: G 946 116
[cnc_lib] CMD enviado: P 0 0
[cnc_lib] CMD enviado: G 947 116
[cnc_lib] CMD enviado: U 0 0
[cnc_lib] Trazado completado (2 puntos)
[cnc_lib] Iniciando trazado: 2 puntos
[cnc_lib] CMD enviado: U 0 0
[cnc_lib] CMD enviado: G 947 116
[cnc_lib] CMD enviado: P 0 0
[cnc_lib] CMD enviado: G 947 115
[cnc_lib] CMD enviado: U 0 0
[cnc_lib] Trazado completado (2 puntos)
[cnc_lib] Iniciando trazado: 2 puntos
[cnc_lib] CMD enviado: U 0 0
[cnc_lib] CMD enviado: G 947 115
[cnc_lib] CMD enviado: P 0 0
[cnc_lib] CMD enviado: G 948 116
[cnc_lib] CMD enviado: U 0 0
[cnc_lib] Trazado completado (2 puntos)
[cnc_lib] Iniciando trazado: 2 puntos
[cnc_lib] CMD enviado: U 0 0
[cnc_lib] CMD enviado: G 948 116
[cnc_lib] CMD enviado: P 0 0
[cnc_lib] CMD enviado: G 947 116
[cnc_lib] CMD enviado: U 0 0
[cnc_lib] Trazado completado (2 puntos)
[cnc_lib] Iniciando trazado: 2 puntos
[cnc_lib] CMD enviado: U 0 0
[cnc_lib] CMD enviado: G 947 116
[cnc_lib] CMD enviado: P 0 0
[cnc_lib] CMD enviado: G 947 117
[cnc_lib] CMD enviado: U 0 0
[cnc_lib] Trazado completado (2 puntos)
[cnc_lib] Iniciando trazado: 2 puntos
[cnc_lib] CMD enviado: U 0 0
[cnc_lib] CMD enviado: G 947 117
[cnc_lib] CMD enviado: P 0 0
[cnc_lib] CMD enviado: G 948 116
[cnc_lib] CMD enviado: U 0 0
[cnc_lib] Trazado completado (2 puntos)
[cnc_lib] Iniciando trazado: 2 puntos
[cnc_lib] CMD enviado: U 0 0
[cnc_lib] CMD enviado: G 948 116
[cnc_lib] CMD enviado: P 0 0
[cnc_lib] CMD enviado: G 957 116
[cnc_lib] CMD enviado: U 0 0
[cnc_lib] Trazado completado (2 puntos)
[cnc_lib] Iniciando trazado: 2 puntos
[cnc_lib] CMD enviado: U 0 0
[cnc_lib] CMD enviado: G 948 122
[cnc_lib] CMD enviado: P 0 0
[cnc_lib] CMD enviado: G 947 121
[cnc_lib] CMD enviado: U 0 0
[cnc_lib] Trazado completado (2 puntos)
[cnc_lib] Iniciando trazado: 2 puntos
[cnc_lib] CMD enviado: U 0 0
[cnc_lib] CMD enviado: G 947 122
[cnc_lib] CMD enviado: P 0 0
[cnc_lib] CMD enviado: G 948 122
[cnc_lib] CMD enviado: U 0 0
[cnc_lib] Trazado completado (2 puntos)
[cnc_lib] Iniciando trazado: 8 puntos
[cnc_lib] CMD enviado: U 0 0
[cnc_lib] CMD enviado: G 948 122
[cnc_lib] CMD enviado: P 0 0
[cnc_lib] CMD enviado: G 954 128
[cnc_lib] CMD enviado: G 954 131
[cnc_lib] CMD enviado: G 953 132
[cnc_lib] CMD enviado: G 953 133
[cnc_lib] CMD enviado: G 949 137
[cnc_lib] CMD enviado: G 948 137
[cnc_lib] CMD enviado: G 947 138
[cnc_lib] CMD enviado: U 0 0
[cnc_lib] Trazado completado (8 puntos)
[cnc_lib] Iniciando trazado: 6 puntos
[cnc_lib] CMD enviado: U 0 0
[cnc_lib] CMD enviado: G 947 138
[cnc_lib] CMD enviado: P 0 0
[cnc_lib] CMD enviado: G 946 137
[cnc_lib] CMD enviado: G 945 137
[cnc_lib] CMD enviado: G 940 132
[cnc_lib] CMD enviado: G 940 131
[cnc_lib] CMD enviado: G 939 130
[cnc_lib] CMD enviado: U 0 0
[cnc_lib] Trazado completado (6 puntos)
[cnc_lib] Iniciando trazado: 2 puntos
[cnc_lib] CMD enviado: U 0 0
[cnc_lib] CMD enviado: G 947 138
[cnc_lib] CMD enviado: P 0 0
[cnc_lib] CMD enviado: G 947 141
[cnc_lib] CMD enviado: U 0 0
[cnc_lib] Trazado completado (2 puntos)
[cnc_lib] Iniciando trazado: 2 puntos
[cnc_lib] CMD enviado: U 0 0
[cnc_lib] CMD enviado: G 947 141
[cnc_lib] CMD enviado: P 0 0
[cnc_lib] CMD enviado: G 946 142
[cnc_lib] CMD enviado: U 0 0
[cnc_lib] Trazado completado (2 puntos)
[cnc_lib] Iniciando trazado: 2 puntos
[cnc_lib] CMD enviado: U 0 0
[cnc_lib] CMD enviado: G 946 142
[cnc_lib] CMD enviado: P 0 0
[cnc_lib] CMD enviado: G 947 142
[cnc_lib] CMD enviado: U 0 0
[cnc_lib] Trazado completado (2 puntos)
[cnc_lib] Iniciando trazado: 2 puntos
[cnc_lib] CMD enviado: U 0 0
[cnc_lib] CMD enviado: G 947 142
[cnc_lib] CMD enviado: P 0 0
[cnc_lib] CMD enviado: G 947 141
[cnc_lib] CMD enviado: U 0 0
[cnc_lib] Trazado completado (2 puntos)
[cnc_lib] Iniciando trazado: 2 puntos
[cnc_lib] CMD enviado: U 0 0
[cnc_lib] CMD enviado: G 947 141
[cnc_lib] CMD enviado: P 0 0
[cnc_lib] CMD enviado: G 948 142
[cnc_lib] CMD enviado: U 0 0
[cnc_lib] Trazado completado (2 puntos)
[cnc_lib] Iniciando trazado: 2 puntos
[cnc_lib] CMD enviado: U 0 0
[cnc_lib] CMD enviado: G 948 142
[cnc_lib] CMD enviado: P 0 0
[cnc_lib] CMD enviado: G 947 142
[cnc_lib] CMD enviado: U 0 0
[cnc_lib] Trazado completado (2 puntos)
[cnc_lib] Iniciando trazado: 77 puntos
[cnc_lib] CMD enviado: U 0 0
[cnc_lib] CMD enviado: G 946 142
[cnc_lib] CMD enviado: P 0 0
[cnc_lib] CMD enviado: G 945 143
[cnc_lib] CMD enviado: G 929 143
[cnc_lib] CMD enviado: G 928 144
[cnc_lib] CMD enviado: G 927 144
[cnc_lib] CMD enviado: G 926 145
[cnc_lib] CMD enviado: G 925 145
[cnc_lib] CMD enviado: G 924 146
[cnc_lib] CMD enviado: G 923 146
[cnc_lib] CMD enviado: G 921 148
[cnc_lib] CMD enviado: G 920 148
[cnc_lib] CMD enviado: G 919 149
[cnc_lib] CMD enviado: G 918 149
[cnc_lib] CMD enviado: G 917 150
[cnc_lib] CMD enviado: G 916 150
[cnc_lib] CMD enviado: G 914 152
[cnc_lib] CMD enviado: G 913 152
[cnc_lib] CMD enviado: G 912 153
[cnc_lib] CMD enviado: G 911 153
[cnc_lib] CMD enviado: G 910 154
[cnc_lib] CMD enviado: G 909 154
[cnc_lib] CMD enviado: G 908 155
[cnc_lib] CMD enviado: G 907 155
[cnc_lib] CMD enviado: G 905 157
[cnc_lib] CMD enviado: G 904 157
[cnc_lib] CMD enviado: G 903 158
[cnc_lib] CMD enviado: G 902 158
[cnc_lib] CMD enviado: G 901 159
[cnc_lib] CMD enviado: G 900 159
[cnc_lib] CMD enviado: G 899 160
[cnc_lib] CMD enviado: G 898 160
[cnc_lib] CMD enviado: G 896 162
[cnc_lib] CMD enviado: G 895 162
[cnc_lib] CMD enviado: G 894 163
[cnc_lib] CMD enviado: G 893 163
[cnc_lib] CMD enviado: G 892 164
[cnc_lib] CMD enviado: G 891 164
[cnc_lib] CMD enviado: G 890 165
[cnc_lib] CMD enviado: G 889 165
[cnc_lib] CMD enviado: G 888 166
[cnc_lib] CMD enviado: G 887 166
[cnc_lib] CMD enviado: G 885 168
[cnc_lib] CMD enviado: G 884 168
[cnc_lib] CMD enviado: G 883 169
[cnc_lib] CMD enviado: G 882 169
[cnc_lib] CMD enviado: G 881 170
[cnc_lib] CMD enviado: G 880 170
[cnc_lib] CMD enviado: G 879 171
[cnc_lib] CMD enviado: G 878 171
[cnc_lib] CMD enviado: G 876 173
[cnc_lib] CMD enviado: G 875 173
[cnc_lib] CMD enviado: G 874 174
[cnc_lib] CMD enviado: G 873 174
[cnc_lib] CMD enviado: G 872 175
[cnc_lib] CMD enviado: G 871 175
[cnc_lib] CMD enviado: G 870 176
[cnc_lib] CMD enviado: G 869 176
[cnc_lib] CMD enviado: G 867 178
[cnc_lib] CMD enviado: G 866 178
[cnc_lib] CMD enviado: G 865 179
[cnc_lib] CMD enviado: G 864 179
[cnc_lib] CMD enviado: G 863 180
[cnc_lib] CMD enviado: G 862 180
[cnc_lib] CMD enviado: G 860 182
[cnc_lib] CMD enviado: G 859 182
[cnc_lib] CMD enviado: G 858 183
[cnc_lib] CMD enviado: G 857 183
[cnc_lib] CMD enviado: G 856 184
[cnc_lib] CMD enviado: G 855 184
[cnc_lib] CMD enviado: G 854 185
[cnc_lib] CMD enviado: G 853 185
[cnc_lib] CMD enviado: G 852 186
[cnc_lib] CMD enviado: G 851 186
[cnc_lib] CMD enviado: G 850 187
[cnc_lib] CMD enviado: G 848 187
[cnc_lib] CMD enviado: G 847 188
[cnc_lib] CMD enviado: G 816 188
[cnc_lib] CMD enviado: U 0 0
[cnc_lib] Trazado completado (77 puntos)
[cnc_lib] Iniciando trazado: 10 puntos
[cnc_lib] CMD enviado: U 0 0
[cnc_lib] CMD enviado: G 804 200
[cnc_lib] CMD enviado: P 0 0
[cnc_lib] CMD enviado: G 804 220
[cnc_lib] CMD enviado: G 805 221
[cnc_lib] CMD enviado: G 805 222
[cnc_lib] CMD enviado: G 804 223
[cnc_lib] CMD enviado: G 804 226
[cnc_lib] CMD enviado: G 805 227
[cnc_lib] CMD enviado: G 805 233
[cnc_lib] CMD enviado: G 831 259
[cnc_lib] CMD enviado: G 840 259
[cnc_lib] CMD enviado: U 0 0
[cnc_lib] Trazado completado (10 puntos)
[cnc_lib] Iniciando trazado: 7 puntos
[cnc_lib] CMD enviado: U 0 0
[cnc_lib] CMD enviado: G 838 295
[cnc_lib] CMD enviado: P 0 0
[cnc_lib] CMD enviado: G 852 295
[cnc_lib] CMD enviado: G 853 294
[cnc_lib] CMD enviado: G 854 294
[cnc_lib] CMD enviado: G 855 293
[cnc_lib] CMD enviado: G 856 293
[cnc_lib] CMD enviado: G 879 270
[cnc_lib] CMD enviado: U 0 0
[cnc_lib] Trazado completado (7 puntos)
[cnc_lib] Iniciando trazado: 2 puntos
[cnc_lib] CMD enviado: U 0 0
[cnc_lib] CMD enviado: G 879 270
[cnc_lib] CMD enviado: P 0 0
[cnc_lib] CMD enviado: G 880 269
[cnc_lib] CMD enviado: U 0 0
[cnc_lib] Trazado completado (2 puntos)
[cnc_lib] Iniciando trazado: 2 puntos
[cnc_lib] CMD enviado: U 0 0
[cnc_lib] CMD enviado: G 880 269
[cnc_lib] CMD enviado: P 0 0
[cnc_lib] CMD enviado: G 880 239
[cnc_lib] CMD enviado: U 0 0
[cnc_lib] Trazado completado (2 puntos)
[cnc_lib] Iniciando trazado: 14 puntos
[cnc_lib] CMD enviado: U 0 0
[cnc_lib] CMD enviado: G 880 239
[cnc_lib] CMD enviado: P 0 0
[cnc_lib] CMD enviado: G 879 238
[cnc_lib] CMD enviado: G 878 238
[cnc_lib] CMD enviado: G 877 237
[cnc_lib] CMD enviado: G 875 237
[cnc_lib] CMD enviado: G 872 234
[cnc_lib] CMD enviado: G 872 233
[cnc_lib] CMD enviado: G 871 232
[cnc_lib] CMD enviado: G 871 222
[cnc_lib] CMD enviado: G 872 221
[cnc_lib] CMD enviado: G 872 220
[cnc_lib] CMD enviado: G 876 216
[cnc_lib] CMD enviado: G 879 216
[cnc_lib] CMD enviado: G 880 215
[cnc_lib] CMD enviado: U 0 0
[cnc_lib] Trazado completado (14 puntos)
[cnc_lib] Iniciando trazado: 2 puntos
[cnc_lib] CMD enviado: U 0 0
[cnc_lib] CMD enviado: G 880 215
[cnc_lib] CMD enviado: P 0 0
[cnc_lib] CMD enviado: G 880 214
[cnc_lib] CMD enviado: U 0 0
[cnc_lib] Trazado completado (2 puntos)
[cnc_lib] Iniciando trazado: 20 puntos
[cnc_lib] CMD enviado: U 0 0
[cnc_lib] CMD enviado: G 880 214
[cnc_lib] CMD enviado: P 0 0
[cnc_lib] CMD enviado: G 880 198
[cnc_lib] CMD enviado: G 884 194
[cnc_lib] CMD enviado: G 885 194
[cnc_lib] CMD enviado: G 886 193
[cnc_lib] CMD enviado: G 887 193
[cnc_lib] CMD enviado: G 889 191
[cnc_lib] CMD enviado: G 890 191
[cnc_lib] CMD enviado: G 891 190
[cnc_lib] CMD enviado: G 892 190
[cnc_lib] CMD enviado: G 894 188
[cnc_lib] CMD enviado: G 895 188
[cnc_lib] CMD enviado: G 896 187
[cnc_lib] CMD enviado: G 897 187
[cnc_lib] CMD enviado: G 899 185
[cnc_lib] CMD enviado: G 900 185
[cnc_lib] CMD enviado: G 901 184
[cnc_lib] CMD enviado: G 903 184
[cnc_lib] CMD enviado: G 904 183
[cnc_lib] CMD enviado: G 998 183
[cnc_lib] CMD enviado: U 0 0
[cnc_lib] Trazado completado (20 puntos)
[cnc_lib] Iniciando trazado: 3 puntos
[cnc_lib] CMD enviado: U 0 0
[cnc_lib] CMD enviado: G 998 183
[cnc_lib] CMD enviado: P 0 0
[cnc_lib] CMD enviado: G 999 182
[cnc_lib] CMD enviado: G 999 183
[cnc_lib] CMD enviado: U 0 0
[cnc_lib] Trazado completado (3 puntos)
[cnc_lib] Iniciando trazado: 2 puntos
[cnc_lib] CMD enviado: U 0 0
[cnc_lib] CMD enviado: G 999 183
[cnc_lib] CMD enviado: P 0 0
[cnc_lib] CMD enviado: G 998 183
[cnc_lib] CMD enviado: U 0 0
[cnc_lib] Trazado completado (2 puntos)
[cnc_lib] Iniciando trazado: 2 puntos
[cnc_lib] CMD enviado: U 0 0
[cnc_lib] CMD enviado: G 998 183
[cnc_lib] CMD enviado: P 0 0
[cnc_lib] CMD enviado: G 999 184
[cnc_lib] CMD enviado: U 0 0
[cnc_lib] Trazado completado (2 puntos)
[cnc_lib] Iniciando trazado: 2 puntos
[cnc_lib] CMD enviado: U 0 0
[cnc_lib] CMD enviado: G 999 184
[cnc_lib] CMD enviado: P 0 0
[cnc_lib] CMD enviado: G 999 183
[cnc_lib] CMD enviado: U 0 0
[cnc_lib] Trazado completado (2 puntos)
[cnc_lib] Iniciando trazado: 2 puntos
[cnc_lib] CMD enviado: U 0 0
[cnc_lib] CMD enviado: G 999 184
[cnc_lib] CMD enviado: P 0 0
[cnc_lib] CMD enviado: G 999 185
[cnc_lib] CMD enviado: U 0 0
[cnc_lib] Trazado completado (2 puntos)
[cnc_lib] Iniciando trazado: 2 puntos
[cnc_lib] CMD enviado: U 0 0
[cnc_lib] CMD enviado: G 957 144
[cnc_lib] CMD enviado: P 0 0
[cnc_lib] CMD enviado: G 956 143
[cnc_lib] CMD enviado: U 0 0
[cnc_lib] Trazado completado (2 puntos)
[cnc_lib] Iniciando trazado: 4 puntos
[cnc_lib] CMD enviado: U 0 0
[cnc_lib] CMD enviado: G 956 143
[cnc_lib] CMD enviado: P 0 0
[cnc_lib] CMD enviado: G 950 143
[cnc_lib] CMD enviado: G 949 142
[cnc_lib] CMD enviado: G 948 142
[cnc_lib] CMD enviado: U 0 0
[cnc_lib] Trazado completado (4 puntos)
[cnc_lib] Iniciando trazado: 2 puntos
[cnc_lib] CMD enviado: U 0 0
[cnc_lib] CMD enviado: G 956 143
[cnc_lib] CMD enviado: P 0 0
[cnc_lib] CMD enviado: G 957 143
[cnc_lib] CMD enviado: U 0 0
[cnc_lib] Trazado completado (2 puntos)
[cnc_lib] Iniciando trazado: 16 puntos
[cnc_lib] CMD enviado: U 0 0
[cnc_lib] CMD enviado: G 957 143
[cnc_lib] CMD enviado: P 0 0
[cnc_lib] CMD enviado: G 964 136
[cnc_lib] CMD enviado: G 966 136
[cnc_lib] CMD enviado: G 968 138
[cnc_lib] CMD enviado: G 969 138
[cnc_lib] CMD enviado: G 971 140
[cnc_lib] CMD enviado: G 971 141
[cnc_lib] CMD enviado: G 972 142
[cnc_lib] CMD enviado: G 972 145
[cnc_lib] CMD enviado: G 971 146
[cnc_lib] CMD enviado: G 971 147
[cnc_lib] CMD enviado: G 969 149
[cnc_lib] CMD enviado: G 968 149
[cnc_lib] CMD enviado: G 967 150
[cnc_lib] CMD enviado: G 963 150
[cnc_lib] CMD enviado: G 957 144
[cnc_lib] CMD enviado: U 0 0
[cnc_lib] Trazado completado (16 puntos)
[cnc_lib] Iniciando trazado: 2 puntos
[cnc_lib] CMD enviado: U 0 0
[cnc_lib] CMD enviado: G 957 144
[cnc_lib] CMD enviado: P 0 0
[cnc_lib] CMD enviado: G 957 143
[cnc_lib] CMD enviado: U 0 0
[cnc_lib] Trazado completado (2 puntos)
[cnc_lib] Iniciando trazado: 25 puntos
[cnc_lib] CMD enviado: U 0 0
[cnc_lib] CMD enviado: G 947 214
[cnc_lib] CMD enviado: P 0 0
[cnc_lib] CMD enviado: G 947 258
[cnc_lib] CMD enviado: G 948 259
[cnc_lib] CMD enviado: G 948 261
[cnc_lib] CMD enviado: G 949 262
[cnc_lib] CMD enviado: G 949 263
[cnc_lib] CMD enviado: G 951 265
[cnc_lib] CMD enviado: G 951 266
[cnc_lib] CMD enviado: G 953 268
[cnc_lib] CMD enviado: G 953 269
[cnc_lib] CMD enviado: G 955 271
[cnc_lib] CMD enviado: G 955 272
[cnc_lib] CMD enviado: G 957 274
[cnc_lib] CMD enviado: G 957 275
[cnc_lib] CMD enviado: G 959 277
[cnc_lib] CMD enviado: G 959 278
[cnc_lib] CMD enviado: G 961 280
[cnc_lib] CMD enviado: G 961 281
[cnc_lib] CMD enviado: G 963 283
[cnc_lib] CMD enviado: G 963 284
[cnc_lib] CMD enviado: G 964 285
[cnc_lib] CMD enviado: G 964 286
[cnc_lib] CMD enviado: G 965 287
[cnc_lib] CMD enviado: G 965 429
[cnc_lib] CMD enviado: G 966 430
[cnc_lib] CMD enviado: U 0 0
[cnc_lib] Trazado completado (25 puntos)
[cnc_lib] Iniciando trazado: 7 puntos
[cnc_lib] CMD enviado: U 0 0
[cnc_lib] CMD enviado: G 966 430
[cnc_lib] CMD enviado: P 0 0
[cnc_lib] CMD enviado: G 973 430
[cnc_lib] CMD enviado: G 974 431
[cnc_lib] CMD enviado: G 976 431
[cnc_lib] CMD enviado: G 977 432
[cnc_lib] CMD enviado: G 978 432
[cnc_lib] CMD enviado: G 979 433
[cnc_lib] CMD enviado: U 0 0
[cnc_lib] Trazado completado (7 puntos)
[cnc_lib] Iniciando trazado: 18 puntos
[cnc_lib] CMD enviado: U 0 0
[cnc_lib] CMD enviado: G 987 441
[cnc_lib] CMD enviado: P 0 0
[cnc_lib] CMD enviado: G 989 443
[cnc_lib] CMD enviado: G 989 444
[cnc_lib] CMD enviado: G 990 445
[cnc_lib] CMD enviado: G 990 447
[cnc_lib] CMD enviado: G 991 448
[cnc_lib] CMD enviado: G 991 452
[cnc_lib] CMD enviado: G 992 453
[cnc_lib] CMD enviado: G 992 459
[cnc_lib] CMD enviado: G 991 460
[cnc_lib] CMD enviado: G 991 463
[cnc_lib] CMD enviado: G 990 464
[cnc_lib] CMD enviado: G 990 466
[cnc_lib] CMD enviado: G 989 467
[cnc_lib] CMD enviado: G 989 468
[cnc_lib] CMD enviado: G 988 469
[cnc_lib] CMD enviado: G 988 470
[cnc_lib] CMD enviado: G 987 471
[cnc_lib] CMD enviado: U 0 0
[cnc_lib] Trazado completado (18 puntos)
[cnc_lib] Iniciando trazado: 7 puntos
[cnc_lib] CMD enviado: U 0 0
[cnc_lib] CMD enviado: G 978 479
[cnc_lib] CMD enviado: P 0 0
[cnc_lib] CMD enviado: G 977 480
[cnc_lib] CMD enviado: G 976 480
[cnc_lib] CMD enviado: G 975 481
[cnc_lib] CMD enviado: G 973 481
[cnc_lib] CMD enviado: G 972 482
[cnc_lib] CMD enviado: G 966 482
[cnc_lib] CMD enviado: U 0 0
[cnc_lib] Trazado completado (7 puntos)
[cnc_lib] Iniciando trazado: 2 puntos
[cnc_lib] CMD enviado: U 0 0
[cnc_lib] CMD enviado: G 966 482
[cnc_lib] CMD enviado: P 0 0
[cnc_lib] CMD enviado: G 965 481
[cnc_lib] CMD enviado: U 0 0
[cnc_lib] Trazado completado (2 puntos)
[cnc_lib] Iniciando trazado: 2 puntos
[cnc_lib] CMD enviado: U 0 0
[cnc_lib] CMD enviado: G 965 481
[cnc_lib] CMD enviado: P 0 0
[cnc_lib] CMD enviado: G 965 478
[cnc_lib] CMD enviado: U 0 0
[cnc_lib] Trazado completado (2 puntos)
[cnc_lib] Iniciando trazado: 2 puntos
[cnc_lib] CMD enviado: U 0 0
[cnc_lib] CMD enviado: G 965 478
[cnc_lib] CMD enviado: P 0 0
[cnc_lib] CMD enviado: G 964 477
[cnc_lib] CMD enviado: U 0 0
[cnc_lib] Trazado completado (2 puntos)
[cnc_lib] Iniciando trazado: 4 puntos
[cnc_lib] CMD enviado: U 0 0
[cnc_lib] CMD enviado: G 964 477
[cnc_lib] CMD enviado: P 0 0
[cnc_lib] CMD enviado: G 959 472
[cnc_lib] CMD enviado: G 959 469
[cnc_lib] CMD enviado: G 958 468
[cnc_lib] CMD enviado: U 0 0
[cnc_lib] Trazado completado (4 puntos)
[cnc_lib] Iniciando trazado: 2 puntos
[cnc_lib] CMD enviado: U 0 0
[cnc_lib] CMD enviado: G 958 468
[cnc_lib] CMD enviado: P 0 0
[cnc_lib] CMD enviado: G 957 467
[cnc_lib] CMD enviado: U 0 0
[cnc_lib] Trazado completado (2 puntos)
[cnc_lib] Iniciando trazado: 2 puntos
[cnc_lib] CMD enviado: U 0 0
[cnc_lib] CMD enviado: G 957 467
[cnc_lib] CMD enviado: P 0 0
[cnc_lib] CMD enviado: G 950 467
[cnc_lib] CMD enviado: U 0 0
[cnc_lib] Trazado completado (2 puntos)
[cnc_lib] Iniciando trazado: 2 puntos
[cnc_lib] CMD enviado: U 0 0
[cnc_lib] CMD enviado: G 950 467
[cnc_lib] CMD enviado: P 0 0
[cnc_lib] CMD enviado: G 949 466
[cnc_lib] CMD enviado: U 0 0
[cnc_lib] Trazado completado (2 puntos)
[cnc_lib] Iniciando trazado: 2 puntos
[cnc_lib] CMD enviado: U 0 0
[cnc_lib] CMD enviado: G 949 466
[cnc_lib] CMD enviado: P 0 0
[cnc_lib] CMD enviado: G 949 464
[cnc_lib] CMD enviado: U 0 0
[cnc_lib] Trazado completado (2 puntos)
[cnc_lib] Iniciando trazado: 2 puntos
[cnc_lib] CMD enviado: U 0 0
[cnc_lib] CMD enviado: G 949 466
[cnc_lib] CMD enviado: P 0 0
[cnc_lib] CMD enviado: G 948 467
[cnc_lib] CMD enviado: U 0 0
[cnc_lib] Trazado completado (2 puntos)
[cnc_lib] Iniciando trazado: 4 puntos
[cnc_lib] CMD enviado: U 0 0
[cnc_lib] CMD enviado: G 948 467
[cnc_lib] CMD enviado: P 0 0
[cnc_lib] CMD enviado: G 945 467
[cnc_lib] CMD enviado: G 944 468
[cnc_lib] CMD enviado: G 943 468
[cnc_lib] CMD enviado: U 0 0
[cnc_lib] Trazado completado (4 puntos)
[cnc_lib] Iniciando trazado: 2 puntos
[cnc_lib] CMD enviado: U 0 0
[cnc_lib] CMD enviado: G 943 468
[cnc_lib] CMD enviado: P 0 0
[cnc_lib] CMD enviado: G 942 468
[cnc_lib] CMD enviado: U 0 0
[cnc_lib] Trazado completado (2 puntos)
[cnc_lib] Iniciando trazado: 11 puntos
[cnc_lib] CMD enviado: U 0 0
[cnc_lib] CMD enviado: G 942 468
[cnc_lib] CMD enviado: P 0 0
[cnc_lib] CMD enviado: G 940 466
[cnc_lib] CMD enviado: G 940 465
[cnc_lib] CMD enviado: G 939 464
[cnc_lib] CMD enviado: G 939 461
[cnc_lib] CMD enviado: G 938 460
[cnc_lib] CMD enviado: G 938 451
[cnc_lib] CMD enviado: G 939 450
[cnc_lib] CMD enviado: G 939 448
[cnc_lib] CMD enviado: G 940 447
[cnc_lib] CMD enviado: G 940 445
[cnc_lib] CMD enviado: U 0 0
[cnc_lib] Trazado completado (11 puntos)
[cnc_lib] Iniciando trazado: 6 puntos
[cnc_lib] CMD enviado: U 0 0
[cnc_lib] CMD enviado: G 955 431
[cnc_lib] CMD enviado: P 0 0
[cnc_lib] CMD enviado: G 956 431
[cnc_lib] CMD enviado: G 957 430
[cnc_lib] CMD enviado: G 961 430
[cnc_lib] CMD enviado: G 962 431
[cnc_lib] CMD enviado: G 964 431
[cnc_lib] CMD enviado: U 0 0
[cnc_lib] Trazado completado (6 puntos)
[cnc_lib] Iniciando trazado: 2 puntos
[cnc_lib] CMD enviado: U 0 0
[cnc_lib] CMD enviado: G 964 431
[cnc_lib] CMD enviado: P 0 0
[cnc_lib] CMD enviado: G 965 431
[cnc_lib] CMD enviado: U 0 0
[cnc_lib] Trazado completado (2 puntos)
[cnc_lib] Iniciando trazado: 2 puntos
[cnc_lib] CMD enviado: U 0 0
[cnc_lib] CMD enviado: G 965 431
[cnc_lib] CMD enviado: P 0 0
[cnc_lib] CMD enviado: G 966 430
[cnc_lib] CMD enviado: U 0 0
[cnc_lib] Trazado completado (2 puntos)
[cnc_lib] Iniciando trazado: 2 puntos
[cnc_lib] CMD enviado: U 0 0
[cnc_lib] CMD enviado: G 965 431
[cnc_lib] CMD enviado: P 0 0
[cnc_lib] CMD enviado: G 965 432
[cnc_lib] CMD enviado: U 0 0
[cnc_lib] Trazado completado (2 puntos)
[cnc_lib] Iniciando trazado: 2 puntos
[cnc_lib] CMD enviado: U 0 0
[cnc_lib] CMD enviado: G 965 432
[cnc_lib] CMD enviado: P 0 0
[cnc_lib] CMD enviado: G 964 431
[cnc_lib] CMD enviado: U 0 0
[cnc_lib] Trazado completado (2 puntos)
[cnc_lib] Iniciando trazado: 2 puntos
[cnc_lib] CMD enviado: U 0 0
[cnc_lib] CMD enviado: G 965 432
[cnc_lib] CMD enviado: P 0 0
[cnc_lib] CMD enviado: G 965 433
[cnc_lib] CMD enviado: U 0 0
[cnc_lib] Trazado completado (2 puntos)
[cnc_lib] Iniciando trazado: 2 puntos
[cnc_lib] CMD enviado: U 0 0
[cnc_lib] CMD enviado: G 958 467
[cnc_lib] CMD enviado: P 0 0
[cnc_lib] CMD enviado: G 957 467
[cnc_lib] CMD enviado: U 0 0
[cnc_lib] Trazado completado (2 puntos)
[cnc_lib] Iniciando trazado: 14 puntos
[cnc_lib] CMD enviado: U 0 0
[cnc_lib] CMD enviado: G 958 467
[cnc_lib] CMD enviado: P 0 0
[cnc_lib] CMD enviado: G 963 462
[cnc_lib] CMD enviado: G 966 462
[cnc_lib] CMD enviado: G 968 464
[cnc_lib] CMD enviado: G 969 464
[cnc_lib] CMD enviado: G 971 466
[cnc_lib] CMD enviado: G 971 467
[cnc_lib] CMD enviado: G 972 468
[cnc_lib] CMD enviado: G 972 470
[cnc_lib] CMD enviado: G 971 471
[cnc_lib] CMD enviado: G 971 472
[cnc_lib] CMD enviado: G 967 476
[cnc_lib] CMD enviado: G 966 476
[cnc_lib] CMD enviado: G 965 477
[cnc_lib] CMD enviado: U 0 0
[cnc_lib] Trazado completado (14 puntos)
[cnc_lib] Iniciando trazado: 2 puntos
[cnc_lib] CMD enviado: U 0 0
[cnc_lib] CMD enviado: G 965 477
[cnc_lib] CMD enviado: P 0 0
[cnc_lib] CMD enviado: G 964 477
[cnc_lib] CMD enviado: U 0 0
[cnc_lib] Trazado completado (2 puntos)
[cnc_lib] Iniciando trazado: 2 puntos
[cnc_lib] CMD enviado: U 0 0
[cnc_lib] CMD enviado: G 965 477
[cnc_lib] CMD enviado: P 0 0
[cnc_lib] CMD enviado: G 965 478
[cnc_lib] CMD enviado: U 0 0
[cnc_lib] Trazado completado (2 puntos)
[cnc_lib] Iniciando trazado: 2 puntos
[cnc_lib] CMD enviado: U 0 0
[cnc_lib] CMD enviado: G 965 481
[cnc_lib] CMD enviado: P 0 0
[cnc_lib] CMD enviado: G 964 482
[cnc_lib] CMD enviado: U 0 0
[cnc_lib] Trazado completado (2 puntos)
[cnc_lib] Iniciando trazado: 4 puntos
[cnc_lib] CMD enviado: U 0 0
[cnc_lib] CMD enviado: G 964 482
[cnc_lib] CMD enviado: P 0 0
[cnc_lib] CMD enviado: G 958 482
[cnc_lib] CMD enviado: G 957 481
[cnc_lib] CMD enviado: G 956 481
[cnc_lib] CMD enviado: U 0 0
[cnc_lib] Trazado completado (4 puntos)
[cnc_lib] Iniciando trazado: 2 puntos
[cnc_lib] CMD enviado: U 0 0
[cnc_lib] CMD enviado: G 964 482
[cnc_lib] CMD enviado: P 0 0
[cnc_lib] CMD enviado: G 965 482
[cnc_lib] CMD enviado: U 0 0
[cnc_lib] Trazado completado (2 puntos)
[cnc_lib] Iniciando trazado: 2 puntos
[cnc_lib] CMD enviado: U 0 0
[cnc_lib] CMD enviado: G 965 482
[cnc_lib] CMD enviado: P 0 0
[cnc_lib] CMD enviado: G 965 481
[cnc_lib] CMD enviado: U 0 0
[cnc_lib] Trazado completado (2 puntos)
[cnc_lib] Iniciando trazado: 2 puntos
[cnc_lib] CMD enviado: U 0 0
[cnc_lib] CMD enviado: G 965 482
[cnc_lib] CMD enviado: P 0 0
[cnc_lib] CMD enviado: G 966 482
[cnc_lib] CMD enviado: U 0 0
[cnc_lib] Trazado completado (2 puntos)
[cnc_lib] Iniciando trazado: 2 puntos
[cnc_lib] CMD enviado: U 0 0
[cnc_lib] CMD enviado: G 966 482
[cnc_lib] CMD enviado: P 0 0
[cnc_lib] CMD enviado: G 965 483
[cnc_lib] CMD enviado: U 0 0
[cnc_lib] Trazado completado (2 puntos)
[cnc_lib] Iniciando trazado: 2 puntos
[cnc_lib] CMD enviado: U 0 0
[cnc_lib] CMD enviado: G 965 483
[cnc_lib] CMD enviado: P 0 0
[cnc_lib] CMD enviado: G 964 482
[cnc_lib] CMD enviado: U 0 0
[cnc_lib] Trazado completado (2 puntos)
[cnc_lib] Iniciando trazado: 2 puntos
[cnc_lib] CMD enviado: U 0 0
[cnc_lib] CMD enviado: G 965 482
[cnc_lib] CMD enviado: P 0 0
[cnc_lib] CMD enviado: G 965 483
[cnc_lib] CMD enviado: U 0 0
[cnc_lib] Trazado completado (2 puntos)
[cnc_lib] Iniciando trazado: 6 puntos
[cnc_lib] CMD enviado: U 0 0
[cnc_lib] CMD enviado: G 965 483
[cnc_lib] CMD enviado: P 0 0
[cnc_lib] CMD enviado: G 965 536
[cnc_lib] CMD enviado: G 982 553
[cnc_lib] CMD enviado: G 983 553
[cnc_lib] CMD enviado: G 984 554
[cnc_lib] CMD enviado: G 998 554
[cnc_lib] CMD enviado: U 0 0
[cnc_lib] Trazado completado (6 puntos)
[cnc_lib] Iniciando trazado: 2 puntos
[cnc_lib] CMD enviado: U 0 0
[cnc_lib] CMD enviado: G 998 554
[cnc_lib] CMD enviado: P 0 0
[cnc_lib] CMD enviado: G 999 553
[cnc_lib] CMD enviado: U 0 0
[cnc_lib] Trazado completado (2 puntos)
[cnc_lib] Iniciando trazado: 2 puntos
[cnc_lib] CMD enviado: U 0 0
[cnc_lib] CMD enviado: G 999 553
[cnc_lib] CMD enviado: P 0 0
[cnc_lib] CMD enviado: G 999 552
[cnc_lib] CMD enviado: U 0 0
[cnc_lib] Trazado completado (2 puntos)
[cnc_lib] Iniciando trazado: 2 puntos
[cnc_lib] CMD enviado: U 0 0
[cnc_lib] CMD enviado: G 999 553
[cnc_lib] CMD enviado: P 0 0
[cnc_lib] CMD enviado: G 999 554
[cnc_lib] CMD enviado: U 0 0
[cnc_lib] Trazado completado (2 puntos)
[cnc_lib] Iniciando trazado: 2 puntos
[cnc_lib] CMD enviado: U 0 0
[cnc_lib] CMD enviado: G 999 554
[cnc_lib] CMD enviado: P 0 0
[cnc_lib] CMD enviado: G 998 554
[cnc_lib] CMD enviado: U 0 0
[cnc_lib] Trazado completado (2 puntos)
[cnc_lib] Iniciando trazado: 2 puntos
[cnc_lib] CMD enviado: U 0 0
[cnc_lib] CMD enviado: G 998 554
[cnc_lib] CMD enviado: P 0 0
[cnc_lib] CMD enviado: G 999 555
[cnc_lib] CMD enviado: U 0 0
[cnc_lib] Trazado completado (2 puntos)
[cnc_lib] Iniciando trazado: 2 puntos
[cnc_lib] CMD enviado: U 0 0
[cnc_lib] CMD enviado: G 999 555
[cnc_lib] CMD enviado: P 0 0
[cnc_lib] CMD enviado: G 999 554
[cnc_lib] CMD enviado: U 0 0
[cnc_lib] Trazado completado (2 puntos)
[cnc_lib] Iniciando trazado: 2 puntos
[cnc_lib] CMD enviado: U 0 0
[cnc_lib] CMD enviado: G 999 555
[cnc_lib] CMD enviado: P 0 0
[cnc_lib] CMD enviado: G 999 556
[cnc_lib] CMD enviado: U 0 0
[cnc_lib] Trazado completado (2 puntos)
[cnc_lib] Iniciando trazado: 3 puntos
[cnc_lib] CMD enviado: U 0 0
[cnc_lib] CMD enviado: G 999 625
[cnc_lib] CMD enviado: P 0 0
[cnc_lib] CMD enviado: G 999 624
[cnc_lib] CMD enviado: G 998 625
[cnc_lib] CMD enviado: U 0 0
[cnc_lib] Trazado completado (3 puntos)
[cnc_lib] Iniciando trazado: 31 puntos
[cnc_lib] CMD enviado: U 0 0
[cnc_lib] CMD enviado: G 998 625
[cnc_lib] CMD enviado: P 0 0
[cnc_lib] CMD enviado: G 976 625
[cnc_lib] CMD enviado: G 969 632
[cnc_lib] CMD enviado: G 969 633
[cnc_lib] CMD enviado: G 967 635
[cnc_lib] CMD enviado: G 967 636
[cnc_lib] CMD enviado: G 965 638
[cnc_lib] CMD enviado: G 965 639
[cnc_lib] CMD enviado: G 963 641
[cnc_lib] CMD enviado: G 963 642
[cnc_lib] CMD enviado: G 961 644
[cnc_lib] CMD enviado: G 961 645
[cnc_lib] CMD enviado: G 959 647
[cnc_lib] CMD enviado: G 959 648
[cnc_lib] CMD enviado: G 957 650
[cnc_lib] CMD enviado: G 957 651
[cnc_lib] CMD enviado: G 956 652
[cnc_lib] CMD enviado: G 956 785
[cnc_lib] CMD enviado: G 955 786
[cnc_lib] CMD enviado: G 955 787
[cnc_lib] CMD enviado: G 954 788
[cnc_lib] CMD enviado: G 953 788
[cnc_lib] CMD enviado: G 950 791
[cnc_lib] CMD enviado: G 949 791
[cnc_lib] CMD enviado: G 946 794
[cnc_lib] CMD enviado: G 945 794
[cnc_lib] CMD enviado: G 942 797
[cnc_lib] CMD enviado: G 941 797
[cnc_lib] CMD enviado: G 939 799
[cnc_lib] CMD enviado: G 835 799
[cnc_lib] CMD enviado: G 827 791
[cnc_lib] CMD enviado: U 0 0
[cnc_lib] Trazado completado (31 puntos)
[cnc_lib] Iniciando trazado: 2 puntos
[cnc_lib] CMD enviado: U 0 0
[cnc_lib] CMD enviado: G 827 791
[cnc_lib] CMD enviado: P 0 0
[cnc_lib] CMD enviado: G 827 790
[cnc_lib] CMD enviado: U 0 0
[cnc_lib] Trazado completado (2 puntos)
[cnc_lib] Iniciando trazado: 22 puntos
[cnc_lib] CMD enviado: U 0 0
[cnc_lib] CMD enviado: G 827 790
[cnc_lib] CMD enviado: P 0 0
[cnc_lib] CMD enviado: G 828 789
[cnc_lib] CMD enviado: G 828 788
[cnc_lib] CMD enviado: G 829 787
[cnc_lib] CMD enviado: G 829 785
[cnc_lib] CMD enviado: G 828 784
[cnc_lib] CMD enviado: G 828 783
[cnc_lib] CMD enviado: G 825 780
[cnc_lib] CMD enviado: G 824 780
[cnc_lib] CMD enviado: G 823 779
[cnc_lib] CMD enviado: G 821 779
[cnc_lib] CMD enviado: G 820 780
[cnc_lib] CMD enviado: G 819 780
[cnc_lib] CMD enviado: G 816 783
[cnc_lib] CMD enviado: G 816 784
[cnc_lib] CMD enviado: G 815 785
[cnc_lib] CMD enviado: G 815 787
[cnc_lib] CMD enviado: G 816 788
[cnc_lib] CMD enviado: G 816 789
[cnc_lib] CMD enviado: G 819 792
[cnc_lib] CMD enviado: G 825 792
[cnc_lib] CMD enviado: G 826 791
[cnc_lib] CMD enviado: U 0 0
[cnc_lib] Trazado completado (22 puntos)
[cnc_lib] Iniciando trazado: 2 puntos
[cnc_lib] CMD enviado: U 0 0
[cnc_lib] CMD enviado: G 826 791
[cnc_lib] CMD enviado: P 0 0
[cnc_lib] CMD enviado: G 827 790
[cnc_lib] CMD enviado: U 0 0
[cnc_lib] Trazado completado (2 puntos)
[cnc_lib] Iniciando trazado: 2 puntos
[cnc_lib] CMD enviado: U 0 0
[cnc_lib] CMD enviado: G 827 791
[cnc_lib] CMD enviado: P 0 0
[cnc_lib] CMD enviado: G 826 791
[cnc_lib] CMD enviado: U 0 0
[cnc_lib] Trazado completado (2 puntos)
[cnc_lib] Iniciando trazado: 86 puntos
[cnc_lib] CMD enviado: U 0 0
[cnc_lib] CMD enviado: G 894 746
[cnc_lib] CMD enviado: P 0 0
[cnc_lib] CMD enviado: G 878 746
[cnc_lib] CMD enviado: G 877 745
[cnc_lib] CMD enviado: G 875 745
[cnc_lib] CMD enviado: G 874 744
[cnc_lib] CMD enviado: G 873 744
[cnc_lib] CMD enviado: G 872 743
[cnc_lib] CMD enviado: G 871 743
[cnc_lib] CMD enviado: G 869 741
[cnc_lib] CMD enviado: G 868 741
[cnc_lib] CMD enviado: G 866 739
[cnc_lib] CMD enviado: G 865 739
[cnc_lib] CMD enviado: G 863 737
[cnc_lib] CMD enviado: G 862 737
[cnc_lib] CMD enviado: G 860 735
[cnc_lib] CMD enviado: G 859 735
[cnc_lib] CMD enviado: G 857 733
[cnc_lib] CMD enviado: G 856 733
[cnc_lib] CMD enviado: G 855 732
[cnc_lib] CMD enviado: G 854 732
[cnc_lib] CMD enviado: G 852 730
[cnc_lib] CMD enviado: G 851 730
[cnc_lib] CMD enviado: G 849 728
[cnc_lib] CMD enviado: G 848 728
[cnc_lib] CMD enviado: G 846 726
[cnc_lib] CMD enviado: G 845 726
[cnc_lib] CMD enviado: G 843 724
[cnc_lib] CMD enviado: G 842 724
[cnc_lib] CMD enviado: G 840 722
[cnc_lib] CMD enviado: G 839 722
[cnc_lib] CMD enviado: G 837 720
[cnc_lib] CMD enviado: G 836 720
[cnc_lib] CMD enviado: G 835 719
[cnc_lib] CMD enviado: G 834 719
[cnc_lib] CMD enviado: G 832 717
[cnc_lib] CMD enviado: G 831 717
[cnc_lib] CMD enviado: G 829 715
[cnc_lib] CMD enviado: G 828 715
[cnc_lib] CMD enviado: G 826 713
[cnc_lib] CMD enviado: G 825 713
[cnc_lib] CMD enviado: G 823 711
[cnc_lib] CMD enviado: G 822 711
[cnc_lib] CMD enviado: G 820 709
[cnc_lib] CMD enviado: G 819 709
[cnc_lib] CMD enviado: G 817 707
[cnc_lib] CMD enviado: G 816 707
[cnc_lib] CMD enviado: G 814 705
[cnc_lib] CMD enviado: G 813 705
[cnc_lib] CMD enviado: G 812 704
[cnc_lib] CMD enviado: G 811 704
[cnc_lib] CMD enviado: G 809 702
[cnc_lib] CMD enviado: G 808 702
[cnc_lib] CMD enviado: G 806 700
[cnc_lib] CMD enviado: G 805 700
[cnc_lib] CMD enviado: G 803 698
[cnc_lib] CMD enviado: G 802 698
[cnc_lib] CMD enviado: G 800 696
[cnc_lib] CMD enviado: G 799 696
[cnc_lib] CMD enviado: G 797 694
[cnc_lib] CMD enviado: G 796 694
[cnc_lib] CMD enviado: G 794 692
[cnc_lib] CMD enviado: G 793 692
[cnc_lib] CMD enviado: G 791 690
[cnc_lib] CMD enviado: G 790 690
[cnc_lib] CMD enviado: G 789 689
[cnc_lib] CMD enviado: G 788 689
[cnc_lib] CMD enviado: G 786 687
[cnc_lib] CMD enviado: G 785 687
[cnc_lib] CMD enviado: G 783 685
[cnc_lib] CMD enviado: G 782 685
[cnc_lib] CMD enviado: G 780 683
[cnc_lib] CMD enviado: G 779 683
[cnc_lib] CMD enviado: G 777 681
[cnc_lib] CMD enviado: G 776 681
[cnc_lib] CMD enviado: G 774 679
[cnc_lib] CMD enviado: G 773 679
[cnc_lib] CMD enviado: G 771 677
[cnc_lib] CMD enviado: G 770 677
[cnc_lib] CMD enviado: G 768 675
[cnc_lib] CMD enviado: G 767 675
[cnc_lib] CMD enviado: G 765 673
[cnc_lib] CMD enviado: G 764 673
[cnc_lib] CMD enviado: G 762 671
[cnc_lib] CMD enviado: G 761 671
[cnc_lib] CMD enviado: G 760 670
[cnc_lib] CMD enviado: G 722 670
[cnc_lib] CMD enviado: U 0 0
[cnc_lib] Trazado completado (86 puntos)
[cnc_lib] Iniciando trazado: 85 puntos
[cnc_lib] CMD enviado: U 0 0
[cnc_lib] CMD enviado: G 722 683
[cnc_lib] CMD enviado: P 0 0
[cnc_lib] CMD enviado: G 759 683
[cnc_lib] CMD enviado: G 760 684
[cnc_lib] CMD enviado: G 761 684
[cnc_lib] CMD enviado: G 763 686
[cnc_lib] CMD enviado: G 764 686
[cnc_lib] CMD enviado: G 766 688
[cnc_lib] CMD enviado: G 767 688
[cnc_lib] CMD enviado: G 769 690
[cnc_lib] CMD enviado: G 770 690
[cnc_lib] CMD enviado: G 772 692
[cnc_lib] CMD enviado: G 773 692
[cnc_lib] CMD enviado: G 775 694
[cnc_lib] CMD enviado: G 776 694
[cnc_lib] CMD enviado: G 777 695
[cnc_lib] CMD enviado: G 778 695
[cnc_lib] CMD enviado: G 780 697
[cnc_lib] CMD enviado: G 781 697
[cnc_lib] CMD enviado: G 783 699
[cnc_lib] CMD enviado: G 784 699
[cnc_lib] CMD enviado: G 786 701
[cnc_lib] CMD enviado: G 787 701
[cnc_lib] CMD enviado: G 789 703
[cnc_lib] CMD enviado: G 790 703
[cnc_lib] CMD enviado: G 792 705
[cnc_lib] CMD enviado: G 793 705
[cnc_lib] CMD enviado: G 795 707
[cnc_lib] CMD enviado: G 796 707
[cnc_lib] CMD enviado: G 798 709
[cnc_lib] CMD enviado: G 799 709
[cnc_lib] CMD enviado: G 800 710
[cnc_lib] CMD enviado: G 801 710
[cnc_lib] CMD enviado: G 803 712
[cnc_lib] CMD enviado: G 804 712
[cnc_lib] CMD enviado: G 806 714
[cnc_lib] CMD enviado: G 807 714
[cnc_lib] CMD enviado: G 809 716
[cnc_lib] CMD enviado: G 810 716
[cnc_lib] CMD enviado: G 812 718
[cnc_lib] CMD enviado: G 813 718
[cnc_lib] CMD enviado: G 815 720
[cnc_lib] CMD enviado: G 816 720
[cnc_lib] CMD enviado: G 818 722
[cnc_lib] CMD enviado: G 819 722
[cnc_lib] CMD enviado: G 821 724
[cnc_lib] CMD enviado: G 822 724
[cnc_lib] CMD enviado: G 823 725
[cnc_lib] CMD enviado: G 824 725
[cnc_lib] CMD enviado: G 826 727
[cnc_lib] CMD enviado: G 827 727
[cnc_lib] CMD enviado: G 829 729
[cnc_lib] CMD enviado: G 830 729
[cnc_lib] CMD enviado: G 832 731
[cnc_lib] CMD enviado: G 833 731
[cnc_lib] CMD enviado: G 835 733
[cnc_lib] CMD enviado: G 836 733
[cnc_lib] CMD enviado: G 838 735
[cnc_lib] CMD enviado: G 839 735
[cnc_lib] CMD enviado: G 841 737
[cnc_lib] CMD enviado: G 842 737
[cnc_lib] CMD enviado: G 844 739
[cnc_lib] CMD enviado: G 845 739
[cnc_lib] CMD enviado: G 846 740
[cnc_lib] CMD enviado: G 847 740
[cnc_lib] CMD enviado: G 849 742
[cnc_lib] CMD enviado: G 850 742
[cnc_lib] CMD enviado: G 852 744
[cnc_lib] CMD enviado: G 853 744
[cnc_lib] CMD enviado: G 855 746
[cnc_lib] CMD enviado: G 856 746
[cnc_lib] CMD enviado: G 858 748
[cnc_lib] CMD enviado: G 859 748
[cnc_lib] CMD enviado: G 861 750
[cnc_lib] CMD enviado: G 862 750
[cnc_lib] CMD enviado: G 864 752
[cnc_lib] CMD enviado: G 865 752
[cnc_lib] CMD enviado: G 867 754
[cnc_lib] CMD enviado: G 868 754
[cnc_lib] CMD enviado: G 870 756
[cnc_lib] CMD enviado: G 871 756
[cnc_lib] CMD enviado: G 873 758
[cnc_lib] CMD enviado: G 875 758
[cnc_lib] CMD enviado: G 876 759
[cnc_lib] CMD enviado: G 901 759
[cnc_lib] CMD enviado: G 902 758
[cnc_lib] CMD enviado: U 0 0
[cnc_lib] Trazado completado (85 puntos)
[cnc_lib] Iniciando trazado: 2 puntos
[cnc_lib] CMD enviado: U 0 0
[cnc_lib] CMD enviado: G 902 758
[cnc_lib] CMD enviado: P 0 0
[cnc_lib] CMD enviado: G 903 757
[cnc_lib] CMD enviado: U 0 0
[cnc_lib] Trazado completado (2 puntos)
[cnc_lib] Iniciando trazado: 2 puntos
[cnc_lib] CMD enviado: U 0 0
[cnc_lib] CMD enviado: G 903 757
[cnc_lib] CMD enviado: P 0 0
[cnc_lib] CMD enviado: G 903 754
[cnc_lib] CMD enviado: U 0 0
[cnc_lib] Trazado completado (2 puntos)
[cnc_lib] Iniciando trazado: 2 puntos
[cnc_lib] CMD enviado: U 0 0
[cnc_lib] CMD enviado: G 903 754
[cnc_lib] CMD enviado: P 0 0
[cnc_lib] CMD enviado: G 902 753
[cnc_lib] CMD enviado: U 0 0
[cnc_lib] Trazado completado (2 puntos)
[cnc_lib] Iniciando trazado: 3 puntos
[cnc_lib] CMD enviado: U 0 0
[cnc_lib] CMD enviado: G 902 753
[cnc_lib] CMD enviado: P 0 0
[cnc_lib] CMD enviado: G 901 753
[cnc_lib] CMD enviado: G 894 746
[cnc_lib] CMD enviado: U 0 0
[cnc_lib] Trazado completado (3 puntos)
[cnc_lib] Iniciando trazado: 4 puntos
[cnc_lib] CMD enviado: U 0 0
[cnc_lib] CMD enviado: G 894 746
[cnc_lib] CMD enviado: P 0 0
[cnc_lib] CMD enviado: G 901 739
[cnc_lib] CMD enviado: G 902 739
[cnc_lib] CMD enviado: G 903 738
[cnc_lib] CMD enviado: U 0 0
[cnc_lib] Trazado completado (4 puntos)
[cnc_lib] Iniciando trazado: 2 puntos
[cnc_lib] CMD enviado: U 0 0
[cnc_lib] CMD enviado: G 903 738
[cnc_lib] CMD enviado: P 0 0
[cnc_lib] CMD enviado: G 903 733
[cnc_lib] CMD enviado: U 0 0
[cnc_lib] Trazado completado (2 puntos)
[cnc_lib] Iniciando trazado: 2 puntos
[cnc_lib] CMD enviado: U 0 0
[cnc_lib] CMD enviado: G 903 733
[cnc_lib] CMD enviado: P 0 0
[cnc_lib] CMD enviado: G 902 732
[cnc_lib] CMD enviado: U 0 0
[cnc_lib] Trazado completado (2 puntos)
[cnc_lib] Iniciando trazado: 89 puntos
[cnc_lib] CMD enviado: U 0 0
[cnc_lib] CMD enviado: G 902 732
[cnc_lib] CMD enviado: P 0 0
[cnc_lib] CMD enviado: G 876 732
[cnc_lib] CMD enviado: G 875 731
[cnc_lib] CMD enviado: G 874 731
[cnc_lib] CMD enviado: G 873 730
[cnc_lib] CMD enviado: G 872 730
[cnc_lib] CMD enviado: G 871 729
[cnc_lib] CMD enviado: G 870 729
[cnc_lib] CMD enviado: G 868 727
[cnc_lib] CMD enviado: G 867 727
[cnc_lib] CMD enviado: G 865 725
[cnc_lib] CMD enviado: G 864 725
[cnc_lib] CMD enviado: G 862 723
[cnc_lib] CMD enviado: G 861 723
[cnc_lib] CMD enviado: G 859 721
[cnc_lib] CMD enviado: G 858 721
[cnc_lib] CMD enviado: G 856 719
[cnc_lib] CMD enviado: G 855 719
[cnc_lib] CMD enviado: G 853 717
[cnc_lib] CMD enviado: G 852 717
[cnc_lib] CMD enviado: G 851 716
[cnc_lib] CMD enviado: G 850 716
[cnc_lib] CMD enviado: G 848 714
[cnc_lib] CMD enviado: G 847 714
[cnc_lib] CMD enviado: G 845 712
[cnc_lib] CMD enviado: G 844 712
[cnc_lib] CMD enviado: G 842 710
[cnc_lib] CMD enviado: G 841 710
[cnc_lib] CMD enviado: G 839 708
[cnc_lib] CMD enviado: G 838 708
[cnc_lib] CMD enviado: G 836 706
[cnc_lib] CMD enviado: G 835 706
[cnc_lib] CMD enviado: G 833 704
[cnc_lib] CMD enviado: G 832 704
[cnc_lib] CMD enviado: G 830 702
[cnc_lib] CMD enviado: G 829 702
[cnc_lib] CMD enviado: G 827 700
[cnc_lib] CMD enviado: G 826 700
[cnc_lib] CMD enviado: G 825 699
[cnc_lib] CMD enviado: G 824 699
[cnc_lib] CMD enviado: G 822 697
[cnc_lib] CMD enviado: G 821 697
[cnc_lib] CMD enviado: G 819 695
[cnc_lib] CMD enviado: G 818 695
[cnc_lib] CMD enviado: G 816 693
[cnc_lib] CMD enviado: G 815 693
[cnc_lib] CMD enviado: G 813 691
[cnc_lib] CMD enviado: G 812 691
[cnc_lib] CMD enviado: G 810 689
[cnc_lib] CMD enviado: G 809 689
[cnc_lib] CMD enviado: G 807 687
[cnc_lib] CMD enviado: G 806 687
[cnc_lib] CMD enviado: G 804 685
[cnc_lib] CMD enviado: G 803 685
[cnc_lib] CMD enviado: G 802 684
[cnc_lib] CMD enviado: G 801 684
[cnc_lib] CMD enviado: G 799 682
[cnc_lib] CMD enviado: G 798 682
[cnc_lib] CMD enviado: G 796 680
[cnc_lib] CMD enviado: G 795 680
[cnc_lib] CMD enviado: G 793 678
[cnc_lib] CMD enviado: G 792 678
[cnc_lib] CMD enviado: G 790 676
[cnc_lib] CMD enviado: G 789 676
[cnc_lib] CMD enviado: G 787 674
[cnc_lib] CMD enviado: G 786 674
[cnc_lib] CMD enviado: G 784 672
[cnc_lib] CMD enviado: G 783 672
[cnc_lib] CMD enviado: G 781 670
[cnc_lib] CMD enviado: G 780 670
[cnc_lib] CMD enviado: G 779 669
[cnc_lib] CMD enviado: G 778 669
[cnc_lib] CMD enviado: G 776 667
[cnc_lib] CMD enviado: G 775 667
[cnc_lib] CMD enviado: G 773 665
[cnc_lib] CMD enviado: G 772 665
[cnc_lib] CMD enviado: G 770 663
[cnc_lib] CMD enviado: G 769 663
[cnc_lib] CMD enviado: G 767 661
[cnc_lib] CMD enviado: G 766 661
[cnc_lib] CMD enviado: G 764 659
[cnc_lib] CMD enviado: G 763 659
[cnc_lib] CMD enviado: G 761 657
[cnc_lib] CMD enviado: G 760 657
[cnc_lib] CMD enviado: G 759 656
[cnc_lib] CMD enviado: G 747 656
[cnc_lib] CMD enviado: G 746 657
[cnc_lib] CMD enviado: G 745 656
[cnc_lib] CMD enviado: G 722 656
[cnc_lib] CMD enviado: U 0 0
[cnc_lib] Trazado completado (89 puntos)
[cnc_lib] Iniciando trazado: 84 puntos
[cnc_lib] CMD enviado: U 0 0
[cnc_lib] CMD enviado: G 722 643
[cnc_lib] CMD enviado: P 0 0
[cnc_lib] CMD enviado: G 760 643
[cnc_lib] CMD enviado: G 762 645
[cnc_lib] CMD enviado: G 763 645
[cnc_lib] CMD enviado: G 765 647
[cnc_lib] CMD enviado: G 766 647
[cnc_lib] CMD enviado: G 768 649
[cnc_lib] CMD enviado: G 769 649
[cnc_lib] CMD enviado: G 771 651
[cnc_lib] CMD enviado: G 772 651
[cnc_lib] CMD enviado: G 774 653
[cnc_lib] CMD enviado: G 775 653
[cnc_lib] CMD enviado: G 776 654
[cnc_lib] CMD enviado: G 777 654
[cnc_lib] CMD enviado: G 779 656
[cnc_lib] CMD enviado: G 780 656
[cnc_lib] CMD enviado: G 782 658
[cnc_lib] CMD enviado: G 783 658
[cnc_lib] CMD enviado: G 785 660
[cnc_lib] CMD enviado: G 786 660
[cnc_lib] CMD enviado: G 788 662
[cnc_lib] CMD enviado: G 789 662
[cnc_lib] CMD enviado: G 791 664
[cnc_lib] CMD enviado: G 792 664
[cnc_lib] CMD enviado: G 794 666
[cnc_lib] CMD enviado: G 795 666
[cnc_lib] CMD enviado: G 797 668
[cnc_lib] CMD enviado: G 798 668
[cnc_lib] CMD enviado: G 799 669
[cnc_lib] CMD enviado: G 800 669
[cnc_lib] CMD enviado: G 802 671
[cnc_lib] CMD enviado: G 803 671
[cnc_lib] CMD enviado: G 805 673
[cnc_lib] CMD enviado: G 806 673
[cnc_lib] CMD enviado: G 808 675
[cnc_lib] CMD enviado: G 809 675
[cnc_lib] CMD enviado: G 811 677
[cnc_lib] CMD enviado: G 812 677
[cnc_lib] CMD enviado: G 814 679
[cnc_lib] CMD enviado: G 815 679
[cnc_lib] CMD enviado: G 817 681
[cnc_lib] CMD enviado: G 818 681
[cnc_lib] CMD enviado: G 820 683
[cnc_lib] CMD enviado: G 821 683
[cnc_lib] CMD enviado: G 822 684
[cnc_lib] CMD enviado: G 823 684
[cnc_lib] CMD enviado: G 825 686
[cnc_lib] CMD enviado: G 826 686
[cnc_lib] CMD enviado: G 828 688
[cnc_lib] CMD enviado: G 829 688
[cnc_lib] CMD enviado: G 831 690
[cnc_lib] CMD enviado: G 832 690
[cnc_lib] CMD enviado: G 834 692
[cnc_lib] CMD enviado: G 835 692
[cnc_lib] CMD enviado: G 837 694
[cnc_lib] CMD enviado: G 838 694
[cnc_lib] CMD enviado: G 840 696
[cnc_lib] CMD enviado: G 841 696
[cnc_lib] CMD enviado: G 843 698
[cnc_lib] CMD enviado: G 844 698
[cnc_lib] CMD enviado: G 845 699
[cnc_lib] CMD enviado: G 846 699
[cnc_lib] CMD enviado: G 848 701
[cnc_lib] CMD enviado: G 849 701
[cnc_lib] CMD enviado: G 851 703
[cnc_lib] CMD enviado: G 852 703
[cnc_lib] CMD enviado: G 854 705
[cnc_lib] CMD enviado: G 855 705
[cnc_lib] CMD enviado: G 857 707
[cnc_lib] CMD enviado: G 858 707
[cnc_lib] CMD enviado: G 860 709
[cnc_lib] CMD enviado: G 861 709
[cnc_lib] CMD enviado: G 863 711
[cnc_lib] CMD enviado: G 864 711
[cnc_lib] CMD enviado: G 866 713
[cnc_lib] CMD enviado: G 867 713
[cnc_lib] CMD enviado: G 869 715
[cnc_lib] CMD enviado: G 870 715
[cnc_lib] CMD enviado: G 871 716
[cnc_lib] CMD enviado: G 872 716
[cnc_lib] CMD enviado: G 874 718
[cnc_lib] CMD enviado: G 876 718
[cnc_lib] CMD enviado: G 877 719
[cnc_lib] CMD enviado: G 894 719
[cnc_lib] CMD enviado: U 0 0
[cnc_lib] Trazado completado (84 puntos)
[cnc_lib] Iniciando trazado: 4 puntos
[cnc_lib] CMD enviado: U 0 0
[cnc_lib] CMD enviado: G 894 719
[cnc_lib] CMD enviado: P 0 0
[cnc_lib] CMD enviado: G 900 713
[cnc_lib] CMD enviado: G 901 713
[cnc_lib] CMD enviado: G 902 712
[cnc_lib] CMD enviado: U 0 0
[cnc_lib] Trazado completado (4 puntos)
[cnc_lib] Iniciando trazado: 2 puntos
[cnc_lib] CMD enviado: U 0 0
[cnc_lib] CMD enviado: G 902 712
[cnc_lib] CMD enviado: P 0 0
[cnc_lib] CMD enviado: G 903 711
[cnc_lib] CMD enviado: U 0 0
[cnc_lib] Trazado completado (2 puntos)
[cnc_lib] Iniciando trazado: 2 puntos
[cnc_lib] CMD enviado: U 0 0
[cnc_lib] CMD enviado: G 903 711
[cnc_lib] CMD enviado: P 0 0
[cnc_lib] CMD enviado: G 903 708
[cnc_lib] CMD enviado: U 0 0
[cnc_lib] Trazado completado (2 puntos)
[cnc_lib] Iniciando trazado: 2 puntos
[cnc_lib] CMD enviado: U 0 0
[cnc_lib] CMD enviado: G 903 708
[cnc_lib] CMD enviado: P 0 0
[cnc_lib] CMD enviado: G 902 707
[cnc_lib] CMD enviado: U 0 0
[cnc_lib] Trazado completado (2 puntos)
[cnc_lib] Iniciando trazado: 93 puntos
[cnc_lib] CMD enviado: U 0 0
[cnc_lib] CMD enviado: G 902 707
[cnc_lib] CMD enviado: P 0 0
[cnc_lib] CMD enviado: G 901 706
[cnc_lib] CMD enviado: G 886 706
[cnc_lib] CMD enviado: G 885 705
[cnc_lib] CMD enviado: G 875 705
[cnc_lib] CMD enviado: G 874 704
[cnc_lib] CMD enviado: G 873 704
[cnc_lib] CMD enviado: G 871 702
[cnc_lib] CMD enviado: G 870 702
[cnc_lib] CMD enviado: G 868 700
[cnc_lib] CMD enviado: G 867 700
[cnc_lib] CMD enviado: G 866 699
[cnc_lib] CMD enviado: G 865 699
[cnc_lib] CMD enviado: G 863 697
[cnc_lib] CMD enviado: G 862 697
[cnc_lib] CMD enviado: G 860 695
[cnc_lib] CMD enviado: G 859 695
[cnc_lib] CMD enviado: G 857 693
[cnc_lib] CMD enviado: G 856 693
[cnc_lib] CMD enviado: G 854 691
[cnc_lib] CMD enviado: G 853 691
[cnc_lib] CMD enviado: G 851 689
[cnc_lib] CMD enviado: G 850 689
[cnc_lib] CMD enviado: G 848 687
[cnc_lib] CMD enviado: G 847 687
[cnc_lib] CMD enviado: G 845 685
[cnc_lib] CMD enviado: G 844 685
[cnc_lib] CMD enviado: G 842 683
[cnc_lib] CMD enviado: G 841 683
[cnc_lib] CMD enviado: G 840 682
[cnc_lib] CMD enviado: G 839 682
[cnc_lib] CMD enviado: G 837 680
[cnc_lib] CMD enviado: G 836 680
[cnc_lib] CMD enviado: G 834 678
[cnc_lib] CMD enviado: G 833 678
[cnc_lib] CMD enviado: G 831 676
[cnc_lib] CMD enviado: G 830 676
[cnc_lib] CMD enviado: G 828 674
[cnc_lib] CMD enviado: G 827 674
[cnc_lib] CMD enviado: G 825 672
[cnc_lib] CMD enviado: G 824 672
[cnc_lib] CMD enviado: G 822 670
[cnc_lib] CMD enviado: G 821 670
[cnc_lib] CMD enviado: G 819 668
[cnc_lib] CMD enviado: G 818 668
[cnc_lib] CMD enviado: G 817 667
[cnc_lib] CMD enviado: G 816 667
[cnc_lib] CMD enviado: G 814 665
[cnc_lib] CMD enviado: G 813 665
[cnc_lib] CMD enviado: G 811 663
[cnc_lib] CMD enviado: G 810 663
[cnc_lib] CMD enviado: G 808 661
[cnc_lib] CMD enviado: G 807 661
[cnc_lib] CMD enviado: G 805 659
[cnc_lib] CMD enviado: G 804 659
[cnc_lib] CMD enviado: G 802 657
[cnc_lib] CMD enviado: G 801 657
[cnc_lib] CMD enviado: G 799 655
[cnc_lib] CMD enviado: G 798 655
[cnc_lib] CMD enviado: G 796 653
[cnc_lib] CMD enviado: G 795 653
[cnc_lib] CMD enviado: G 794 652
[cnc_lib] CMD enviado: G 793 652
[cnc_lib] CMD enviado: G 791 650
[cnc_lib] CMD enviado: G 790 650
[cnc_lib] CMD enviado: G 788 648
[cnc_lib] CMD enviado: G 787 648
[cnc_lib] CMD enviado: G 785 646
[cnc_lib] CMD enviado: G 784 646
[cnc_lib] CMD enviado: G 782 644
[cnc_lib] CMD enviado: G 781 644
[cnc_lib] CMD enviado: G 779 642
[cnc_lib] CMD enviado: G 778 642
[cnc_lib] CMD enviado: G 776 640
[cnc_lib] CMD enviado: G 775 640
[cnc_lib] CMD enviado: G 773 638
[cnc_lib] CMD enviado: G 772 638
[cnc_lib] CMD enviado: G 771 637
[cnc_lib] CMD enviado: G 770 637
[cnc_lib] CMD enviado: G 768 635
[cnc_lib] CMD enviado: G 767 635
[cnc_lib] CMD enviado: G 765 633
[cnc_lib] CMD enviado: G 764 633
[cnc_lib] CMD enviado: G 762 631
[cnc_lib] CMD enviado: G 761 631
[cnc_lib] CMD enviado: G 760 630
[cnc_lib] CMD enviado: G 749 630
[cnc_lib] CMD enviado: G 748 629
[cnc_lib] CMD enviado: G 747 629
[cnc_lib] CMD enviado: G 746 630
[cnc_lib] CMD enviado: G 744 630
[cnc_lib] CMD enviado: G 743 629
[cnc_lib] CMD enviado: G 722 629
[cnc_lib] CMD enviado: U 0 0
[cnc_lib] Trazado completado (93 puntos)
[cnc_lib] Iniciando trazado: 86 puntos
[cnc_lib] CMD enviado: U 0 0
[cnc_lib] CMD enviado: G 722 616
[cnc_lib] CMD enviado: P 0 0
[cnc_lib] CMD enviado: G 759 616
[cnc_lib] CMD enviado: G 760 617
[cnc_lib] CMD enviado: G 761 617
[cnc_lib] CMD enviado: G 763 619
[cnc_lib] CMD enviado: G 764 619
[cnc_lib] CMD enviado: G 766 621
[cnc_lib] CMD enviado: G 767 621
[cnc_lib] CMD enviado: G 768 622
[cnc_lib] CMD enviado: G 769 622
[cnc_lib] CMD enviado: G 771 624
[cnc_lib] CMD enviado: G 772 624
[cnc_lib] CMD enviado: G 774 626
[cnc_lib] CMD enviado: G 775 626
[cnc_lib] CMD enviado: G 777 628
[cnc_lib] CMD enviado: G 778 628
[cnc_lib] CMD enviado: G 780 630
[cnc_lib] CMD enviado: G 781 630
[cnc_lib] CMD enviado: G 783 632
[cnc_lib] CMD enviado: G 784 632
[cnc_lib] CMD enviado: G 786 634
[cnc_lib] CMD enviado: G 787 634
[cnc_lib] CMD enviado: G 789 636
[cnc_lib] CMD enviado: G 790 636
[cnc_lib] CMD enviado: G 791 637
[cnc_lib] CMD enviado: G 792 637
[cnc_lib] CMD enviado: G 794 639
[cnc_lib] CMD enviado: G 795 639
[cnc_lib] CMD enviado: G 797 641
[cnc_lib] CMD enviado: G 798 641
[cnc_lib] CMD enviado: G 800 643
[cnc_lib] CMD enviado: G 801 643
[cnc_lib] CMD enviado: G 803 645
[cnc_lib] CMD enviado: G 804 645
[cnc_lib] CMD enviado: G 806 647
[cnc_lib] CMD enviado: G 807 647
[cnc_lib] CMD enviado: G 809 649
[cnc_lib] CMD enviado: G 810 649
[cnc_lib] CMD enviado: G 812 651
[cnc_lib] CMD enviado: G 813 651
[cnc_lib] CMD enviado: G 814 652
[cnc_lib] CMD enviado: G 815 652
[cnc_lib] CMD enviado: G 817 654
[cnc_lib] CMD enviado: G 818 654
[cnc_lib] CMD enviado: G 820 656
[cnc_lib] CMD enviado: G 821 656
[cnc_lib] CMD enviado: G 823 658
[cnc_lib] CMD enviado: G 824 658
[cnc_lib] CMD enviado: G 826 660
[cnc_lib] CMD enviado: G 827 660
[cnc_lib] CMD enviado: G 829 662
[cnc_lib] CMD enviado: G 830 662
[cnc_lib] CMD enviado: G 832 664
[cnc_lib] CMD enviado: G 833 664
[cnc_lib] CMD enviado: G 835 666
[cnc_lib] CMD enviado: G 836 666
[cnc_lib] CMD enviado: G 837 667
[cnc_lib] CMD enviado: G 838 667
[cnc_lib] CMD enviado: G 840 669
[cnc_lib] CMD enviado: G 841 669
[cnc_lib] CMD enviado: G 843 671
[cnc_lib] CMD enviado: G 844 671
[cnc_lib] CMD enviado: G 846 673
[cnc_lib] CMD enviado: G 847 673
[cnc_lib] CMD enviado: G 849 675
[cnc_lib] CMD enviado: G 850 675
[cnc_lib] CMD enviado: G 852 677
[cnc_lib] CMD enviado: G 853 677
[cnc_lib] CMD enviado: G 855 679
[cnc_lib] CMD enviado: G 856 679
[cnc_lib] CMD enviado: G 858 681
[cnc_lib] CMD enviado: G 859 681
[cnc_lib] CMD enviado: G 860 682
[cnc_lib] CMD enviado: G 861 682
[cnc_lib] CMD enviado: G 863 684
[cnc_lib] CMD enviado: G 864 684
[cnc_lib] CMD enviado: G 866 686
[cnc_lib] CMD enviado: G 867 686
[cnc_lib] CMD enviado: G 869 688
[cnc_lib] CMD enviado: G 870 688
[cnc_lib] CMD enviado: G 872 690
[cnc_lib] CMD enviado: G 873 690
[cnc_lib] CMD enviado: G 874 691
[cnc_lib] CMD enviado: G 875 691
[cnc_lib] CMD enviado: G 876 692
[cnc_lib] CMD enviado: G 894 692
[cnc_lib] CMD enviado: U 0 0
[cnc_lib] Trazado completado (86 puntos)
[cnc_lib] Iniciando trazado: 2 puntos
[cnc_lib] CMD enviado: U 0 0
[cnc_lib] CMD enviado: G 902 707
[cnc_lib] CMD enviado: P 0 0
[cnc_lib] CMD enviado: G 903 707
[cnc_lib] CMD enviado: U 0 0
[cnc_lib] Trazado completado (2 puntos)
[cnc_lib] Iniciando trazado: 5 puntos
[cnc_lib] CMD enviado: U 0 0
[cnc_lib] CMD enviado: G 903 707
[cnc_lib] CMD enviado: P 0 0
[cnc_lib] CMD enviado: G 904 706
[cnc_lib] CMD enviado: G 908 706
[cnc_lib] CMD enviado: G 909 705
[cnc_lib] CMD enviado: G 912 705
[cnc_lib] CMD enviado: U 0 0
[cnc_lib] Trazado completado (5 puntos)
[cnc_lib] Iniciando trazado: 2 puntos
[cnc_lib] CMD enviado: U 0 0
[cnc_lib] CMD enviado: G 912 705
[cnc_lib] CMD enviado: P 0 0
[cnc_lib] CMD enviado: G 913 705
[cnc_lib] CMD enviado: U 0 0
[cnc_lib] Trazado completado (2 puntos)
[cnc_lib] Iniciando trazado: 21 puntos
[cnc_lib] CMD enviado: U 0 0
[cnc_lib] CMD enviado: G 913 705
[cnc_lib] CMD enviado: P 0 0
[cnc_lib] CMD enviado: G 914 704
[cnc_lib] CMD enviado: G 914 703
[cnc_lib] CMD enviado: G 918 699
[cnc_lib] CMD enviado: G 922 699
[cnc_lib] CMD enviado: G 923 700
[cnc_lib] CMD enviado: G 924 700
[cnc_lib] CMD enviado: G 926 702
[cnc_lib] CMD enviado: G 926 703
[cnc_lib] CMD enviado: G 927 704
[cnc_lib] CMD enviado: G 927 708
[cnc_lib] CMD enviado: G 926 709
[cnc_lib] CMD enviado: G 926 710
[cnc_lib] CMD enviado: G 925 711
[cnc_lib] CMD enviado: G 924 711
[cnc_lib] CMD enviado: G 923 712
[cnc_lib] CMD enviado: G 919 712
[cnc_lib] CMD enviado: G 918 711
[cnc_lib] CMD enviado: G 917 711
[cnc_lib] CMD enviado: G 913 707
[cnc_lib] CMD enviado: G 913 706
[cnc_lib] CMD enviado: U 0 0
[cnc_lib] Trazado completado (21 puntos)
[cnc_lib] Iniciando trazado: 2 puntos
[cnc_lib] CMD enviado: U 0 0
[cnc_lib] CMD enviado: G 913 706
[cnc_lib] CMD enviado: P 0 0
[cnc_lib] CMD enviado: G 912 705
[cnc_lib] CMD enviado: U 0 0
[cnc_lib] Trazado completado (2 puntos)
[cnc_lib] Iniciando trazado: 2 puntos
[cnc_lib] CMD enviado: U 0 0
[cnc_lib] CMD enviado: G 913 705
[cnc_lib] CMD enviado: P 0 0
[cnc_lib] CMD enviado: G 913 706
[cnc_lib] CMD enviado: U 0 0
[cnc_lib] Trazado completado (2 puntos)
[cnc_lib] Iniciando trazado: 2 puntos
[cnc_lib] CMD enviado: U 0 0
[cnc_lib] CMD enviado: G 903 707
[cnc_lib] CMD enviado: P 0 0
[cnc_lib] CMD enviado: G 903 708
[cnc_lib] CMD enviado: U 0 0
[cnc_lib] Trazado completado (2 puntos)
[cnc_lib] Iniciando trazado: 2 puntos
[cnc_lib] CMD enviado: U 0 0
[cnc_lib] CMD enviado: G 903 711
[cnc_lib] CMD enviado: P 0 0
[cnc_lib] CMD enviado: G 903 712
[cnc_lib] CMD enviado: U 0 0
[cnc_lib] Trazado completado (2 puntos)
[cnc_lib] Iniciando trazado: 2 puntos
[cnc_lib] CMD enviado: U 0 0
[cnc_lib] CMD enviado: G 903 712
[cnc_lib] CMD enviado: P 0 0
[cnc_lib] CMD enviado: G 902 712
[cnc_lib] CMD enviado: U 0 0
[cnc_lib] Trazado completado (2 puntos)
[cnc_lib] Iniciando trazado: 2 puntos
[cnc_lib] CMD enviado: U 0 0
[cnc_lib] CMD enviado: G 903 712
[cnc_lib] CMD enviado: P 0 0
[cnc_lib] CMD enviado: G 904 712
[cnc_lib] CMD enviado: U 0 0
[cnc_lib] Trazado completado (2 puntos)
[cnc_lib] Iniciando trazado: 2 puntos
[cnc_lib] CMD enviado: U 0 0
[cnc_lib] CMD enviado: G 904 712
[cnc_lib] CMD enviado: P 0 0
[cnc_lib] CMD enviado: G 903 711
[cnc_lib] CMD enviado: U 0 0
[cnc_lib] Trazado completado (2 puntos)
[cnc_lib] Iniciando trazado: 12 puntos
[cnc_lib] CMD enviado: U 0 0
[cnc_lib] CMD enviado: G 904 712
[cnc_lib] CMD enviado: P 0 0
[cnc_lib] CMD enviado: G 906 714
[cnc_lib] CMD enviado: G 907 714
[cnc_lib] CMD enviado: G 908 715
[cnc_lib] CMD enviado: G 908 716
[cnc_lib] CMD enviado: G 909 717
[cnc_lib] CMD enviado: G 909 721
[cnc_lib] CMD enviado: G 908 722
[cnc_lib] CMD enviado: G 908 723
[cnc_lib] CMD enviado: G 905 726
[cnc_lib] CMD enviado: G 904 726
[cnc_lib] CMD enviado: G 903 727
[cnc_lib] CMD enviado: U 0 0
[cnc_lib] Trazado completado (12 puntos)
[cnc_lib] Iniciando trazado: 4 puntos
[cnc_lib] CMD enviado: U 0 0
[cnc_lib] CMD enviado: G 903 727
[cnc_lib] CMD enviado: P 0 0
[cnc_lib] CMD enviado: G 902 726
[cnc_lib] CMD enviado: G 901 726
[cnc_lib] CMD enviado: G 894 719
[cnc_lib] CMD enviado: U 0 0
[cnc_lib] Trazado completado (4 puntos)
[cnc_lib] Iniciando trazado: 2 puntos
[cnc_lib] CMD enviado: U 0 0
[cnc_lib] CMD enviado: G 903 727
[cnc_lib] CMD enviado: P 0 0
[cnc_lib] CMD enviado: G 903 731
[cnc_lib] CMD enviado: U 0 0
[cnc_lib] Trazado completado (2 puntos)
[cnc_lib] Iniciando trazado: 2 puntos
[cnc_lib] CMD enviado: U 0 0
[cnc_lib] CMD enviado: G 903 731
[cnc_lib] CMD enviado: P 0 0
[cnc_lib] CMD enviado: G 902 732
[cnc_lib] CMD enviado: U 0 0
[cnc_lib] Trazado completado (2 puntos)
[cnc_lib] Iniciando trazado: 2 puntos
[cnc_lib] CMD enviado: U 0 0
[cnc_lib] CMD enviado: G 902 732
[cnc_lib] CMD enviado: P 0 0
[cnc_lib] CMD enviado: G 903 732
[cnc_lib] CMD enviado: U 0 0
[cnc_lib] Trazado completado (2 puntos)
[cnc_lib] Iniciando trazado: 2 puntos
[cnc_lib] CMD enviado: U 0 0
[cnc_lib] CMD enviado: G 903 732
[cnc_lib] CMD enviado: P 0 0
[cnc_lib] CMD enviado: G 903 731
[cnc_lib] CMD enviado: U 0 0
[cnc_lib] Trazado completado (2 puntos)
[cnc_lib] Iniciando trazado: 2 puntos
[cnc_lib] CMD enviado: U 0 0
[cnc_lib] CMD enviado: G 903 731
[cnc_lib] CMD enviado: P 0 0
[cnc_lib] CMD enviado: G 904 732
[cnc_lib] CMD enviado: U 0 0
[cnc_lib] Trazado completado (2 puntos)
[cnc_lib] Iniciando trazado: 2 puntos
[cnc_lib] CMD enviado: U 0 0
[cnc_lib] CMD enviado: G 904 732
[cnc_lib] CMD enviado: P 0 0
[cnc_lib] CMD enviado: G 903 732
[cnc_lib] CMD enviado: U 0 0
[cnc_lib] Trazado completado (2 puntos)
[cnc_lib] Iniciando trazado: 2 puntos
[cnc_lib] CMD enviado: U 0 0
[cnc_lib] CMD enviado: G 903 732
[cnc_lib] CMD enviado: P 0 0
[cnc_lib] CMD enviado: G 903 733
[cnc_lib] CMD enviado: U 0 0
[cnc_lib] Trazado completado (2 puntos)
[cnc_lib] Iniciando trazado: 2 puntos
[cnc_lib] CMD enviado: U 0 0
[cnc_lib] CMD enviado: G 903 733
[cnc_lib] CMD enviado: P 0 0
[cnc_lib] CMD enviado: G 904 732
[cnc_lib] CMD enviado: U 0 0
[cnc_lib] Trazado completado (2 puntos)
[cnc_lib] Iniciando trazado: 2 puntos
[cnc_lib] CMD enviado: U 0 0
[cnc_lib] CMD enviado: G 904 732
[cnc_lib] CMD enviado: P 0 0
[cnc_lib] CMD enviado: G 912 732
[cnc_lib] CMD enviado: U 0 0
[cnc_lib] Trazado completado (2 puntos)
[cnc_lib] Iniciando trazado: 12 puntos
[cnc_lib] CMD enviado: U 0 0
[cnc_lib] CMD enviado: G 903 738
[cnc_lib] CMD enviado: P 0 0
[cnc_lib] CMD enviado: G 906 741
[cnc_lib] CMD enviado: G 907 741
[cnc_lib] CMD enviado: G 908 742
[cnc_lib] CMD enviado: G 908 743
[cnc_lib] CMD enviado: G 910 745
[cnc_lib] CMD enviado: G 910 747
[cnc_lib] CMD enviado: G 908 749
[cnc_lib] CMD enviado: G 908 750
[cnc_lib] CMD enviado: G 907 751
[cnc_lib] CMD enviado: G 906 751
[cnc_lib] CMD enviado: G 904 753
[cnc_lib] CMD enviado: U 0 0
[cnc_lib] Trazado completado (12 puntos)
[cnc_lib] Iniciando trazado: 2 puntos
[cnc_lib] CMD enviado: U 0 0
[cnc_lib] CMD enviado: G 904 753
[cnc_lib] CMD enviado: P 0 0
[cnc_lib] CMD enviado: G 903 753
[cnc_lib] CMD enviado: U 0 0
[cnc_lib] Trazado completado (2 puntos)
[cnc_lib] Iniciando trazado: 2 puntos
[cnc_lib] CMD enviado: U 0 0
[cnc_lib] CMD enviado: G 903 753
[cnc_lib] CMD enviado: P 0 0
[cnc_lib] CMD enviado: G 902 753
[cnc_lib] CMD enviado: U 0 0
[cnc_lib] Trazado completado (2 puntos)
[cnc_lib] Iniciando trazado: 2 puntos
[cnc_lib] CMD enviado: U 0 0
[cnc_lib] CMD enviado: G 903 753
[cnc_lib] CMD enviado: P 0 0
[cnc_lib] CMD enviado: G 903 754
[cnc_lib] CMD enviado: U 0 0
[cnc_lib] Trazado completado (2 puntos)
[cnc_lib] Iniciando trazado: 2 puntos
[cnc_lib] CMD enviado: U 0 0
[cnc_lib] CMD enviado: G 903 754
[cnc_lib] CMD enviado: P 0 0
[cnc_lib] CMD enviado: G 904 753
[cnc_lib] CMD enviado: U 0 0
[cnc_lib] Trazado completado (2 puntos)
[cnc_lib] Iniciando trazado: 2 puntos
[cnc_lib] CMD enviado: U 0 0
[cnc_lib] CMD enviado: G 903 757
[cnc_lib] CMD enviado: P 0 0
[cnc_lib] CMD enviado: G 903 758
[cnc_lib] CMD enviado: U 0 0
[cnc_lib] Trazado completado (2 puntos)
[cnc_lib] Iniciando trazado: 2 puntos
[cnc_lib] CMD enviado: U 0 0
[cnc_lib] CMD enviado: G 903 758
[cnc_lib] CMD enviado: P 0 0
[cnc_lib] CMD enviado: G 902 758
[cnc_lib] CMD enviado: U 0 0
[cnc_lib] Trazado completado (2 puntos)
[cnc_lib] Iniciando trazado: 2 puntos
[cnc_lib] CMD enviado: U 0 0
[cnc_lib] CMD enviado: G 903 758
[cnc_lib] CMD enviado: P 0 0
[cnc_lib] CMD enviado: G 904 758
[cnc_lib] CMD enviado: U 0 0
[cnc_lib] Trazado completado (2 puntos)
[cnc_lib] Iniciando trazado: 2 puntos
[cnc_lib] CMD enviado: U 0 0
[cnc_lib] CMD enviado: G 904 758
[cnc_lib] CMD enviado: P 0 0
[cnc_lib] CMD enviado: G 903 757
[cnc_lib] CMD enviado: U 0 0
[cnc_lib] Trazado completado (2 puntos)
[cnc_lib] Iniciando trazado: 3 puntos
[cnc_lib] CMD enviado: U 0 0
[cnc_lib] CMD enviado: G 904 758
[cnc_lib] CMD enviado: P 0 0
[cnc_lib] CMD enviado: G 905 759
[cnc_lib] CMD enviado: G 912 759
[cnc_lib] CMD enviado: U 0 0
[cnc_lib] Trazado completado (3 puntos)
[cnc_lib] Iniciando trazado: 86 puntos
[cnc_lib] CMD enviado: U 0 0
[cnc_lib] CMD enviado: G 912 679
[cnc_lib] CMD enviado: P 0 0
[cnc_lib] CMD enviado: G 877 679
[cnc_lib] CMD enviado: G 876 678
[cnc_lib] CMD enviado: G 875 678
[cnc_lib] CMD enviado: G 874 677
[cnc_lib] CMD enviado: G 873 677
[cnc_lib] CMD enviado: G 872 676
[cnc_lib] CMD enviado: G 871 676
[cnc_lib] CMD enviado: G 869 674
[cnc_lib] CMD enviado: G 868 674
[cnc_lib] CMD enviado: G 866 672
[cnc_lib] CMD enviado: G 865 672
[cnc_lib] CMD enviado: G 863 670
[cnc_lib] CMD enviado: G 862 670
[cnc_lib] CMD enviado: G 860 668
[cnc_lib] CMD enviado: G 859 668
[cnc_lib] CMD enviado: G 857 666
[cnc_lib] CMD enviado: G 856 666
[cnc_lib] CMD enviado: G 855 665
[cnc_lib] CMD enviado: G 854 665
[cnc_lib] CMD enviado: G 852 663
[cnc_lib] CMD enviado: G 851 663
[cnc_lib] CMD enviado: G 849 661
[cnc_lib] CMD enviado: G 848 661
[cnc_lib] CMD enviado: G 846 659
[cnc_lib] CMD enviado: G 845 659
[cnc_lib] CMD enviado: G 843 657
[cnc_lib] CMD enviado: G 842 657
[cnc_lib] CMD enviado: G 840 655
[cnc_lib] CMD enviado: G 839 655
[cnc_lib] CMD enviado: G 837 653
[cnc_lib] CMD enviado: G 836 653
[cnc_lib] CMD enviado: G 834 651
[cnc_lib] CMD enviado: G 833 651
[cnc_lib] CMD enviado: G 832 650
[cnc_lib] CMD enviado: G 831 650
[cnc_lib] CMD enviado: G 829 648
[cnc_lib] CMD enviado: G 828 648
[cnc_lib] CMD enviado: G 826 646
[cnc_lib] CMD enviado: G 825 646
[cnc_lib] CMD enviado: G 823 644
[cnc_lib] CMD enviado: G 822 644
[cnc_lib] CMD enviado: G 820 642
[cnc_lib] CMD enviado: G 819 642
[cnc_lib] CMD enviado: G 817 640
[cnc_lib] CMD enviado: G 816 640
[cnc_lib] CMD enviado: G 814 638
[cnc_lib] CMD enviado: G 813 638
[cnc_lib] CMD enviado: G 811 636
[cnc_lib] CMD enviado: G 810 636
[cnc_lib] CMD enviado: G 809 635
[cnc_lib] CMD enviado: G 808 635
[cnc_lib] CMD enviado: G 806 633
[cnc_lib] CMD enviado: G 805 633
[cnc_lib] CMD enviado: G 803 631
[cnc_lib] CMD enviado: G 802 631
[cnc_lib] CMD enviado: G 800 629
[cnc_lib] CMD enviado: G 799 629
[cnc_lib] CMD enviado: G 797 627
[cnc_lib] CMD enviado: G 796 627
[cnc_lib] CMD enviado: G 794 625
[cnc_lib] CMD enviado: G 793 625
[cnc_lib] CMD enviado: G 791 623
[cnc_lib] CMD enviado: G 790 623
[cnc_lib] CMD enviado: G 788 621
[cnc_lib] CMD enviado: G 787 621
[cnc_lib] CMD enviado: G 786 620
[cnc_lib] CMD enviado: G 785 620
[cnc_lib] CMD enviado: G 783 618
[cnc_lib] CMD enviado: G 782 618
[cnc_lib] CMD enviado: G 780 616
[cnc_lib] CMD enviado: G 779 616
[cnc_lib] CMD enviado: G 777 614
[cnc_lib] CMD enviado: G 776 614
[cnc_lib] CMD enviado: G 774 612
[cnc_lib] CMD enviado: G 773 612
[cnc_lib] CMD enviado: G 771 610
[cnc_lib] CMD enviado: G 770 610
[cnc_lib] CMD enviado: G 768 608
[cnc_lib] CMD enviado: G 767 608
[cnc_lib] CMD enviado: G 765 606
[cnc_lib] CMD enviado: G 764 606
[cnc_lib] CMD enviado: G 762 604
[cnc_lib] CMD enviado: G 761 604
[cnc_lib] CMD enviado: G 760 603
[cnc_lib] CMD enviado: G 722 603
[cnc_lib] CMD enviado: U 0 0
[cnc_lib] Trazado completado (86 puntos)
[cnc_lib] Iniciando trazado: 87 puntos
[cnc_lib] CMD enviado: U 0 0
[cnc_lib] CMD enviado: G 722 589
[cnc_lib] CMD enviado: P 0 0
[cnc_lib] CMD enviado: G 745 589
[cnc_lib] CMD enviado: G 746 590
[cnc_lib] CMD enviado: G 747 589
[cnc_lib] CMD enviado: G 758 589
[cnc_lib] CMD enviado: G 759 590
[cnc_lib] CMD enviado: G 761 590
[cnc_lib] CMD enviado: G 763 592
[cnc_lib] CMD enviado: G 764 592
[cnc_lib] CMD enviado: G 766 594
[cnc_lib] CMD enviado: G 767 594
[cnc_lib] CMD enviado: G 769 596
[cnc_lib] CMD enviado: G 770 596
[cnc_lib] CMD enviado: G 772 598
[cnc_lib] CMD enviado: G 773 598
[cnc_lib] CMD enviado: G 775 600
[cnc_lib] CMD enviado: G 776 600
[cnc_lib] CMD enviado: G 778 602
[cnc_lib] CMD enviado: G 779 602
[cnc_lib] CMD enviado: G 781 604
[cnc_lib] CMD enviado: G 782 604
[cnc_lib] CMD enviado: G 783 605
[cnc_lib] CMD enviado: G 784 605
[cnc_lib] CMD enviado: G 786 607
[cnc_lib] CMD enviado: G 787 607
[cnc_lib] CMD enviado: G 789 609
[cnc_lib] CMD enviado: G 790 609
[cnc_lib] CMD enviado: G 792 611
[cnc_lib] CMD enviado: G 793 611
[cnc_lib] CMD enviado: G 795 613
[cnc_lib] CMD enviado: G 796 613
[cnc_lib] CMD enviado: G 798 615
[cnc_lib] CMD enviado: G 799 615
[cnc_lib] CMD enviado: G 801 617
[cnc_lib] CMD enviado: G 802 617
[cnc_lib] CMD enviado: G 804 619
[cnc_lib] CMD enviado: G 805 619
[cnc_lib] CMD enviado: G 806 620
[cnc_lib] CMD enviado: G 807 620
[cnc_lib] CMD enviado: G 809 622
[cnc_lib] CMD enviado: G 810 622
[cnc_lib] CMD enviado: G 812 624
[cnc_lib] CMD enviado: G 813 624
[cnc_lib] CMD enviado: G 815 626
[cnc_lib] CMD enviado: G 816 626
[cnc_lib] CMD enviado: G 818 628
[cnc_lib] CMD enviado: G 819 628
[cnc_lib] CMD enviado: G 821 630
[cnc_lib] CMD enviado: G 822 630
[cnc_lib] CMD enviado: G 824 632
[cnc_lib] CMD enviado: G 825 632
[cnc_lib] CMD enviado: G 827 634
[cnc_lib] CMD enviado: G 828 634
[cnc_lib] CMD enviado: G 829 635
[cnc_lib] CMD enviado: G 830 635
[cnc_lib] CMD enviado: G 832 637
[cnc_lib] CMD enviado: G 833 637
[cnc_lib] CMD enviado: G 835 639
[cnc_lib] CMD enviado: G 836 639
[cnc_lib] CMD enviado: G 838 641
[cnc_lib] CMD enviado: G 839 641
[cnc_lib] CMD enviado: G 841 643
[cnc_lib] CMD enviado: G 842 643
[cnc_lib] CMD enviado: G 844 645
[cnc_lib] CMD enviado: G 845 645
[cnc_lib] CMD enviado: G 847 647
[cnc_lib] CMD enviado: G 848 647
[cnc_lib] CMD enviado: G 850 649
[cnc_lib] CMD enviado: G 851 649
[cnc_lib] CMD enviado: G 852 650
[cnc_lib] CMD enviado: G 853 650
[cnc_lib] CMD enviado: G 855 652
[cnc_lib] CMD enviado: G 856 652
[cnc_lib] CMD enviado: G 858 654
[cnc_lib] CMD enviado: G 859 654
[cnc_lib] CMD enviado: G 861 656
[cnc_lib] CMD enviado: G 862 656
[cnc_lib] CMD enviado: G 864 658
[cnc_lib] CMD enviado: G 865 658
[cnc_lib] CMD enviado: G 867 660
[cnc_lib] CMD enviado: G 868 660
[cnc_lib] CMD enviado: G 870 662
[cnc_lib] CMD enviado: G 871 662
[cnc_lib] CMD enviado: G 873 664
[cnc_lib] CMD enviado: G 875 664
[cnc_lib] CMD enviado: G 876 665
[cnc_lib] CMD enviado: G 894 665
[cnc_lib] CMD enviado: U 0 0
[cnc_lib] Trazado completado (87 puntos)
[cnc_lib] Iniciando trazado: 2 puntos
[cnc_lib] CMD enviado: U 0 0
[cnc_lib] CMD enviado: G 894 665
[cnc_lib] CMD enviado: P 0 0
[cnc_lib] CMD enviado: G 895 665
[cnc_lib] CMD enviado: U 0 0
[cnc_lib] Trazado completado (2 puntos)
[cnc_lib] Iniciando trazado: 13 puntos
[cnc_lib] CMD enviado: U 0 0
[cnc_lib] CMD enviado: G 895 665
[cnc_lib] CMD enviado: P 0 0
[cnc_lib] CMD enviado: G 896 664
[cnc_lib] CMD enviado: G 896 663
[cnc_lib] CMD enviado: G 900 659
[cnc_lib] CMD enviado: G 905 659
[cnc_lib] CMD enviado: G 909 663
[cnc_lib] CMD enviado: G 909 668
[cnc_lib] CMD enviado: G 905 672
[cnc_lib] CMD enviado: G 901 672
[cnc_lib] CMD enviado: G 900 671
[cnc_lib] CMD enviado: G 899 671
[cnc_lib] CMD enviado: G 895 667
[cnc_lib] CMD enviado: G 895 666
[cnc_lib] CMD enviado: U 0 0
[cnc_lib] Trazado completado (13 puntos)
[cnc_lib] Iniciando trazado: 2 puntos
[cnc_lib] CMD enviado: U 0 0
[cnc_lib] CMD enviado: G 895 666
[cnc_lib] CMD enviado: P 0 0
[cnc_lib] CMD enviado: G 894 665
[cnc_lib] CMD enviado: U 0 0
[cnc_lib] Trazado completado (2 puntos)
[cnc_lib] Iniciando trazado: 2 puntos
[cnc_lib] CMD enviado: U 0 0
[cnc_lib] CMD enviado: G 895 665
[cnc_lib] CMD enviado: P 0 0
[cnc_lib] CMD enviado: G 895 666
[cnc_lib] CMD enviado: U 0 0
[cnc_lib] Trazado completado (2 puntos)
[cnc_lib] Iniciando trazado: 86 puntos
[cnc_lib] CMD enviado: U 0 0
[cnc_lib] CMD enviado: G 912 652
[cnc_lib] CMD enviado: P 0 0
[cnc_lib] CMD enviado: G 877 652
[cnc_lib] CMD enviado: G 876 651
[cnc_lib] CMD enviado: G 874 651
[cnc_lib] CMD enviado: G 873 650
[cnc_lib] CMD enviado: G 872 650
[cnc_lib] CMD enviado: G 870 648
[cnc_lib] CMD enviado: G 869 648
[cnc_lib] CMD enviado: G 867 646
[cnc_lib] CMD enviado: G 866 646
[cnc_lib] CMD enviado: G 864 644
[cnc_lib] CMD enviado: G 863 644
[cnc_lib] CMD enviado: G 861 642
[cnc_lib] CMD enviado: G 860 642
[cnc_lib] CMD enviado: G 858 640
[cnc_lib] CMD enviado: G 857 640
[cnc_lib] CMD enviado: G 855 638
[cnc_lib] CMD enviado: G 854 638
[cnc_lib] CMD enviado: G 852 636
[cnc_lib] CMD enviado: G 851 636
[cnc_lib] CMD enviado: G 849 634
[cnc_lib] CMD enviado: G 848 634
[cnc_lib] CMD enviado: G 847 633
[cnc_lib] CMD enviado: G 846 633
[cnc_lib] CMD enviado: G 844 631
[cnc_lib] CMD enviado: G 843 631
[cnc_lib] CMD enviado: G 841 629
[cnc_lib] CMD enviado: G 840 629
[cnc_lib] CMD enviado: G 838 627
[cnc_lib] CMD enviado: G 837 627
[cnc_lib] CMD enviado: G 835 625
[cnc_lib] CMD enviado: G 834 625
[cnc_lib] CMD enviado: G 832 623
[cnc_lib] CMD enviado: G 831 623
[cnc_lib] CMD enviado: G 829 621
[cnc_lib] CMD enviado: G 828 621
[cnc_lib] CMD enviado: G 826 619
[cnc_lib] CMD enviado: G 825 619
[cnc_lib] CMD enviado: G 824 618
[cnc_lib] CMD enviado: G 823 618
[cnc_lib] CMD enviado: G 821 616
[cnc_lib] CMD enviado: G 820 616
[cnc_lib] CMD enviado: G 818 614
[cnc_lib] CMD enviado: G 817 614
[cnc_lib] CMD enviado: G 815 612
[cnc_lib] CMD enviado: G 814 612
[cnc_lib] CMD enviado: G 812 610
[cnc_lib] CMD enviado: G 811 610
[cnc_lib] CMD enviado: G 809 608
[cnc_lib] CMD enviado: G 808 608
[cnc_lib] CMD enviado: G 806 606
[cnc_lib] CMD enviado: G 805 606
[cnc_lib] CMD enviado: G 803 604
[cnc_lib] CMD enviado: G 802 604
[cnc_lib] CMD enviado: G 801 603
[cnc_lib] CMD enviado: G 800 603
[cnc_lib] CMD enviado: G 798 601
[cnc_lib] CMD enviado: G 797 601
[cnc_lib] CMD enviado: G 795 599
[cnc_lib] CMD enviado: G 794 599
[cnc_lib] CMD enviado: G 792 597
[cnc_lib] CMD enviado: G 791 597
[cnc_lib] CMD enviado: G 789 595
[cnc_lib] CMD enviado: G 788 595
[cnc_lib] CMD enviado: G 786 593
[cnc_lib] CMD enviado: G 785 593
[cnc_lib] CMD enviado: G 783 591
[cnc_lib] CMD enviado: G 782 591
[cnc_lib] CMD enviado: G 780 589
[cnc_lib] CMD enviado: G 779 589
[cnc_lib] CMD enviado: G 778 588
[cnc_lib] CMD enviado: G 777 588
[cnc_lib] CMD enviado: G 775 586
[cnc_lib] CMD enviado: G 774 586
[cnc_lib] CMD enviado: G 772 584
[cnc_lib] CMD enviado: G 771 584
[cnc_lib] CMD enviado: G 769 582
[cnc_lib] CMD enviado: G 768 582
[cnc_lib] CMD enviado: G 766 580
[cnc_lib] CMD enviado: G 765 580
[cnc_lib] CMD enviado: G 763 578
[cnc_lib] CMD enviado: G 762 578
[cnc_lib] CMD enviado: G 761 577
[cnc_lib] CMD enviado: G 760 577
[cnc_lib] CMD enviado: G 759 576
[cnc_lib] CMD enviado: G 722 576
[cnc_lib] CMD enviado: U 0 0
[cnc_lib] Trazado completado (86 puntos)
[cnc_lib] Iniciando trazado: 88 puntos
[cnc_lib] CMD enviado: U 0 0
[cnc_lib] CMD enviado: G 722 562
[cnc_lib] CMD enviado: P 0 0
[cnc_lib] CMD enviado: G 743 562
[cnc_lib] CMD enviado: G 744 563
[cnc_lib] CMD enviado: G 760 563
[cnc_lib] CMD enviado: G 761 564
[cnc_lib] CMD enviado: G 762 564
[cnc_lib] CMD enviado: G 764 566
[cnc_lib] CMD enviado: G 765 566
[cnc_lib] CMD enviado: G 767 568
[cnc_lib] CMD enviado: G 768 568
[cnc_lib] CMD enviado: G 770 570
[cnc_lib] CMD enviado: G 771 570
[cnc_lib] CMD enviado: G 773 572
[cnc_lib] CMD enviado: G 774 572
[cnc_lib] CMD enviado: G 775 573
[cnc_lib] CMD enviado: G 776 573
[cnc_lib] CMD enviado: G 778 575
[cnc_lib] CMD enviado: G 779 575
[cnc_lib] CMD enviado: G 781 577
[cnc_lib] CMD enviado: G 782 577
[cnc_lib] CMD enviado: G 784 579
[cnc_lib] CMD enviado: G 785 579
[cnc_lib] CMD enviado: G 787 581
[cnc_lib] CMD enviado: G 788 581
[cnc_lib] CMD enviado: G 790 583
[cnc_lib] CMD enviado: G 791 583
[cnc_lib] CMD enviado: G 793 585
[cnc_lib] CMD enviado: G 794 585
[cnc_lib] CMD enviado: G 796 587
[cnc_lib] CMD enviado: G 797 587
[cnc_lib] CMD enviado: G 798 588
[cnc_lib] CMD enviado: G 799 588
[cnc_lib] CMD enviado: G 801 590
[cnc_lib] CMD enviado: G 802 590
[cnc_lib] CMD enviado: G 804 592
[cnc_lib] CMD enviado: G 805 592
[cnc_lib] CMD enviado: G 807 594
[cnc_lib] CMD enviado: G 808 594
[cnc_lib] CMD enviado: G 810 596
[cnc_lib] CMD enviado: G 811 596
[cnc_lib] CMD enviado: G 813 598
[cnc_lib] CMD enviado: G 814 598
[cnc_lib] CMD enviado: G 816 600
[cnc_lib] CMD enviado: G 817 600
[cnc_lib] CMD enviado: G 819 602
[cnc_lib] CMD enviado: G 820 602
[cnc_lib] CMD enviado: G 821 603
[cnc_lib] CMD enviado: G 822 603
[cnc_lib] CMD enviado: G 824 605
[cnc_lib] CMD enviado: G 825 605
[cnc_lib] CMD enviado: G 827 607
[cnc_lib] CMD enviado: G 828 607
[cnc_lib] CMD enviado: G 830 609
[cnc_lib] CMD enviado: G 831 609
[cnc_lib] CMD enviado: G 833 611
[cnc_lib] CMD enviado: G 834 611
[cnc_lib] CMD enviado: G 836 613
[cnc_lib] CMD enviado: G 837 613
[cnc_lib] CMD enviado: G 839 615
[cnc_lib] CMD enviado: G 840 615
[cnc_lib] CMD enviado: G 842 617
[cnc_lib] CMD enviado: G 843 617
[cnc_lib] CMD enviado: G 844 618
[cnc_lib] CMD enviado: G 845 618
[cnc_lib] CMD enviado: G 847 620
[cnc_lib] CMD enviado: G 848 620
[cnc_lib] CMD enviado: G 850 622
[cnc_lib] CMD enviado: G 851 622
[cnc_lib] CMD enviado: G 853 624
[cnc_lib] CMD enviado: G 854 624
[cnc_lib] CMD enviado: G 856 626
[cnc_lib] CMD enviado: G 857 626
[cnc_lib] CMD enviado: G 859 628
[cnc_lib] CMD enviado: G 860 628
[cnc_lib] CMD enviado: G 862 630
[cnc_lib] CMD enviado: G 863 630
[cnc_lib] CMD enviado: G 865 632
[cnc_lib] CMD enviado: G 866 632
[cnc_lib] CMD enviado: G 868 634
[cnc_lib] CMD enviado: G 869 634
[cnc_lib] CMD enviado: G 870 635
[cnc_lib] CMD enviado: G 871 635
[cnc_lib] CMD enviado: G 873 637
[cnc_lib] CMD enviado: G 874 637
[cnc_lib] CMD enviado: G 875 638
[cnc_lib] CMD enviado: G 877 638
[cnc_lib] CMD enviado: G 878 639
[cnc_lib] CMD enviado: G 894 639
[cnc_lib] CMD enviado: U 0 0
[cnc_lib] Trazado completado (88 puntos)
[cnc_lib] Iniciando trazado: 4 puntos
[cnc_lib] CMD enviado: U 0 0
[cnc_lib] CMD enviado: G 894 639
[cnc_lib] CMD enviado: P 0 0
[cnc_lib] CMD enviado: G 901 632
[cnc_lib] CMD enviado: G 902 632
[cnc_lib] CMD enviado: G 903 631
[cnc_lib] CMD enviado: U 0 0
[cnc_lib] Trazado completado (4 puntos)
[cnc_lib] Iniciando trazado: 2 puntos
[cnc_lib] CMD enviado: U 0 0
[cnc_lib] CMD enviado: G 903 631
[cnc_lib] CMD enviado: P 0 0
[cnc_lib] CMD enviado: G 903 630
[cnc_lib] CMD enviado: U 0 0
[cnc_lib] Trazado completado (2 puntos)
[cnc_lib] Iniciando trazado: 2 puntos
[cnc_lib] CMD enviado: U 0 0
[cnc_lib] CMD enviado: G 903 630
[cnc_lib] CMD enviado: P 0 0
[cnc_lib] CMD enviado: G 903 627
[cnc_lib] CMD enviado: U 0 0
[cnc_lib] Trazado completado (2 puntos)
[cnc_lib] Iniciando trazado: 2 puntos
[cnc_lib] CMD enviado: U 0 0
[cnc_lib] CMD enviado: G 903 627
[cnc_lib] CMD enviado: P 0 0
[cnc_lib] CMD enviado: G 903 626
[cnc_lib] CMD enviado: U 0 0
[cnc_lib] Trazado completado (2 puntos)
[cnc_lib] Iniciando trazado: 2 puntos
[cnc_lib] CMD enviado: U 0 0
[cnc_lib] CMD enviado: G 903 626
[cnc_lib] CMD enviado: P 0 0
[cnc_lib] CMD enviado: G 902 625
[cnc_lib] CMD enviado: U 0 0
[cnc_lib] Trazado completado (2 puntos)
[cnc_lib] Iniciando trazado: 86 puntos
[cnc_lib] CMD enviado: U 0 0
[cnc_lib] CMD enviado: G 902 625
[cnc_lib] CMD enviado: P 0 0
[cnc_lib] CMD enviado: G 876 625
[cnc_lib] CMD enviado: G 875 624
[cnc_lib] CMD enviado: G 874 624
[cnc_lib] CMD enviado: G 873 623
[cnc_lib] CMD enviado: G 872 623
[cnc_lib] CMD enviado: G 871 622
[cnc_lib] CMD enviado: G 870 622
[cnc_lib] CMD enviado: G 868 620
[cnc_lib] CMD enviado: G 867 620
[cnc_lib] CMD enviado: G 865 618
[cnc_lib] CMD enviado: G 864 618
[cnc_lib] CMD enviado: G 862 616
[cnc_lib] CMD enviado: G 861 616
[cnc_lib] CMD enviado: G 859 614
[cnc_lib] CMD enviado: G 858 614
[cnc_lib] CMD enviado: G 856 612
[cnc_lib] CMD enviado: G 855 612
[cnc_lib] CMD enviado: G 853 610
[cnc_lib] CMD enviado: G 852 610
[cnc_lib] CMD enviado: G 851 609
[cnc_lib] CMD enviado: G 850 609
[cnc_lib] CMD enviado: G 848 607
[cnc_lib] CMD enviado: G 847 607
[cnc_lib] CMD enviado: G 845 605
[cnc_lib] CMD enviado: G 844 605
[cnc_lib] CMD enviado: G 842 603
[cnc_lib] CMD enviado: G 841 603
[cnc_lib] CMD enviado: G 839 601
[cnc_lib] CMD enviado: G 838 601
[cnc_lib] CMD enviado: G 836 599
[cnc_lib] CMD enviado: G 835 599
[cnc_lib] CMD enviado: G 833 597
[cnc_lib] CMD enviado: G 832 597
[cnc_lib] CMD enviado: G 830 595
[cnc_lib] CMD enviado: G 829 595
[cnc_lib] CMD enviado: G 828 594
[cnc_lib] CMD enviado: G 827 594
[cnc_lib] CMD enviado: G 825 592
[cnc_lib] CMD enviado: G 824 592
[cnc_lib] CMD enviado: G 822 590
[cnc_lib] CMD enviado: G 821 590
[cnc_lib] CMD enviado: G 819 588
[cnc_lib] CMD enviado: G 818 588
[cnc_lib] CMD enviado: G 816 586
[cnc_lib] CMD enviado: G 815 586
[cnc_lib] CMD enviado: G 813 584
[cnc_lib] CMD enviado: G 812 584
[cnc_lib] CMD enviado: G 810 582
[cnc_lib] CMD enviado: G 809 582
[cnc_lib] CMD enviado: G 807 580
[cnc_lib] CMD enviado: G 806 580
[cnc_lib] CMD enviado: G 805 579
[cnc_lib] CMD enviado: G 804 579
[cnc_lib] CMD enviado: G 802 577
[cnc_lib] CMD enviado: G 801 577
[cnc_lib] CMD enviado: G 799 575
[cnc_lib] CMD enviado: G 798 575
[cnc_lib] CMD enviado: G 796 573
[cnc_lib] CMD enviado: G 795 573
[cnc_lib] CMD enviado: G 793 571
[cnc_lib] CMD enviado: G 792 571
[cnc_lib] CMD enviado: G 790 569
[cnc_lib] CMD enviado: G 789 569
[cnc_lib] CMD enviado: G 787 567
[cnc_lib] CMD enviado: G 786 567
[cnc_lib] CMD enviado: G 784 565
[cnc_lib] CMD enviado: G 783 565
[cnc_lib] CMD enviado: G 782 564
[cnc_lib] CMD enviado: G 781 564
[cnc_lib] CMD enviado: G 779 562
[cnc_lib] CMD enviado: G 778 562
[cnc_lib] CMD enviado: G 776 560
[cnc_lib] CMD enviado: G 775 560
[cnc_lib] CMD enviado: G 773 558
[cnc_lib] CMD enviado: G 772 558
[cnc_lib] CMD enviado: G 770 556
[cnc_lib] CMD enviado: G 769 556
[cnc_lib] CMD enviado: G 767 554
[cnc_lib] CMD enviado: G 766 554
[cnc_lib] CMD enviado: G 764 552
[cnc_lib] CMD enviado: G 763 552
[cnc_lib] CMD enviado: G 761 550
[cnc_lib] CMD enviado: G 760 550
[cnc_lib] CMD enviado: G 759 549
[cnc_lib] CMD enviado: G 722 549
[cnc_lib] CMD enviado: U 0 0
[cnc_lib] Trazado completado (86 puntos)
[cnc_lib] Iniciando trazado: 86 puntos
[cnc_lib] CMD enviado: U 0 0
[cnc_lib] CMD enviado: G 722 536
[cnc_lib] CMD enviado: P 0 0
[cnc_lib] CMD enviado: G 759 536
[cnc_lib] CMD enviado: G 760 537
[cnc_lib] CMD enviado: G 761 537
[cnc_lib] CMD enviado: G 762 538
[cnc_lib] CMD enviado: G 763 538
[cnc_lib] CMD enviado: G 765 540
[cnc_lib] CMD enviado: G 766 540
[cnc_lib] CMD enviado: G 768 542
[cnc_lib] CMD enviado: G 769 542
[cnc_lib] CMD enviado: G 771 544
[cnc_lib] CMD enviado: G 772 544
[cnc_lib] CMD enviado: G 774 546
[cnc_lib] CMD enviado: G 775 546
[cnc_lib] CMD enviado: G 777 548
[cnc_lib] CMD enviado: G 778 548
[cnc_lib] CMD enviado: G 779 549
[cnc_lib] CMD enviado: G 780 549
[cnc_lib] CMD enviado: G 782 551
[cnc_lib] CMD enviado: G 783 551
[cnc_lib] CMD enviado: G 785 553
[cnc_lib] CMD enviado: G 786 553
[cnc_lib] CMD enviado: G 788 555
[cnc_lib] CMD enviado: G 789 555
[cnc_lib] CMD enviado: G 791 557
[cnc_lib] CMD enviado: G 792 557
[cnc_lib] CMD enviado: G 794 559
[cnc_lib] CMD enviado: G 795 559
[cnc_lib] CMD enviado: G 797 561
[cnc_lib] CMD enviado: G 798 561
[cnc_lib] CMD enviado: G 800 563
[cnc_lib] CMD enviado: G 801 563
[cnc_lib] CMD enviado: G 802 564
[cnc_lib] CMD enviado: G 803 564
[cnc_lib] CMD enviado: G 805 566
[cnc_lib] CMD enviado: G 806 566
[cnc_lib] CMD enviado: G 808 568
[cnc_lib] CMD enviado: G 809 568
[cnc_lib] CMD enviado: G 811 570
[cnc_lib] CMD enviado: G 812 570
[cnc_lib] CMD enviado: G 814 572
[cnc_lib] CMD enviado: G 815 572
[cnc_lib] CMD enviado: G 817 574
[cnc_lib] CMD enviado: G 818 574
[cnc_lib] CMD enviado: G 820 576
[cnc_lib] CMD enviado: G 821 576
[cnc_lib] CMD enviado: G 823 578
[cnc_lib] CMD enviado: G 824 578
[cnc_lib] CMD enviado: G 825 579
[cnc_lib] CMD enviado: G 826 579
[cnc_lib] CMD enviado: G 828 581
[cnc_lib] CMD enviado: G 829 581
[cnc_lib] CMD enviado: G 831 583
[cnc_lib] CMD enviado: G 832 583
[cnc_lib] CMD enviado: G 834 585
[cnc_lib] CMD enviado: G 835 585
[cnc_lib] CMD enviado: G 837 587
[cnc_lib] CMD enviado: G 838 587
[cnc_lib] CMD enviado: G 840 589
[cnc_lib] CMD enviado: G 841 589
[cnc_lib] CMD enviado: G 843 591
[cnc_lib] CMD enviado: G 844 591
[cnc_lib] CMD enviado: G 846 593
[cnc_lib] CMD enviado: G 847 593
[cnc_lib] CMD enviado: G 848 594
[cnc_lib] CMD enviado: G 849 594
[cnc_lib] CMD enviado: G 851 596
[cnc_lib] CMD enviado: G 852 596
[cnc_lib] CMD enviado: G 854 598
[cnc_lib] CMD enviado: G 855 598
[cnc_lib] CMD enviado: G 857 600
[cnc_lib] CMD enviado: G 858 600
[cnc_lib] CMD enviado: G 860 602
[cnc_lib] CMD enviado: G 861 602
[cnc_lib] CMD enviado: G 863 604
[cnc_lib] CMD enviado: G 864 604
[cnc_lib] CMD enviado: G 866 606
[cnc_lib] CMD enviado: G 867 606
[cnc_lib] CMD enviado: G 869 608
[cnc_lib] CMD enviado: G 870 608
[cnc_lib] CMD enviado: G 872 610
[cnc_lib] CMD enviado: G 873 610
[cnc_lib] CMD enviado: G 874 611
[cnc_lib] CMD enviado: G 876 611
[cnc_lib] CMD enviado: G 877 612
[cnc_lib] CMD enviado: G 894 612
[cnc_lib] CMD enviado: U 0 0
[cnc_lib] Trazado completado (86 puntos)
[cnc_lib] Iniciando trazado: 4 puntos
[cnc_lib] CMD enviado: U 0 0
[cnc_lib] CMD enviado: G 894 612
[cnc_lib] CMD enviado: P 0 0
[cnc_lib] CMD enviado: G 901 605
[cnc_lib] CMD enviado: G 902 605
[cnc_lib] CMD enviado: G 903 604
[cnc_lib] CMD enviado: U 0 0
[cnc_lib] Trazado completado (4 puntos)
[cnc_lib] Iniciando trazado: 2 puntos
[cnc_lib] CMD enviado: U 0 0
[cnc_lib] CMD enviado: G 903 604
[cnc_lib] CMD enviado: P 0 0
[cnc_lib] CMD enviado: G 903 599
[cnc_lib] CMD enviado: U 0 0
[cnc_lib] Trazado completado (2 puntos)
[cnc_lib] Iniciando trazado: 2 puntos
[cnc_lib] CMD enviado: U 0 0
[cnc_lib] CMD enviado: G 903 599
[cnc_lib] CMD enviado: P 0 0
[cnc_lib] CMD enviado: G 902 598
[cnc_lib] CMD enviado: U 0 0
[cnc_lib] Trazado completado (2 puntos)
[cnc_lib] Iniciando trazado: 90 puntos
[cnc_lib] CMD enviado: U 0 0
[cnc_lib] CMD enviado: G 902 598
[cnc_lib] CMD enviado: P 0 0
[cnc_lib] CMD enviado: G 875 598
[cnc_lib] CMD enviado: G 874 597
[cnc_lib] CMD enviado: G 873 597
[cnc_lib] CMD enviado: G 871 595
[cnc_lib] CMD enviado: G 870 595
[cnc_lib] CMD enviado: G 869 594
[cnc_lib] CMD enviado: G 868 594
[cnc_lib] CMD enviado: G 866 592
[cnc_lib] CMD enviado: G 865 592
[cnc_lib] CMD enviado: G 863 590
[cnc_lib] CMD enviado: G 862 590
[cnc_lib] CMD enviado: G 860 588
[cnc_lib] CMD enviado: G 859 588
[cnc_lib] CMD enviado: G 857 586
[cnc_lib] CMD enviado: G 856 586
[cnc_lib] CMD enviado: G 854 584
[cnc_lib] CMD enviado: G 853 584
[cnc_lib] CMD enviado: G 851 582
[cnc_lib] CMD enviado: G 850 582
[cnc_lib] CMD enviado: G 848 580
[cnc_lib] CMD enviado: G 847 580
[cnc_lib] CMD enviado: G 845 578
[cnc_lib] CMD enviado: G 844 578
[cnc_lib] CMD enviado: G 843 577
[cnc_lib] CMD enviado: G 842 577
[cnc_lib] CMD enviado: G 840 575
[cnc_lib] CMD enviado: G 839 575
[cnc_lib] CMD enviado: G 837 573
[cnc_lib] CMD enviado: G 836 573
[cnc_lib] CMD enviado: G 834 571
[cnc_lib] CMD enviado: G 833 571
[cnc_lib] CMD enviado: G 831 569
[cnc_lib] CMD enviado: G 830 569
[cnc_lib] CMD enviado: G 828 567
[cnc_lib] CMD enviado: G 827 567
[cnc_lib] CMD enviado: G 825 565
[cnc_lib] CMD enviado: G 824 565
[cnc_lib] CMD enviado: G 822 563
[cnc_lib] CMD enviado: G 821 563
[cnc_lib] CMD enviado: G 820 562
[cnc_lib] CMD enviado: G 819 562
[cnc_lib] CMD enviado: G 817 560
[cnc_lib] CMD enviado: G 816 560
[cnc_lib] CMD enviado: G 814 558
[cnc_lib] CMD enviado: G 813 558
[cnc_lib] CMD enviado: G 811 556
[cnc_lib] CMD enviado: G 810 556
[cnc_lib] CMD enviado: G 808 554
[cnc_lib] CMD enviado: G 807 554
[cnc_lib] CMD enviado: G 805 552
[cnc_lib] CMD enviado: G 804 552
[cnc_lib] CMD enviado: G 802 550
[cnc_lib] CMD enviado: G 801 550
[cnc_lib] CMD enviado: G 799 548
[cnc_lib] CMD enviado: G 798 548
[cnc_lib] CMD enviado: G 797 547
[cnc_lib] CMD enviado: G 796 547
[cnc_lib] CMD enviado: G 794 545
[cnc_lib] CMD enviado: G 793 545
[cnc_lib] CMD enviado: G 791 543
[cnc_lib] CMD enviado: G 790 543
[cnc_lib] CMD enviado: G 788 541
[cnc_lib] CMD enviado: G 787 541
[cnc_lib] CMD enviado: G 785 539
[cnc_lib] CMD enviado: G 784 539
[cnc_lib] CMD enviado: G 782 537
[cnc_lib] CMD enviado: G 781 537
[cnc_lib] CMD enviado: G 779 535
[cnc_lib] CMD enviado: G 778 535
[cnc_lib] CMD enviado: G 777 534
[cnc_lib] CMD enviado: G 776 534
[cnc_lib] CMD enviado: G 774 532
[cnc_lib] CMD enviado: G 773 532
[cnc_lib] CMD enviado: G 771 530
[cnc_lib] CMD enviado: G 770 530
[cnc_lib] CMD enviado: G 768 528
[cnc_lib] CMD enviado: G 767 528
[cnc_lib] CMD enviado: G 765 526
[cnc_lib] CMD enviado: G 764 526
[cnc_lib] CMD enviado: G 762 524
[cnc_lib] CMD enviado: G 761 524
[cnc_lib] CMD enviado: G 760 523
[cnc_lib] CMD enviado: G 759 523
[cnc_lib] CMD enviado: G 758 522
[cnc_lib] CMD enviado: G 747 522
[cnc_lib] CMD enviado: G 746 523
[cnc_lib] CMD enviado: G 745 523
[cnc_lib] CMD enviado: G 744 522
[cnc_lib] CMD enviado: G 722 522
[cnc_lib] CMD enviado: U 0 0
[cnc_lib] Trazado completado (90 puntos)
[cnc_lib] Iniciando trazado: 86 puntos
[cnc_lib] CMD enviado: U 0 0
[cnc_lib] CMD enviado: G 722 509
[cnc_lib] CMD enviado: P 0 0
[cnc_lib] CMD enviado: G 759 509
[cnc_lib] CMD enviado: G 760 510
[cnc_lib] CMD enviado: G 761 510
[cnc_lib] CMD enviado: G 763 512
[cnc_lib] CMD enviado: G 764 512
[cnc_lib] CMD enviado: G 766 514
[cnc_lib] CMD enviado: G 767 514
[cnc_lib] CMD enviado: G 769 516
[cnc_lib] CMD enviado: G 770 516
[cnc_lib] CMD enviado: G 771 517
[cnc_lib] CMD enviado: G 772 517
[cnc_lib] CMD enviado: G 774 519
[cnc_lib] CMD enviado: G 775 519
[cnc_lib] CMD enviado: G 777 521
[cnc_lib] CMD enviado: G 778 521
[cnc_lib] CMD enviado: G 780 523
[cnc_lib] CMD enviado: G 781 523
[cnc_lib] CMD enviado: G 783 525
[cnc_lib] CMD enviado: G 784 525
[cnc_lib] CMD enviado: G 786 527
[cnc_lib] CMD enviado: G 787 527
[cnc_lib] CMD enviado: G 789 529
[cnc_lib] CMD enviado: G 790 529
[cnc_lib] CMD enviado: G 792 531
[cnc_lib] CMD enviado: G 793 531
[cnc_lib] CMD enviado: G 794 532
[cnc_lib] CMD enviado: G 795 532
[cnc_lib] CMD enviado: G 797 534
[cnc_lib] CMD enviado: G 798 534
[cnc_lib] CMD enviado: G 800 536
[cnc_lib] CMD enviado: G 801 536
[cnc_lib] CMD enviado: G 803 538
[cnc_lib] CMD enviado: G 804 538
[cnc_lib] CMD enviado: G 806 540
[cnc_lib] CMD enviado: G 807 540
[cnc_lib] CMD enviado: G 809 542
[cnc_lib] CMD enviado: G 810 542
[cnc_lib] CMD enviado: G 812 544
[cnc_lib] CMD enviado: G 813 544
[cnc_lib] CMD enviado: G 815 546
[cnc_lib] CMD enviado: G 816 546
[cnc_lib] CMD enviado: G 817 547
[cnc_lib] CMD enviado: G 818 547
[cnc_lib] CMD enviado: G 820 549
[cnc_lib] CMD enviado: G 821 549
[cnc_lib] CMD enviado: G 823 551
[cnc_lib] CMD enviado: G 824 551
[cnc_lib] CMD enviado: G 826 553
[cnc_lib] CMD enviado: G 827 553
[cnc_lib] CMD enviado: G 829 555
[cnc_lib] CMD enviado: G 830 555
[cnc_lib] CMD enviado: G 832 557
[cnc_lib] CMD enviado: G 833 557
[cnc_lib] CMD enviado: G 835 559
[cnc_lib] CMD enviado: G 836 559
[cnc_lib] CMD enviado: G 838 561
[cnc_lib] CMD enviado: G 839 561
[cnc_lib] CMD enviado: G 840 562
[cnc_lib] CMD enviado: G 841 562
[cnc_lib] CMD enviado: G 843 564
[cnc_lib] CMD enviado: G 844 564
[cnc_lib] CMD enviado: G 846 566
[cnc_lib] CMD enviado: G 847 566
[cnc_lib] CMD enviado: G 849 568
[cnc_lib] CMD enviado: G 850 568
[cnc_lib] CMD enviado: G 852 570
[cnc_lib] CMD enviado: G 853 570
[cnc_lib] CMD enviado: G 855 572
[cnc_lib] CMD enviado: G 856 572
[cnc_lib] CMD enviado: G 858 574
[cnc_lib] CMD enviado: G 859 574
[cnc_lib] CMD enviado: G 861 576
[cnc_lib] CMD enviado: G 862 576
[cnc_lib] CMD enviado: G 864 578
[cnc_lib] CMD enviado: G 865 578
[cnc_lib] CMD enviado: G 866 579
[cnc_lib] CMD enviado: G 867 579
[cnc_lib] CMD enviado: G 869 581
[cnc_lib] CMD enviado: G 870 581
[cnc_lib] CMD enviado: G 872 583
[cnc_lib] CMD enviado: G 873 583
[cnc_lib] CMD enviado: G 874 584
[cnc_lib] CMD enviado: G 875 584
[cnc_lib] CMD enviado: G 876 585
[cnc_lib] CMD enviado: G 894 585
[cnc_lib] CMD enviado: U 0 0
[cnc_lib] Trazado completado (86 puntos)
[cnc_lib] Iniciando trazado: 8 puntos
[cnc_lib] CMD enviado: U 0 0
[cnc_lib] CMD enviado: G 894 585
[cnc_lib] CMD enviado: P 0 0
[cnc_lib] CMD enviado: G 900 579
[cnc_lib] CMD enviado: G 905 579
[cnc_lib] CMD enviado: G 909 583
[cnc_lib] CMD enviado: G 909 588
[cnc_lib] CMD enviado: G 905 592
[cnc_lib] CMD enviado: G 904 592
[cnc_lib] CMD enviado: G 903 593
[cnc_lib] CMD enviado: U 0 0
[cnc_lib] Trazado completado (8 puntos)
[cnc_lib] Iniciando trazado: 8 puntos
[cnc_lib] CMD enviado: U 0 0
[cnc_lib] CMD enviado: G 903 593
[cnc_lib] CMD enviado: P 0 0
[cnc_lib] CMD enviado: G 902 592
[cnc_lib] CMD enviado: G 901 592
[cnc_lib] CMD enviado: G 899 590
[cnc_lib] CMD enviado: G 898 590
[cnc_lib] CMD enviado: G 896 588
[cnc_lib] CMD enviado: G 896 587
[cnc_lib] CMD enviado: G 894 585
[cnc_lib] CMD enviado: U 0 0
[cnc_lib] Trazado completado (8 puntos)
[cnc_lib] Iniciando trazado: 2 puntos
[cnc_lib] CMD enviado: U 0 0
[cnc_lib] CMD enviado: G 903 593
[cnc_lib] CMD enviado: P 0 0
[cnc_lib] CMD enviado: G 903 597
[cnc_lib] CMD enviado: U 0 0
[cnc_lib] Trazado completado (2 puntos)
[cnc_lib] Iniciando trazado: 2 puntos
[cnc_lib] CMD enviado: U 0 0
[cnc_lib] CMD enviado: G 903 597
[cnc_lib] CMD enviado: P 0 0
[cnc_lib] CMD enviado: G 902 598
[cnc_lib] CMD enviado: U 0 0
[cnc_lib] Trazado completado (2 puntos)
[cnc_lib] Iniciando trazado: 2 puntos
[cnc_lib] CMD enviado: U 0 0
[cnc_lib] CMD enviado: G 902 598
[cnc_lib] CMD enviado: P 0 0
[cnc_lib] CMD enviado: G 903 598
[cnc_lib] CMD enviado: U 0 0
[cnc_lib] Trazado completado (2 puntos)
[cnc_lib] Iniciando trazado: 2 puntos
[cnc_lib] CMD enviado: U 0 0
[cnc_lib] CMD enviado: G 903 598
[cnc_lib] CMD enviado: P 0 0
[cnc_lib] CMD enviado: G 903 597
[cnc_lib] CMD enviado: U 0 0
[cnc_lib] Trazado completado (2 puntos)
[cnc_lib] Iniciando trazado: 2 puntos
[cnc_lib] CMD enviado: U 0 0
[cnc_lib] CMD enviado: G 903 597
[cnc_lib] CMD enviado: P 0 0
[cnc_lib] CMD enviado: G 904 598
[cnc_lib] CMD enviado: U 0 0
[cnc_lib] Trazado completado (2 puntos)
[cnc_lib] Iniciando trazado: 2 puntos
[cnc_lib] CMD enviado: U 0 0
[cnc_lib] CMD enviado: G 904 598
[cnc_lib] CMD enviado: P 0 0
[cnc_lib] CMD enviado: G 903 598
[cnc_lib] CMD enviado: U 0 0
[cnc_lib] Trazado completado (2 puntos)
[cnc_lib] Iniciando trazado: 2 puntos
[cnc_lib] CMD enviado: U 0 0
[cnc_lib] CMD enviado: G 903 598
[cnc_lib] CMD enviado: P 0 0
[cnc_lib] CMD enviado: G 903 599
[cnc_lib] CMD enviado: U 0 0
[cnc_lib] Trazado completado (2 puntos)
[cnc_lib] Iniciando trazado: 2 puntos
[cnc_lib] CMD enviado: U 0 0
[cnc_lib] CMD enviado: G 903 599
[cnc_lib] CMD enviado: P 0 0
[cnc_lib] CMD enviado: G 904 598
[cnc_lib] CMD enviado: U 0 0
[cnc_lib] Trazado completado (2 puntos)
[cnc_lib] Iniciando trazado: 2 puntos
[cnc_lib] CMD enviado: U 0 0
[cnc_lib] CMD enviado: G 904 598
[cnc_lib] CMD enviado: P 0 0
[cnc_lib] CMD enviado: G 912 598
[cnc_lib] CMD enviado: U 0 0
[cnc_lib] Trazado completado (2 puntos)
[cnc_lib] Iniciando trazado: 2 puntos
[cnc_lib] CMD enviado: U 0 0
[cnc_lib] CMD enviado: G 912 598
[cnc_lib] CMD enviado: P 0 0
[cnc_lib] CMD enviado: G 913 598
[cnc_lib] CMD enviado: U 0 0
[cnc_lib] Trazado completado (2 puntos)
[cnc_lib] Iniciando trazado: 21 puntos
[cnc_lib] CMD enviado: U 0 0
[cnc_lib] CMD enviado: G 913 598
[cnc_lib] CMD enviado: P 0 0
[cnc_lib] CMD enviado: G 914 597
[cnc_lib] CMD enviado: G 914 596
[cnc_lib] CMD enviado: G 918 592
[cnc_lib] CMD enviado: G 922 592
[cnc_lib] CMD enviado: G 923 593
[cnc_lib] CMD enviado: G 924 593
[cnc_lib] CMD enviado: G 926 595
[cnc_lib] CMD enviado: G 926 596
[cnc_lib] CMD enviado: G 927 597
[cnc_lib] CMD enviado: G 927 601
[cnc_lib] CMD enviado: G 926 602
[cnc_lib] CMD enviado: G 926 603
[cnc_lib] CMD enviado: G 925 604
[cnc_lib] CMD enviado: G 923 604
[cnc_lib] CMD enviado: G 922 605
[cnc_lib] CMD enviado: G 919 605
[cnc_lib] CMD enviado: G 918 604
[cnc_lib] CMD enviado: G 917 604
[cnc_lib] CMD enviado: G 913 600
[cnc_lib] CMD enviado: G 913 599
[cnc_lib] CMD enviado: U 0 0
[cnc_lib] Trazado completado (21 puntos)
[cnc_lib] Iniciando trazado: 2 puntos
[cnc_lib] CMD enviado: U 0 0
[cnc_lib] CMD enviado: G 913 599
[cnc_lib] CMD enviado: P 0 0
[cnc_lib] CMD enviado: G 912 598
[cnc_lib] CMD enviado: U 0 0
[cnc_lib] Trazado completado (2 puntos)
[cnc_lib] Iniciando trazado: 2 puntos
[cnc_lib] CMD enviado: U 0 0
[cnc_lib] CMD enviado: G 913 598
[cnc_lib] CMD enviado: P 0 0
[cnc_lib] CMD enviado: G 913 599
[cnc_lib] CMD enviado: U 0 0
[cnc_lib] Trazado completado (2 puntos)
[cnc_lib] Iniciando trazado: 12 puntos
[cnc_lib] CMD enviado: U 0 0
[cnc_lib] CMD enviado: G 903 604
[cnc_lib] CMD enviado: P 0 0
[cnc_lib] CMD enviado: G 906 607
[cnc_lib] CMD enviado: G 907 607
[cnc_lib] CMD enviado: G 908 608
[cnc_lib] CMD enviado: G 908 609
[cnc_lib] CMD enviado: G 909 610
[cnc_lib] CMD enviado: G 909 614
[cnc_lib] CMD enviado: G 908 615
[cnc_lib] CMD enviado: G 908 616
[cnc_lib] CMD enviado: G 907 617
[cnc_lib] CMD enviado: G 906 617
[cnc_lib] CMD enviado: G 904 619
[cnc_lib] CMD enviado: U 0 0
[cnc_lib] Trazado completado (12 puntos)
[cnc_lib] Iniciando trazado: 2 puntos
[cnc_lib] CMD enviado: U 0 0
[cnc_lib] CMD enviado: G 904 619
[cnc_lib] CMD enviado: P 0 0
[cnc_lib] CMD enviado: G 903 619
[cnc_lib] CMD enviado: U 0 0
[cnc_lib] Trazado completado (2 puntos)
[cnc_lib] Iniciando trazado: 2 puntos
[cnc_lib] CMD enviado: U 0 0
[cnc_lib] CMD enviado: G 903 619
[cnc_lib] CMD enviado: P 0 0
[cnc_lib] CMD enviado: G 902 619
[cnc_lib] CMD enviado: U 0 0
[cnc_lib] Trazado completado (2 puntos)
[cnc_lib] Iniciando trazado: 3 puntos
[cnc_lib] CMD enviado: U 0 0
[cnc_lib] CMD enviado: G 902 619
[cnc_lib] CMD enviado: P 0 0
[cnc_lib] CMD enviado: G 901 619
[cnc_lib] CMD enviado: G 894 612
[cnc_lib] CMD enviado: U 0 0
[cnc_lib] Trazado completado (3 puntos)
[cnc_lib] Iniciando trazado: 2 puntos
[cnc_lib] CMD enviado: U 0 0
[cnc_lib] CMD enviado: G 902 619
[cnc_lib] CMD enviado: P 0 0
[cnc_lib] CMD enviado: G 903 620
[cnc_lib] CMD enviado: U 0 0
[cnc_lib] Trazado completado (2 puntos)
[cnc_lib] Iniciando trazado: 2 puntos
[cnc_lib] CMD enviado: U 0 0
[cnc_lib] CMD enviado: G 903 620
[cnc_lib] CMD enviado: P 0 0
[cnc_lib] CMD enviado: G 903 619
[cnc_lib] CMD enviado: U 0 0
[cnc_lib] Trazado completado (2 puntos)
[cnc_lib] Iniciando trazado: 2 puntos
[cnc_lib] CMD enviado: U 0 0
[cnc_lib] CMD enviado: G 904 619
[cnc_lib] CMD enviado: P 0 0
[cnc_lib] CMD enviado: G 903 620
[cnc_lib] CMD enviado: U 0 0
[cnc_lib] Trazado completado (2 puntos)
[cnc_lib] Iniciando trazado: 3 puntos
[cnc_lib] CMD enviado: U 0 0
[cnc_lib] CMD enviado: G 903 620
[cnc_lib] CMD enviado: P 0 0
[cnc_lib] CMD enviado: G 903 624
[cnc_lib] CMD enviado: G 902 625
[cnc_lib] CMD enviado: U 0 0
[cnc_lib] Trazado completado (3 puntos)
[cnc_lib] Iniciando trazado: 2 puntos
[cnc_lib] CMD enviado: U 0 0
[cnc_lib] CMD enviado: G 903 626
[cnc_lib] CMD enviado: P 0 0
[cnc_lib] CMD enviado: G 904 626
[cnc_lib] CMD enviado: U 0 0
[cnc_lib] Trazado completado (2 puntos)
[cnc_lib] Iniciando trazado: 4 puntos
[cnc_lib] CMD enviado: U 0 0
[cnc_lib] CMD enviado: G 904 626
[cnc_lib] CMD enviado: P 0 0
[cnc_lib] CMD enviado: G 906 626
[cnc_lib] CMD enviado: G 907 625
[cnc_lib] CMD enviado: G 912 625
[cnc_lib] CMD enviado: U 0 0
[cnc_lib] Trazado completado (4 puntos)
[cnc_lib] Iniciando trazado: 2 puntos
[cnc_lib] CMD enviado: U 0 0
[cnc_lib] CMD enviado: G 904 626
[cnc_lib] CMD enviado: P 0 0
[cnc_lib] CMD enviado: G 903 627
[cnc_lib] CMD enviado: U 0 0
[cnc_lib] Trazado completado (2 puntos)
[cnc_lib] Iniciando trazado: 2 puntos
[cnc_lib] CMD enviado: U 0 0
[cnc_lib] CMD enviado: G 903 630
[cnc_lib] CMD enviado: P 0 0
[cnc_lib] CMD enviado: G 904 631
[cnc_lib] CMD enviado: U 0 0
[cnc_lib] Trazado completado (2 puntos)
[cnc_lib] Iniciando trazado: 2 puntos
[cnc_lib] CMD enviado: U 0 0
[cnc_lib] CMD enviado: G 904 631
[cnc_lib] CMD enviado: P 0 0
[cnc_lib] CMD enviado: G 903 631
[cnc_lib] CMD enviado: U 0 0
[cnc_lib] Trazado completado (2 puntos)
[cnc_lib] Iniciando trazado: 8 puntos
[cnc_lib] CMD enviado: U 0 0
[cnc_lib] CMD enviado: G 904 631
[cnc_lib] CMD enviado: P 0 0
[cnc_lib] CMD enviado: G 909 636
[cnc_lib] CMD enviado: G 909 641
[cnc_lib] CMD enviado: G 905 645
[cnc_lib] CMD enviado: G 901 645
[cnc_lib] CMD enviado: G 900 644
[cnc_lib] CMD enviado: G 899 644
[cnc_lib] CMD enviado: G 894 639
[cnc_lib] CMD enviado: U 0 0
[cnc_lib] Trazado completado (8 puntos)
[cnc_lib] Iniciando trazado: 88 puntos
[cnc_lib] CMD enviado: U 0 0
[cnc_lib] CMD enviado: G 912 572
[cnc_lib] CMD enviado: P 0 0
[cnc_lib] CMD enviado: G 877 572
[cnc_lib] CMD enviado: G 876 571
[cnc_lib] CMD enviado: G 875 571
[cnc_lib] CMD enviado: G 874 570
[cnc_lib] CMD enviado: G 873 570
[cnc_lib] CMD enviado: G 872 569
[cnc_lib] CMD enviado: G 871 569
[cnc_lib] CMD enviado: G 869 567
[cnc_lib] CMD enviado: G 868 567
[cnc_lib] CMD enviado: G 866 565
[cnc_lib] CMD enviado: G 865 565
[cnc_lib] CMD enviado: G 863 563
[cnc_lib] CMD enviado: G 862 563
[cnc_lib] CMD enviado: G 860 561
[cnc_lib] CMD enviado: G 859 561
[cnc_lib] CMD enviado: G 858 560
[cnc_lib] CMD enviado: G 857 560
[cnc_lib] CMD enviado: G 855 558
[cnc_lib] CMD enviado: G 854 558
[cnc_lib] CMD enviado: G 852 556
[cnc_lib] CMD enviado: G 851 556
[cnc_lib] CMD enviado: G 849 554
[cnc_lib] CMD enviado: G 848 554
[cnc_lib] CMD enviado: G 846 552
[cnc_lib] CMD enviado: G 845 552
[cnc_lib] CMD enviado: G 843 550
[cnc_lib] CMD enviado: G 842 550
[cnc_lib] CMD enviado: G 840 548
[cnc_lib] CMD enviado: G 839 548
[cnc_lib] CMD enviado: G 837 546
[cnc_lib] CMD enviado: G 836 546
[cnc_lib] CMD enviado: G 835 545
[cnc_lib] CMD enviado: G 834 545
[cnc_lib] CMD enviado: G 832 543
[cnc_lib] CMD enviado: G 831 543
[cnc_lib] CMD enviado: G 829 541
[cnc_lib] CMD enviado: G 828 541
[cnc_lib] CMD enviado: G 826 539
[cnc_lib] CMD enviado: G 825 539
[cnc_lib] CMD enviado: G 823 537
[cnc_lib] CMD enviado: G 822 537
[cnc_lib] CMD enviado: G 820 535
[cnc_lib] CMD enviado: G 819 535
[cnc_lib] CMD enviado: G 817 533
[cnc_lib] CMD enviado: G 816 533
[cnc_lib] CMD enviado: G 814 531
[cnc_lib] CMD enviado: G 813 531
[cnc_lib] CMD enviado: G 812 530
[cnc_lib] CMD enviado: G 811 530
[cnc_lib] CMD enviado: G 809 528
[cnc_lib] CMD enviado: G 808 528
[cnc_lib] CMD enviado: G 806 526
[cnc_lib] CMD enviado: G 805 526
[cnc_lib] CMD enviado: G 803 524
[cnc_lib] CMD enviado: G 802 524
[cnc_lib] CMD enviado: G 800 522
[cnc_lib] CMD enviado: G 799 522
[cnc_lib] CMD enviado: G 797 520
[cnc_lib] CMD enviado: G 796 520
[cnc_lib] CMD enviado: G 794 518
[cnc_lib] CMD enviado: G 793 518
[cnc_lib] CMD enviado: G 791 516
[cnc_lib] CMD enviado: G 790 516
[cnc_lib] CMD enviado: G 789 515
[cnc_lib] CMD enviado: G 788 515
[cnc_lib] CMD enviado: G 786 513
[cnc_lib] CMD enviado: G 785 513
[cnc_lib] CMD enviado: G 783 511
[cnc_lib] CMD enviado: G 782 511
[cnc_lib] CMD enviado: G 780 509
[cnc_lib] CMD enviado: G 779 509
[cnc_lib] CMD enviado: G 777 507
[cnc_lib] CMD enviado: G 776 507
[cnc_lib] CMD enviado: G 774 505
[cnc_lib] CMD enviado: G 773 505
[cnc_lib] CMD enviado: G 771 503
[cnc_lib] CMD enviado: G 770 503
[cnc_lib] CMD enviado: G 768 501
[cnc_lib] CMD enviado: G 767 501
[cnc_lib] CMD enviado: G 766 500
[cnc_lib] CMD enviado: G 765 500
[cnc_lib] CMD enviado: G 763 498
[cnc_lib] CMD enviado: G 762 498
[cnc_lib] CMD enviado: G 760 496
[cnc_lib] CMD enviado: G 741 496
[cnc_lib] CMD enviado: G 740 495
[cnc_lib] CMD enviado: G 722 495
[cnc_lib] CMD enviado: U 0 0
[cnc_lib] Trazado completado (88 puntos)
[cnc_lib] Iniciando trazado: 87 puntos
[cnc_lib] CMD enviado: U 0 0
[cnc_lib] CMD enviado: G 722 482
[cnc_lib] CMD enviado: P 0 0
[cnc_lib] CMD enviado: G 745 482
[cnc_lib] CMD enviado: G 746 483
[cnc_lib] CMD enviado: G 747 482
[cnc_lib] CMD enviado: G 759 482
[cnc_lib] CMD enviado: G 761 484
[cnc_lib] CMD enviado: G 762 484
[cnc_lib] CMD enviado: G 763 485
[cnc_lib] CMD enviado: G 764 485
[cnc_lib] CMD enviado: G 766 487
[cnc_lib] CMD enviado: G 767 487
[cnc_lib] CMD enviado: G 769 489
[cnc_lib] CMD enviado: G 770 489
[cnc_lib] CMD enviado: G 772 491
[cnc_lib] CMD enviado: G 773 491
[cnc_lib] CMD enviado: G 775 493
[cnc_lib] CMD enviado: G 776 493
[cnc_lib] CMD enviado: G 778 495
[cnc_lib] CMD enviado: G 779 495
[cnc_lib] CMD enviado: G 781 497
[cnc_lib] CMD enviado: G 782 497
[cnc_lib] CMD enviado: G 784 499
[cnc_lib] CMD enviado: G 785 499
[cnc_lib] CMD enviado: G 786 500
[cnc_lib] CMD enviado: G 787 500
[cnc_lib] CMD enviado: G 789 502
[cnc_lib] CMD enviado: G 790 502
[cnc_lib] CMD enviado: G 792 504
[cnc_lib] CMD enviado: G 793 504
[cnc_lib] CMD enviado: G 795 506
[cnc_lib] CMD enviado: G 796 506
[cnc_lib] CMD enviado: G 798 508
[cnc_lib] CMD enviado: G 799 508
[cnc_lib] CMD enviado: G 801 510
[cnc_lib] CMD enviado: G 802 510
[cnc_lib] CMD enviado: G 804 512
[cnc_lib] CMD enviado: G 805 512
[cnc_lib] CMD enviado: G 807 514
[cnc_lib] CMD enviado: G 808 514
[cnc_lib] CMD enviado: G 809 515
[cnc_lib] CMD enviado: G 810 515
[cnc_lib] CMD enviado: G 812 517
[cnc_lib] CMD enviado: G 813 517
[cnc_lib] CMD enviado: G 815 519
[cnc_lib] CMD enviado: G 816 519
[cnc_lib] CMD enviado: G 818 521
[cnc_lib] CMD enviado: G 819 521
[cnc_lib] CMD enviado: G 821 523
[cnc_lib] CMD enviado: G 822 523
[cnc_lib] CMD enviado: G 824 525
[cnc_lib] CMD enviado: G 825 525
[cnc_lib] CMD enviado: G 827 527
[cnc_lib] CMD enviado: G 828 527
[cnc_lib] CMD enviado: G 830 529
[cnc_lib] CMD enviado: G 831 529
[cnc_lib] CMD enviado: G 832 530
[cnc_lib] CMD enviado: G 833 530
[cnc_lib] CMD enviado: G 835 532
[cnc_lib] CMD enviado: G 836 532
[cnc_lib] CMD enviado: G 838 534
[cnc_lib] CMD enviado: G 839 534
[cnc_lib] CMD enviado: G 841 536
[cnc_lib] CMD enviado: G 842 536
[cnc_lib] CMD enviado: G 844 538
[cnc_lib] CMD enviado: G 845 538
[cnc_lib] CMD enviado: G 847 540
[cnc_lib] CMD enviado: G 848 540
[cnc_lib] CMD enviado: G 850 542
[cnc_lib] CMD enviado: G 851 542
[cnc_lib] CMD enviado: G 853 544
[cnc_lib] CMD enviado: G 854 544
[cnc_lib] CMD enviado: G 856 546
[cnc_lib] CMD enviado: G 857 546
[cnc_lib] CMD enviado: G 858 547
[cnc_lib] CMD enviado: G 859 547
[cnc_lib] CMD enviado: G 861 549
[cnc_lib] CMD enviado: G 862 549
[cnc_lib] CMD enviado: G 864 551
[cnc_lib] CMD enviado: G 865 551
[cnc_lib] CMD enviado: G 867 553
[cnc_lib] CMD enviado: G 868 553
[cnc_lib] CMD enviado: G 870 555
[cnc_lib] CMD enviado: G 871 555
[cnc_lib] CMD enviado: G 873 557
[cnc_lib] CMD enviado: G 875 557
[cnc_lib] CMD enviado: G 876 558
[cnc_lib] CMD enviado: G 894 558
[cnc_lib] CMD enviado: U 0 0
[cnc_lib] Trazado completado (87 puntos)
[cnc_lib] Iniciando trazado: 2 puntos
[cnc_lib] CMD enviado: U 0 0
[cnc_lib] CMD enviado: G 894 558
[cnc_lib] CMD enviado: P 0 0
[cnc_lib] CMD enviado: G 895 558
[cnc_lib] CMD enviado: U 0 0
[cnc_lib] Trazado completado (2 puntos)
[cnc_lib] Iniciando trazado: 12 puntos
[cnc_lib] CMD enviado: U 0 0
[cnc_lib] CMD enviado: G 895 558
[cnc_lib] CMD enviado: P 0 0
[cnc_lib] CMD enviado: G 896 557
[cnc_lib] CMD enviado: G 896 556
[cnc_lib] CMD enviado: G 900 552
[cnc_lib] CMD enviado: G 905 552
[cnc_lib] CMD enviado: G 909 556
[cnc_lib] CMD enviado: G 909 561
[cnc_lib] CMD enviado: G 906 564
[cnc_lib] CMD enviado: G 899 564
[cnc_lib] CMD enviado: G 896 561
[cnc_lib] CMD enviado: G 896 560
[cnc_lib] CMD enviado: G 895 559
[cnc_lib] CMD enviado: U 0 0
[cnc_lib] Trazado completado (12 puntos)
[cnc_lib] Iniciando trazado: 2 puntos
[cnc_lib] CMD enviado: U 0 0
[cnc_lib] CMD enviado: G 895 559
[cnc_lib] CMD enviado: P 0 0
[cnc_lib] CMD enviado: G 894 558
[cnc_lib] CMD enviado: U 0 0
[cnc_lib] Trazado completado (2 puntos)
[cnc_lib] Iniciando trazado: 2 puntos
[cnc_lib] CMD enviado: U 0 0
[cnc_lib] CMD enviado: G 895 558
[cnc_lib] CMD enviado: P 0 0
[cnc_lib] CMD enviado: G 895 559
[cnc_lib] CMD enviado: U 0 0
[cnc_lib] Trazado completado (2 puntos)
[cnc_lib] Iniciando trazado: 86 puntos
[cnc_lib] CMD enviado: U 0 0
[cnc_lib] CMD enviado: G 912 545
[cnc_lib] CMD enviado: P 0 0
[cnc_lib] CMD enviado: G 877 545
[cnc_lib] CMD enviado: G 876 544
[cnc_lib] CMD enviado: G 874 544
[cnc_lib] CMD enviado: G 873 543
[cnc_lib] CMD enviado: G 872 543
[cnc_lib] CMD enviado: G 870 541
[cnc_lib] CMD enviado: G 869 541
[cnc_lib] CMD enviado: G 867 539
[cnc_lib] CMD enviado: G 866 539
[cnc_lib] CMD enviado: G 864 537
[cnc_lib] CMD enviado: G 863 537
[cnc_lib] CMD enviado: G 861 535
[cnc_lib] CMD enviado: G 860 535
[cnc_lib] CMD enviado: G 858 533
[cnc_lib] CMD enviado: G 857 533
[cnc_lib] CMD enviado: G 855 531
[cnc_lib] CMD enviado: G 854 531
[cnc_lib] CMD enviado: G 853 530
[cnc_lib] CMD enviado: G 852 530
[cnc_lib] CMD enviado: G 850 528
[cnc_lib] CMD enviado: G 849 528
[cnc_lib] CMD enviado: G 847 526
[cnc_lib] CMD enviado: G 846 526
[cnc_lib] CMD enviado: G 844 524
[cnc_lib] CMD enviado: G 843 524
[cnc_lib] CMD enviado: G 841 522
[cnc_lib] CMD enviado: G 840 522
[cnc_lib] CMD enviado: G 838 520
[cnc_lib] CMD enviado: G 837 520
[cnc_lib] CMD enviado: G 835 518
[cnc_lib] CMD enviado: G 834 518
[cnc_lib] CMD enviado: G 832 516
[cnc_lib] CMD enviado: G 831 516
[cnc_lib] CMD enviado: G 829 514
[cnc_lib] CMD enviado: G 828 514
[cnc_lib] CMD enviado: G 827 513
[cnc_lib] CMD enviado: G 826 513
[cnc_lib] CMD enviado: G 824 511
[cnc_lib] CMD enviado: G 823 511
[cnc_lib] CMD enviado: G 821 509
[cnc_lib] CMD enviado: G 820 509
[cnc_lib] CMD enviado: G 818 507
[cnc_lib] CMD enviado: G 817 507
[cnc_lib] CMD enviado: G 815 505
[cnc_lib] CMD enviado: G 814 505
[cnc_lib] CMD enviado: G 812 503
[cnc_lib] CMD enviado: G 811 503
[cnc_lib] CMD enviado: G 809 501
[cnc_lib] CMD enviado: G 808 501
[cnc_lib] CMD enviado: G 806 499
[cnc_lib] CMD enviado: G 805 499
[cnc_lib] CMD enviado: G 804 498
[cnc_lib] CMD enviado: G 803 498
[cnc_lib] CMD enviado: G 801 496
[cnc_lib] CMD enviado: G 800 496
[cnc_lib] CMD enviado: G 798 494
[cnc_lib] CMD enviado: G 797 494
[cnc_lib] CMD enviado: G 795 492
[cnc_lib] CMD enviado: G 794 492
[cnc_lib] CMD enviado: G 792 490
[cnc_lib] CMD enviado: G 791 490
[cnc_lib] CMD enviado: G 789 488
[cnc_lib] CMD enviado: G 788 488
[cnc_lib] CMD enviado: G 786 486
[cnc_lib] CMD enviado: G 785 486
[cnc_lib] CMD enviado: G 784 485
[cnc_lib] CMD enviado: G 783 485
[cnc_lib] CMD enviado: G 781 483
[cnc_lib] CMD enviado: G 780 483
[cnc_lib] CMD enviado: G 778 481
[cnc_lib] CMD enviado: G 777 481
[cnc_lib] CMD enviado: G 775 479
[cnc_lib] CMD enviado: G 774 479
[cnc_lib] CMD enviado: G 772 477
[cnc_lib] CMD enviado: G 771 477
[cnc_lib] CMD enviado: G 769 475
[cnc_lib] CMD enviado: G 768 475
[cnc_lib] CMD enviado: G 766 473
[cnc_lib] CMD enviado: G 765 473
[cnc_lib] CMD enviado: G 763 471
[cnc_lib] CMD enviado: G 762 471
[cnc_lib] CMD enviado: G 761 470
[cnc_lib] CMD enviado: G 760 470
[cnc_lib] CMD enviado: G 759 469
[cnc_lib] CMD enviado: G 722 469
[cnc_lib] CMD enviado: U 0 0
[cnc_lib] Trazado completado (86 puntos)
[cnc_lib] Iniciando trazado: 90 puntos
[cnc_lib] CMD enviado: U 0 0
[cnc_lib] CMD enviado: G 722 455
[cnc_lib] CMD enviado: P 0 0
[cnc_lib] CMD enviado: G 744 455
[cnc_lib] CMD enviado: G 745 456
[cnc_lib] CMD enviado: G 746 456
[cnc_lib] CMD enviado: G 747 455
[cnc_lib] CMD enviado: G 757 455
[cnc_lib] CMD enviado: G 758 456
[cnc_lib] CMD enviado: G 760 456
[cnc_lib] CMD enviado: G 761 457
[cnc_lib] CMD enviado: G 762 457
[cnc_lib] CMD enviado: G 764 459
[cnc_lib] CMD enviado: G 765 459
[cnc_lib] CMD enviado: G 767 461
[cnc_lib] CMD enviado: G 768 461
[cnc_lib] CMD enviado: G 770 463
[cnc_lib] CMD enviado: G 771 463
[cnc_lib] CMD enviado: G 773 465
[cnc_lib] CMD enviado: G 774 465
[cnc_lib] CMD enviado: G 776 467
[cnc_lib] CMD enviado: G 777 467
[cnc_lib] CMD enviado: G 779 469
[cnc_lib] CMD enviado: G 780 469
[cnc_lib] CMD enviado: G 781 470
[cnc_lib] CMD enviado: G 782 470
[cnc_lib] CMD enviado: G 784 472
[cnc_lib] CMD enviado: G 785 472
[cnc_lib] CMD enviado: G 787 474
[cnc_lib] CMD enviado: G 788 474
[cnc_lib] CMD enviado: G 790 476
[cnc_lib] CMD enviado: G 791 476
[cnc_lib] CMD enviado: G 793 478
[cnc_lib] CMD enviado: G 794 478
[cnc_lib] CMD enviado: G 796 480
[cnc_lib] CMD enviado: G 797 480
[cnc_lib] CMD enviado: G 799 482
[cnc_lib] CMD enviado: G 800 482
[cnc_lib] CMD enviado: G 802 484
[cnc_lib] CMD enviado: G 803 484
[cnc_lib] CMD enviado: G 804 485
[cnc_lib] CMD enviado: G 805 485
[cnc_lib] CMD enviado: G 807 487
[cnc_lib] CMD enviado: G 808 487
[cnc_lib] CMD enviado: G 810 489
[cnc_lib] CMD enviado: G 811 489
[cnc_lib] CMD enviado: G 813 491
[cnc_lib] CMD enviado: G 814 491
[cnc_lib] CMD enviado: G 816 493
[cnc_lib] CMD enviado: G 817 493
[cnc_lib] CMD enviado: G 819 495
[cnc_lib] CMD enviado: G 820 495
[cnc_lib] CMD enviado: G 822 497
[cnc_lib] CMD enviado: G 823 497
[cnc_lib] CMD enviado: G 825 499
[cnc_lib] CMD enviado: G 826 499
[cnc_lib] CMD enviado: G 827 500
[cnc_lib] CMD enviado: G 828 500
[cnc_lib] CMD enviado: G 830 502
[cnc_lib] CMD enviado: G 831 502
[cnc_lib] CMD enviado: G 833 504
[cnc_lib] CMD enviado: G 834 504
[cnc_lib] CMD enviado: G 836 506
[cnc_lib] CMD enviado: G 837 506
[cnc_lib] CMD enviado: G 839 508
[cnc_lib] CMD enviado: G 840 508
[cnc_lib] CMD enviado: G 842 510
[cnc_lib] CMD enviado: G 843 510
[cnc_lib] CMD enviado: G 845 512
[cnc_lib] CMD enviado: G 846 512
[cnc_lib] CMD enviado: G 848 514
[cnc_lib] CMD enviado: G 849 514
[cnc_lib] CMD enviado: G 850 515
[cnc_lib] CMD enviado: G 851 515
[cnc_lib] CMD enviado: G 853 517
[cnc_lib] CMD enviado: G 854 517
[cnc_lib] CMD enviado: G 856 519
[cnc_lib] CMD enviado: G 857 519
[cnc_lib] CMD enviado: G 859 521
[cnc_lib] CMD enviado: G 860 521
[cnc_lib] CMD enviado: G 862 523
[cnc_lib] CMD enviado: G 863 523
[cnc_lib] CMD enviado: G 865 525
[cnc_lib] CMD enviado: G 866 525
[cnc_lib] CMD enviado: G 868 527
[cnc_lib] CMD enviado: G 869 527
[cnc_lib] CMD enviado: G 871 529
[cnc_lib] CMD enviado: G 872 529
[cnc_lib] CMD enviado: G 873 530
[cnc_lib] CMD enviado: G 874 530
[cnc_lib] CMD enviado: G 875 531
[cnc_lib] CMD enviado: G 894 531
[cnc_lib] CMD enviado: U 0 0
[cnc_lib] Trazado completado (90 puntos)
[cnc_lib] Iniciando trazado: 2 puntos
[cnc_lib] CMD enviado: U 0 0
[cnc_lib] CMD enviado: G 894 531
[cnc_lib] CMD enviado: P 0 0
[cnc_lib] CMD enviado: G 895 531
[cnc_lib] CMD enviado: U 0 0
[cnc_lib] Trazado completado (2 puntos)
[cnc_lib] Iniciando trazado: 4 puntos
[cnc_lib] CMD enviado: U 0 0
[cnc_lib] CMD enviado: G 895 531
[cnc_lib] CMD enviado: P 0 0
[cnc_lib] CMD enviado: G 896 530
[cnc_lib] CMD enviado: G 896 529
[cnc_lib] CMD enviado: G 900 525
[cnc_lib] CMD enviado: U 0 0
[cnc_lib] Trazado completado (4 puntos)
[cnc_lib] Iniciando trazado: 2 puntos
[cnc_lib] CMD enviado: U 0 0
[cnc_lib] CMD enviado: G 900 525
[cnc_lib] CMD enviado: P 0 0
[cnc_lib] CMD enviado: G 901 524
[cnc_lib] CMD enviado: U 0 0
[cnc_lib] Trazado completado (2 puntos)
[cnc_lib] Iniciando trazado: 3 puntos
[cnc_lib] CMD enviado: U 0 0
[cnc_lib] CMD enviado: G 901 524
[cnc_lib] CMD enviado: P 0 0
[cnc_lib] CMD enviado: G 901 521
[cnc_lib] CMD enviado: G 900 520
[cnc_lib] CMD enviado: U 0 0
[cnc_lib] Trazado completado (3 puntos)
[cnc_lib] Iniciando trazado: 2 puntos
[cnc_lib] CMD enviado: U 0 0
[cnc_lib] CMD enviado: G 900 520
[cnc_lib] CMD enviado: P 0 0
[cnc_lib] CMD enviado: G 899 519
[cnc_lib] CMD enviado: U 0 0
[cnc_lib] Trazado completado (2 puntos)
[cnc_lib] Iniciando trazado: 87 puntos
[cnc_lib] CMD enviado: U 0 0
[cnc_lib] CMD enviado: G 899 519
[cnc_lib] CMD enviado: P 0 0
[cnc_lib] CMD enviado: G 898 518
[cnc_lib] CMD enviado: G 876 518
[cnc_lib] CMD enviado: G 875 517
[cnc_lib] CMD enviado: G 874 517
[cnc_lib] CMD enviado: G 873 516
[cnc_lib] CMD enviado: G 872 516
[cnc_lib] CMD enviado: G 870 514
[cnc_lib] CMD enviado: G 869 514
[cnc_lib] CMD enviado: G 868 513
[cnc_lib] CMD enviado: G 867 513
[cnc_lib] CMD enviado: G 865 511
[cnc_lib] CMD enviado: G 864 511
[cnc_lib] CMD enviado: G 862 509
[cnc_lib] CMD enviado: G 861 509
[cnc_lib] CMD enviado: G 859 507
[cnc_lib] CMD enviado: G 858 507
[cnc_lib] CMD enviado: G 856 505
[cnc_lib] CMD enviado: G 855 505
[cnc_lib] CMD enviado: G 853 503
[cnc_lib] CMD enviado: G 852 503
[cnc_lib] CMD enviado: G 850 501
[cnc_lib] CMD enviado: G 849 501
[cnc_lib] CMD enviado: G 847 499
[cnc_lib] CMD enviado: G 846 499
[cnc_lib] CMD enviado: G 845 498
[cnc_lib] CMD enviado: G 844 498
[cnc_lib] CMD enviado: G 842 496
[cnc_lib] CMD enviado: G 841 496
[cnc_lib] CMD enviado: G 839 494
[cnc_lib] CMD enviado: G 838 494
[cnc_lib] CMD enviado: G 836 492
[cnc_lib] CMD enviado: G 835 492
[cnc_lib] CMD enviado: G 833 490
[cnc_lib] CMD enviado: G 832 490
[cnc_lib] CMD enviado: G 830 488
[cnc_lib] CMD enviado: G 829 488
[cnc_lib] CMD enviado: G 827 486
[cnc_lib] CMD enviado: G 826 486
[cnc_lib] CMD enviado: G 824 484
[cnc_lib] CMD enviado: G 823 484
[cnc_lib] CMD enviado: G 822 483
[cnc_lib] CMD enviado: G 821 483
[cnc_lib] CMD enviado: G 819 481
[cnc_lib] CMD enviado: G 818 481
[cnc_lib] CMD enviado: G 816 479
[cnc_lib] CMD enviado: G 815 479
[cnc_lib] CMD enviado: G 813 477
[cnc_lib] CMD enviado: G 812 477
[cnc_lib] CMD enviado: G 810 475
[cnc_lib] CMD enviado: G 809 475
[cnc_lib] CMD enviado: G 807 473
[cnc_lib] CMD enviado: G 806 473
[cnc_lib] CMD enviado: G 804 471
[cnc_lib] CMD enviado: G 803 471
[cnc_lib] CMD enviado: G 801 469
[cnc_lib] CMD enviado: G 800 469
[cnc_lib] CMD enviado: G 799 468
[cnc_lib] CMD enviado: G 798 468
[cnc_lib] CMD enviado: G 796 466
[cnc_lib] CMD enviado: G 795 466
[cnc_lib] CMD enviado: G 793 464
[cnc_lib] CMD enviado: G 792 464
[cnc_lib] CMD enviado: G 790 462
[cnc_lib] CMD enviado: G 789 462
[cnc_lib] CMD enviado: G 787 460
[cnc_lib] CMD enviado: G 786 460
[cnc_lib] CMD enviado: G 784 458
[cnc_lib] CMD enviado: G 783 458
[cnc_lib] CMD enviado: G 781 456
[cnc_lib] CMD enviado: G 780 456
[cnc_lib] CMD enviado: G 779 455
[cnc_lib] CMD enviado: G 778 455
[cnc_lib] CMD enviado: G 776 453
[cnc_lib] CMD enviado: G 775 453
[cnc_lib] CMD enviado: G 773 451
[cnc_lib] CMD enviado: G 772 451
[cnc_lib] CMD enviado: G 770 449
[cnc_lib] CMD enviado: G 769 449
[cnc_lib] CMD enviado: G 767 447
[cnc_lib] CMD enviado: G 766 447
[cnc_lib] CMD enviado: G 764 445
[cnc_lib] CMD enviado: G 763 445
[cnc_lib] CMD enviado: G 761 443
[cnc_lib] CMD enviado: G 760 443
[cnc_lib] CMD enviado: G 759 442
[cnc_lib] CMD enviado: G 722 442
[cnc_lib] CMD enviado: U 0 0
[cnc_lib] Trazado completado (87 puntos)
[cnc_lib] Iniciando trazado: 2 puntos
[cnc_lib] CMD enviado: U 0 0
[cnc_lib] CMD enviado: G 722 429
[cnc_lib] CMD enviado: P 0 0
[cnc_lib] CMD enviado: G 748 429
[cnc_lib] CMD enviado: U 0 0
[cnc_lib] Trazado completado (2 puntos)
[cnc_lib] Iniciando trazado: 89 puntos
[cnc_lib] CMD enviado: U 0 0
[cnc_lib] CMD enviado: G 758 429
[cnc_lib] CMD enviado: P 0 0
[cnc_lib] CMD enviado: G 759 429
[cnc_lib] CMD enviado: G 760 430
[cnc_lib] CMD enviado: G 761 430
[cnc_lib] CMD enviado: G 762 431
[cnc_lib] CMD enviado: G 763 431
[cnc_lib] CMD enviado: G 765 433
[cnc_lib] CMD enviado: G 766 433
[cnc_lib] CMD enviado: G 768 435
[cnc_lib] CMD enviado: G 769 435
[cnc_lib] CMD enviado: G 771 437
[cnc_lib] CMD enviado: G 772 437
[cnc_lib] CMD enviado: G 774 439
[cnc_lib] CMD enviado: G 775 439
[cnc_lib] CMD enviado: G 777 441
[cnc_lib] CMD enviado: G 778 441
[cnc_lib] CMD enviado: G 780 443
[cnc_lib] CMD enviado: G 781 443
[cnc_lib] CMD enviado: G 782 444
[cnc_lib] CMD enviado: G 783 444
[cnc_lib] CMD enviado: G 785 446
[cnc_lib] CMD enviado: G 786 446
[cnc_lib] CMD enviado: G 788 448
[cnc_lib] CMD enviado: G 789 448
[cnc_lib] CMD enviado: G 791 450
[cnc_lib] CMD enviado: G 792 450
[cnc_lib] CMD enviado: G 794 452
[cnc_lib] CMD enviado: G 795 452
[cnc_lib] CMD enviado: G 797 454
[cnc_lib] CMD enviado: G 798 454
[cnc_lib] CMD enviado: G 800 456
[cnc_lib] CMD enviado: G 801 456
[cnc_lib] CMD enviado: G 803 458
[cnc_lib] CMD enviado: G 804 458
[cnc_lib] CMD enviado: G 805 459
[cnc_lib] CMD enviado: G 806 459
[cnc_lib] CMD enviado: G 808 461
[cnc_lib] CMD enviado: G 809 461
[cnc_lib] CMD enviado: G 811 463
[cnc_lib] CMD enviado: G 812 463
[cnc_lib] CMD enviado: G 814 465
[cnc_lib] CMD enviado: G 815 465
[cnc_lib] CMD enviado: G 817 467
[cnc_lib] CMD enviado: G 818 467
[cnc_lib] CMD enviado: G 820 469
[cnc_lib] CMD enviado: G 821 469
[cnc_lib] CMD enviado: G 823 471
[cnc_lib] CMD enviado: G 824 471
[cnc_lib] CMD enviado: G 825 472
[cnc_lib] CMD enviado: G 826 472
[cnc_lib] CMD enviado: G 828 474
[cnc_lib] CMD enviado: G 829 474
[cnc_lib] CMD enviado: G 831 476
[cnc_lib] CMD enviado: G 832 476
[cnc_lib] CMD enviado: G 834 478
[cnc_lib] CMD enviado: G 835 478
[cnc_lib] CMD enviado: G 837 480
[cnc_lib] CMD enviado: G 838 480
[cnc_lib] CMD enviado: G 840 482
[cnc_lib] CMD enviado: G 841 482
[cnc_lib] CMD enviado: G 843 484
[cnc_lib] CMD enviado: G 844 484
[cnc_lib] CMD enviado: G 846 486
[cnc_lib] CMD enviado: G 847 486
[cnc_lib] CMD enviado: G 849 488
[cnc_lib] CMD enviado: G 850 488
[cnc_lib] CMD enviado: G 851 489
[cnc_lib] CMD enviado: G 852 489
[cnc_lib] CMD enviado: G 854 491
[cnc_lib] CMD enviado: G 855 491
[cnc_lib] CMD enviado: G 857 493
[cnc_lib] CMD enviado: G 858 493
[cnc_lib] CMD enviado: G 860 495
[cnc_lib] CMD enviado: G 861 495
[cnc_lib] CMD enviado: G 863 497
[cnc_lib] CMD enviado: G 864 497
[cnc_lib] CMD enviado: G 866 499
[cnc_lib] CMD enviado: G 867 499
[cnc_lib] CMD enviado: G 869 501
[cnc_lib] CMD enviado: G 870 501
[cnc_lib] CMD enviado: G 871 502
[cnc_lib] CMD enviado: G 872 502
[cnc_lib] CMD enviado: G 874 504
[cnc_lib] CMD enviado: G 884 504
[cnc_lib] CMD enviado: G 885 505
[cnc_lib] CMD enviado: G 890 505
[cnc_lib] CMD enviado: G 891 504
[cnc_lib] CMD enviado: G 892 505
[cnc_lib] CMD enviado: G 894 505
[cnc_lib] CMD enviado: U 0 0
[cnc_lib] Trazado completado (89 puntos)
[cnc_lib] Iniciando trazado: 14 puntos
[cnc_lib] CMD enviado: U 0 0
[cnc_lib] CMD enviado: G 894 505
[cnc_lib] CMD enviado: P 0 0
[cnc_lib] CMD enviado: G 901 498
[cnc_lib] CMD enviado: G 904 498
[cnc_lib] CMD enviado: G 905 499
[cnc_lib] CMD enviado: G 906 499
[cnc_lib] CMD enviado: G 908 501
[cnc_lib] CMD enviado: G 908 502
[cnc_lib] CMD enviado: G 910 504
[cnc_lib] CMD enviado: G 910 506
[cnc_lib] CMD enviado: G 908 508
[cnc_lib] CMD enviado: G 908 509
[cnc_lib] CMD enviado: G 907 510
[cnc_lib] CMD enviado: G 906 510
[cnc_lib] CMD enviado: G 904 512
[cnc_lib] CMD enviado: U 0 0
[cnc_lib] Trazado completado (14 puntos)
[cnc_lib] Iniciando trazado: 2 puntos
[cnc_lib] CMD enviado: U 0 0
[cnc_lib] CMD enviado: G 904 512
[cnc_lib] CMD enviado: P 0 0
[cnc_lib] CMD enviado: G 903 512
[cnc_lib] CMD enviado: U 0 0
[cnc_lib] Trazado completado (2 puntos)
[cnc_lib] Iniciando trazado: 2 puntos
[cnc_lib] CMD enviado: U 0 0
[cnc_lib] CMD enviado: G 903 512
[cnc_lib] CMD enviado: P 0 0
[cnc_lib] CMD enviado: G 902 512
[cnc_lib] CMD enviado: U 0 0
[cnc_lib] Trazado completado (2 puntos)
[cnc_lib] Iniciando trazado: 3 puntos
[cnc_lib] CMD enviado: U 0 0
[cnc_lib] CMD enviado: G 902 512
[cnc_lib] CMD enviado: P 0 0
[cnc_lib] CMD enviado: G 901 512
[cnc_lib] CMD enviado: G 894 505
[cnc_lib] CMD enviado: U 0 0
[cnc_lib] Trazado completado (3 puntos)
[cnc_lib] Iniciando trazado: 2 puntos
[cnc_lib] CMD enviado: U 0 0
[cnc_lib] CMD enviado: G 902 512
[cnc_lib] CMD enviado: P 0 0
[cnc_lib] CMD enviado: G 903 513
[cnc_lib] CMD enviado: U 0 0
[cnc_lib] Trazado completado (2 puntos)
[cnc_lib] Iniciando trazado: 2 puntos
[cnc_lib] CMD enviado: U 0 0
[cnc_lib] CMD enviado: G 903 513
[cnc_lib] CMD enviado: P 0 0
[cnc_lib] CMD enviado: G 903 512
[cnc_lib] CMD enviado: U 0 0
[cnc_lib] Trazado completado (2 puntos)
[cnc_lib] Iniciando trazado: 2 puntos
[cnc_lib] CMD enviado: U 0 0
[cnc_lib] CMD enviado: G 904 512
[cnc_lib] CMD enviado: P 0 0
[cnc_lib] CMD enviado: G 903 513
[cnc_lib] CMD enviado: U 0 0
[cnc_lib] Trazado completado (2 puntos)
[cnc_lib] Iniciando trazado: 2 puntos
[cnc_lib] CMD enviado: U 0 0
[cnc_lib] CMD enviado: G 903 513
[cnc_lib] CMD enviado: P 0 0
[cnc_lib] CMD enviado: G 903 516
[cnc_lib] CMD enviado: U 0 0
[cnc_lib] Trazado completado (2 puntos)
[cnc_lib] Iniciando trazado: 2 puntos
[cnc_lib] CMD enviado: U 0 0
[cnc_lib] CMD enviado: G 903 516
[cnc_lib] CMD enviado: P 0 0
[cnc_lib] CMD enviado: G 902 517
[cnc_lib] CMD enviado: U 0 0
[cnc_lib] Trazado completado (2 puntos)
[cnc_lib] Iniciando trazado: 2 puntos
[cnc_lib] CMD enviado: U 0 0
[cnc_lib] CMD enviado: G 902 517
[cnc_lib] CMD enviado: P 0 0
[cnc_lib] CMD enviado: G 903 517
[cnc_lib] CMD enviado: U 0 0
[cnc_lib] Trazado completado (2 puntos)
[cnc_lib] Iniciando trazado: 2 puntos
[cnc_lib] CMD enviado: U 0 0
[cnc_lib] CMD enviado: G 903 517
[cnc_lib] CMD enviado: P 0 0
[cnc_lib] CMD enviado: G 903 516
[cnc_lib] CMD enviado: U 0 0
[cnc_lib] Trazado completado (2 puntos)
[cnc_lib] Iniciando trazado: 2 puntos
[cnc_lib] CMD enviado: U 0 0
[cnc_lib] CMD enviado: G 903 516
[cnc_lib] CMD enviado: P 0 0
[cnc_lib] CMD enviado: G 904 517
[cnc_lib] CMD enviado: U 0 0
[cnc_lib] Trazado completado (2 puntos)
[cnc_lib] Iniciando trazado: 2 puntos
[cnc_lib] CMD enviado: U 0 0
[cnc_lib] CMD enviado: G 904 517
[cnc_lib] CMD enviado: P 0 0
[cnc_lib] CMD enviado: G 903 517
[cnc_lib] CMD enviado: U 0 0
[cnc_lib] Trazado completado (2 puntos)
[cnc_lib] Iniciando trazado: 2 puntos
[cnc_lib] CMD enviado: U 0 0
[cnc_lib] CMD enviado: G 902 517
[cnc_lib] CMD enviado: P 0 0
[cnc_lib] CMD enviado: G 900 519
[cnc_lib] CMD enviado: U 0 0
[cnc_lib] Trazado completado (2 puntos)
[cnc_lib] Iniciando trazado: 2 puntos
[cnc_lib] CMD enviado: U 0 0
[cnc_lib] CMD enviado: G 900 519
[cnc_lib] CMD enviado: P 0 0
[cnc_lib] CMD enviado: G 899 519
[cnc_lib] CMD enviado: U 0 0
[cnc_lib] Trazado completado (2 puntos)
[cnc_lib] Iniciando trazado: 2 puntos
[cnc_lib] CMD enviado: U 0 0
[cnc_lib] CMD enviado: G 900 519
[cnc_lib] CMD enviado: P 0 0
[cnc_lib] CMD enviado: G 900 520
[cnc_lib] CMD enviado: U 0 0
[cnc_lib] Trazado completado (2 puntos)
[cnc_lib] Iniciando trazado: 2 puntos
[cnc_lib] CMD enviado: U 0 0
[cnc_lib] CMD enviado: G 901 524
[cnc_lib] CMD enviado: P 0 0
[cnc_lib] CMD enviado: G 901 525
[cnc_lib] CMD enviado: U 0 0
[cnc_lib] Trazado completado (2 puntos)
[cnc_lib] Iniciando trazado: 2 puntos
[cnc_lib] CMD enviado: U 0 0
[cnc_lib] CMD enviado: G 901 525
[cnc_lib] CMD enviado: P 0 0
[cnc_lib] CMD enviado: G 900 525
[cnc_lib] CMD enviado: U 0 0
[cnc_lib] Trazado completado (2 puntos)
[cnc_lib] Iniciando trazado: 2 puntos
[cnc_lib] CMD enviado: U 0 0
[cnc_lib] CMD enviado: G 901 525
[cnc_lib] CMD enviado: P 0 0
[cnc_lib] CMD enviado: G 902 525
[cnc_lib] CMD enviado: U 0 0
[cnc_lib] Trazado completado (2 puntos)
[cnc_lib] Iniciando trazado: 2 puntos
[cnc_lib] CMD enviado: U 0 0
[cnc_lib] CMD enviado: G 902 525
[cnc_lib] CMD enviado: P 0 0
[cnc_lib] CMD enviado: G 901 524
[cnc_lib] CMD enviado: U 0 0
[cnc_lib] Trazado completado (2 puntos)
[cnc_lib] Iniciando trazado: 10 puntos
[cnc_lib] CMD enviado: U 0 0
[cnc_lib] CMD enviado: G 902 525
[cnc_lib] CMD enviado: P 0 0
[cnc_lib] CMD enviado: G 905 525
[cnc_lib] CMD enviado: G 909 529
[cnc_lib] CMD enviado: G 909 534
[cnc_lib] CMD enviado: G 905 538
[cnc_lib] CMD enviado: G 901 538
[cnc_lib] CMD enviado: G 900 537
[cnc_lib] CMD enviado: G 899 537
[cnc_lib] CMD enviado: G 895 533
[cnc_lib] CMD enviado: G 895 532
[cnc_lib] CMD enviado: U 0 0
[cnc_lib] Trazado completado (10 puntos)
[cnc_lib] Iniciando trazado: 2 puntos
[cnc_lib] CMD enviado: U 0 0
[cnc_lib] CMD enviado: G 895 532
[cnc_lib] CMD enviado: P 0 0
[cnc_lib] CMD enviado: G 894 531
[cnc_lib] CMD enviado: U 0 0
[cnc_lib] Trazado completado (2 puntos)
[cnc_lib] Iniciando trazado: 2 puntos
[cnc_lib] CMD enviado: U 0 0
[cnc_lib] CMD enviado: G 895 531
[cnc_lib] CMD enviado: P 0 0
[cnc_lib] CMD enviado: G 895 532
[cnc_lib] CMD enviado: U 0 0
[cnc_lib] Trazado completado (2 puntos)
[cnc_lib] Iniciando trazado: 4 puntos
[cnc_lib] CMD enviado: U 0 0
[cnc_lib] CMD enviado: G 904 517
[cnc_lib] CMD enviado: P 0 0
[cnc_lib] CMD enviado: G 905 517
[cnc_lib] CMD enviado: G 906 518
[cnc_lib] CMD enviado: G 912 518
[cnc_lib] CMD enviado: U 0 0
[cnc_lib] Trazado completado (4 puntos)
[cnc_lib] Iniciando trazado: 2 puntos
[cnc_lib] CMD enviado: U 0 0
[cnc_lib] CMD enviado: G 942 469
[cnc_lib] CMD enviado: P 0 0
[cnc_lib] CMD enviado: G 942 468
[cnc_lib] CMD enviado: U 0 0
[cnc_lib] Trazado completado (2 puntos)
[cnc_lib] Iniciando trazado: 2 puntos
[cnc_lib] CMD enviado: U 0 0
[cnc_lib] CMD enviado: G 943 468
[cnc_lib] CMD enviado: P 0 0
[cnc_lib] CMD enviado: G 942 469
[cnc_lib] CMD enviado: U 0 0
[cnc_lib] Trazado completado (2 puntos)
[cnc_lib] Iniciando trazado: 7 puntos
[cnc_lib] CMD enviado: U 0 0
[cnc_lib] CMD enviado: G 942 469
[cnc_lib] CMD enviado: P 0 0
[cnc_lib] CMD enviado: G 943 470
[cnc_lib] CMD enviado: G 943 471
[cnc_lib] CMD enviado: G 945 473
[cnc_lib] CMD enviado: G 946 473
[cnc_lib] CMD enviado: G 949 470
[cnc_lib] CMD enviado: G 949 468
[cnc_lib] CMD enviado: U 0 0
[cnc_lib] Trazado completado (7 puntos)
[cnc_lib] Iniciando trazado: 2 puntos
[cnc_lib] CMD enviado: U 0 0
[cnc_lib] CMD enviado: G 949 468
[cnc_lib] CMD enviado: P 0 0
[cnc_lib] CMD enviado: G 948 467
[cnc_lib] CMD enviado: U 0 0
[cnc_lib] Trazado completado (2 puntos)
[cnc_lib] Iniciando trazado: 2 puntos
[cnc_lib] CMD enviado: U 0 0
[cnc_lib] CMD enviado: G 948 467
[cnc_lib] CMD enviado: P 0 0
[cnc_lib] CMD enviado: G 949 467
[cnc_lib] CMD enviado: U 0 0
[cnc_lib] Trazado completado (2 puntos)
[cnc_lib] Iniciando trazado: 2 puntos
[cnc_lib] CMD enviado: U 0 0
[cnc_lib] CMD enviado: G 949 467
[cnc_lib] CMD enviado: P 0 0
[cnc_lib] CMD enviado: G 949 466
[cnc_lib] CMD enviado: U 0 0
[cnc_lib] Trazado completado (2 puntos)
[cnc_lib] Iniciando trazado: 2 puntos
[cnc_lib] CMD enviado: U 0 0
[cnc_lib] CMD enviado: G 949 467
[cnc_lib] CMD enviado: P 0 0
[cnc_lib] CMD enviado: G 950 467
[cnc_lib] CMD enviado: U 0 0
[cnc_lib] Trazado completado (2 puntos)
[cnc_lib] Iniciando trazado: 2 puntos
[cnc_lib] CMD enviado: U 0 0
[cnc_lib] CMD enviado: G 950 467
[cnc_lib] CMD enviado: P 0 0
[cnc_lib] CMD enviado: G 949 468
[cnc_lib] CMD enviado: U 0 0
[cnc_lib] Trazado completado (2 puntos)
[cnc_lib] Iniciando trazado: 2 puntos
[cnc_lib] CMD enviado: U 0 0
[cnc_lib] CMD enviado: G 949 468
[cnc_lib] CMD enviado: P 0 0
[cnc_lib] CMD enviado: G 949 467
[cnc_lib] CMD enviado: U 0 0
[cnc_lib] Trazado completado (2 puntos)
[cnc_lib] Iniciando trazado: 2 puntos
[cnc_lib] CMD enviado: U 0 0
[cnc_lib] CMD enviado: G 958 467
[cnc_lib] CMD enviado: P 0 0
[cnc_lib] CMD enviado: G 958 468
[cnc_lib] CMD enviado: U 0 0
[cnc_lib] Trazado completado (2 puntos)
[cnc_lib] Iniciando trazado: 50 puntos
[cnc_lib] CMD enviado: U 0 0
[cnc_lib] CMD enviado: G 867 429
[cnc_lib] CMD enviado: P 0 0
[cnc_lib] CMD enviado: G 875 429
[cnc_lib] CMD enviado: G 876 428
[cnc_lib] CMD enviado: G 877 428
[cnc_lib] CMD enviado: G 880 425
[cnc_lib] CMD enviado: G 881 425
[cnc_lib] CMD enviado: G 886 420
[cnc_lib] CMD enviado: G 887 420
[cnc_lib] CMD enviado: G 892 415
[cnc_lib] CMD enviado: G 893 415
[cnc_lib] CMD enviado: G 898 410
[cnc_lib] CMD enviado: G 899 410
[cnc_lib] CMD enviado: G 904 405
[cnc_lib] CMD enviado: G 905 405
[cnc_lib] CMD enviado: G 910 400
[cnc_lib] CMD enviado: G 911 400
[cnc_lib] CMD enviado: G 916 395
[cnc_lib] CMD enviado: G 917 395
[cnc_lib] CMD enviado: G 922 390
[cnc_lib] CMD enviado: G 923 390
[cnc_lib] CMD enviado: G 929 384
[cnc_lib] CMD enviado: G 929 383
[cnc_lib] CMD enviado: G 930 382
[cnc_lib] CMD enviado: G 930 367
[cnc_lib] CMD enviado: G 929 366
[cnc_lib] CMD enviado: G 929 334
[cnc_lib] CMD enviado: G 930 333
[cnc_lib] CMD enviado: G 930 288
[cnc_lib] CMD enviado: G 929 287
[cnc_lib] CMD enviado: G 929 286
[cnc_lib] CMD enviado: G 928 285
[cnc_lib] CMD enviado: G 928 284
[cnc_lib] CMD enviado: G 926 282
[cnc_lib] CMD enviado: G 926 281
[cnc_lib] CMD enviado: G 924 279
[cnc_lib] CMD enviado: G 924 278
[cnc_lib] CMD enviado: G 922 276
[cnc_lib] CMD enviado: G 922 275
[cnc_lib] CMD enviado: G 920 273
[cnc_lib] CMD enviado: G 920 272
[cnc_lib] CMD enviado: G 918 270
[cnc_lib] CMD enviado: G 918 269
[cnc_lib] CMD enviado: G 916 267
[cnc_lib] CMD enviado: G 916 266
[cnc_lib] CMD enviado: G 914 264
[cnc_lib] CMD enviado: G 914 263
[cnc_lib] CMD enviado: G 912 261
[cnc_lib] CMD enviado: G 912 253
[cnc_lib] CMD enviado: G 911 252
[cnc_lib] CMD enviado: G 911 250
[cnc_lib] CMD enviado: U 0 0
[cnc_lib] Trazado completado (50 puntos)
[cnc_lib] Iniciando trazado: 2 puntos
[cnc_lib] CMD enviado: U 0 0
[cnc_lib] CMD enviado: G 911 250
[cnc_lib] CMD enviado: P 0 0
[cnc_lib] CMD enviado: G 910 249
[cnc_lib] CMD enviado: U 0 0
[cnc_lib] Trazado completado (2 puntos)
[cnc_lib] Iniciando trazado: 16 puntos
[cnc_lib] CMD enviado: U 0 0
[cnc_lib] CMD enviado: G 910 249
[cnc_lib] CMD enviado: P 0 0
[cnc_lib] CMD enviado: G 905 244
[cnc_lib] CMD enviado: G 905 239
[cnc_lib] CMD enviado: G 909 235
[cnc_lib] CMD enviado: G 913 235
[cnc_lib] CMD enviado: G 914 236
[cnc_lib] CMD enviado: G 915 236
[cnc_lib] CMD enviado: G 917 238
[cnc_lib] CMD enviado: G 917 239
[cnc_lib] CMD enviado: G 918 240
[cnc_lib] CMD enviado: G 918 243
[cnc_lib] CMD enviado: G 917 244
[cnc_lib] CMD enviado: G 917 245
[cnc_lib] CMD enviado: G 914 248
[cnc_lib] CMD enviado: G 913 248
[cnc_lib] CMD enviado: G 912 249
[cnc_lib] CMD enviado: U 0 0
[cnc_lib] Trazado completado (16 puntos)
[cnc_lib] Iniciando trazado: 2 puntos
[cnc_lib] CMD enviado: U 0 0
[cnc_lib] CMD enviado: G 912 249
[cnc_lib] CMD enviado: P 0 0
[cnc_lib] CMD enviado: G 911 249
[cnc_lib] CMD enviado: U 0 0
[cnc_lib] Trazado completado (2 puntos)
[cnc_lib] Iniciando trazado: 2 puntos
[cnc_lib] CMD enviado: U 0 0
[cnc_lib] CMD enviado: G 911 249
[cnc_lib] CMD enviado: P 0 0
[cnc_lib] CMD enviado: G 910 249
[cnc_lib] CMD enviado: U 0 0
[cnc_lib] Trazado completado (2 puntos)
[cnc_lib] Iniciando trazado: 2 puntos
[cnc_lib] CMD enviado: U 0 0
[cnc_lib] CMD enviado: G 911 249
[cnc_lib] CMD enviado: P 0 0
[cnc_lib] CMD enviado: G 911 250
[cnc_lib] CMD enviado: U 0 0
[cnc_lib] Trazado completado (2 puntos)
[cnc_lib] Iniciando trazado: 2 puntos
[cnc_lib] CMD enviado: U 0 0
[cnc_lib] CMD enviado: G 911 250
[cnc_lib] CMD enviado: P 0 0
[cnc_lib] CMD enviado: G 912 249
[cnc_lib] CMD enviado: U 0 0
[cnc_lib] Trazado completado (2 puntos)
[cnc_lib] Iniciando trazado: 48 puntos
[cnc_lib] CMD enviado: U 0 0
[cnc_lib] CMD enviado: G 929 232
[cnc_lib] CMD enviado: P 0 0
[cnc_lib] CMD enviado: G 929 257
[cnc_lib] CMD enviado: G 930 258
[cnc_lib] CMD enviado: G 930 261
[cnc_lib] CMD enviado: G 932 263
[cnc_lib] CMD enviado: G 932 264
[cnc_lib] CMD enviado: G 934 266
[cnc_lib] CMD enviado: G 934 267
[cnc_lib] CMD enviado: G 936 269
[cnc_lib] CMD enviado: G 936 270
[cnc_lib] CMD enviado: G 938 272
[cnc_lib] CMD enviado: G 938 273
[cnc_lib] CMD enviado: G 940 275
[cnc_lib] CMD enviado: G 940 276
[cnc_lib] CMD enviado: G 942 278
[cnc_lib] CMD enviado: G 942 279
[cnc_lib] CMD enviado: G 944 281
[cnc_lib] CMD enviado: G 944 282
[cnc_lib] CMD enviado: G 946 284
[cnc_lib] CMD enviado: G 946 285
[cnc_lib] CMD enviado: G 947 286
[cnc_lib] CMD enviado: G 947 383
[cnc_lib] CMD enviado: G 946 384
[cnc_lib] CMD enviado: G 946 385
[cnc_lib] CMD enviado: G 939 392
[cnc_lib] CMD enviado: G 938 392
[cnc_lib] CMD enviado: G 931 399
[cnc_lib] CMD enviado: G 930 399
[cnc_lib] CMD enviado: G 923 406
[cnc_lib] CMD enviado: G 922 406
[cnc_lib] CMD enviado: G 915 413
[cnc_lib] CMD enviado: G 914 413
[cnc_lib] CMD enviado: G 907 420
[cnc_lib] CMD enviado: G 906 420
[cnc_lib] CMD enviado: G 899 427
[cnc_lib] CMD enviado: G 898 427
[cnc_lib] CMD enviado: G 892 433
[cnc_lib] CMD enviado: G 891 433
[cnc_lib] CMD enviado: G 883 441
[cnc_lib] CMD enviado: G 882 441
[cnc_lib] CMD enviado: G 877 446
[cnc_lib] CMD enviado: G 859 446
[cnc_lib] CMD enviado: G 858 447
[cnc_lib] CMD enviado: G 853 447
[cnc_lib] CMD enviado: G 852 446
[cnc_lib] CMD enviado: G 851 446
[cnc_lib] CMD enviado: G 850 447
[cnc_lib] CMD enviado: G 849 447
[cnc_lib] CMD enviado: U 0 0
[cnc_lib] Trazado completado (48 puntos)
[cnc_lib] Iniciando trazado: 41 puntos
[cnc_lib] CMD enviado: U 0 0
[cnc_lib] CMD enviado: G 867 384
[cnc_lib] CMD enviado: P 0 0
[cnc_lib] CMD enviado: G 848 384
[cnc_lib] CMD enviado: G 847 383
[cnc_lib] CMD enviado: G 845 383
[cnc_lib] CMD enviado: G 844 382
[cnc_lib] CMD enviado: G 843 382
[cnc_lib] CMD enviado: G 842 381
[cnc_lib] CMD enviado: G 841 381
[cnc_lib] CMD enviado: G 840 380
[cnc_lib] CMD enviado: G 839 380
[cnc_lib] CMD enviado: G 837 378
[cnc_lib] CMD enviado: G 836 378
[cnc_lib] CMD enviado: G 835 377
[cnc_lib] CMD enviado: G 834 377
[cnc_lib] CMD enviado: G 833 376
[cnc_lib] CMD enviado: G 832 376
[cnc_lib] CMD enviado: G 831 375
[cnc_lib] CMD enviado: G 830 375
[cnc_lib] CMD enviado: G 829 374
[cnc_lib] CMD enviado: G 828 374
[cnc_lib] CMD enviado: G 827 373
[cnc_lib] CMD enviado: G 826 373
[cnc_lib] CMD enviado: G 825 372
[cnc_lib] CMD enviado: G 824 372
[cnc_lib] CMD enviado: G 823 371
[cnc_lib] CMD enviado: G 822 371
[cnc_lib] CMD enviado: G 821 370
[cnc_lib] CMD enviado: G 820 370
[cnc_lib] CMD enviado: G 819 369
[cnc_lib] CMD enviado: G 818 369
[cnc_lib] CMD enviado: G 817 368
[cnc_lib] CMD enviado: G 816 368
[cnc_lib] CMD enviado: G 815 367
[cnc_lib] CMD enviado: G 813 367
[cnc_lib] CMD enviado: G 812 366
[cnc_lib] CMD enviado: G 729 366
[cnc_lib] CMD enviado: G 711 384
[cnc_lib] CMD enviado: G 711 392
[cnc_lib] CMD enviado: G 710 393
[cnc_lib] CMD enviado: G 711 394
[cnc_lib] CMD enviado: G 711 417
[cnc_lib] CMD enviado: U 0 0
[cnc_lib] Trazado completado (41 puntos)
[cnc_lib] Iniciando trazado: 19 puntos
[cnc_lib] CMD enviado: U 0 0
[cnc_lib] CMD enviado: G 697 417
[cnc_lib] CMD enviado: P 0 0
[cnc_lib] CMD enviado: G 697 386
[cnc_lib] CMD enviado: G 698 385
[cnc_lib] CMD enviado: G 698 384
[cnc_lib] CMD enviado: G 699 383
[cnc_lib] CMD enviado: G 699 382
[cnc_lib] CMD enviado: G 727 354
[cnc_lib] CMD enviado: G 728 354
[cnc_lib] CMD enviado: G 729 353
[cnc_lib] CMD enviado: G 830 353
[cnc_lib] CMD enviado: G 831 352
[cnc_lib] CMD enviado: G 832 352
[cnc_lib] CMD enviado: G 833 351
[cnc_lib] CMD enviado: G 834 351
[cnc_lib] CMD enviado: G 836 349
[cnc_lib] CMD enviado: G 837 349
[cnc_lib] CMD enviado: G 840 346
[cnc_lib] CMD enviado: G 841 346
[cnc_lib] CMD enviado: G 843 344
[cnc_lib] CMD enviado: U 0 0
[cnc_lib] Trazado completado (19 puntos)
[cnc_lib] Iniciando trazado: 2 puntos
[cnc_lib] CMD enviado: U 0 0
[cnc_lib] CMD enviado: G 843 344
[cnc_lib] CMD enviado: P 0 0
[cnc_lib] CMD enviado: G 843 343
[cnc_lib] CMD enviado: U 0 0
[cnc_lib] Trazado completado (2 puntos)
[cnc_lib] Iniciando trazado: 20 puntos
[cnc_lib] CMD enviado: U 0 0
[cnc_lib] CMD enviado: G 843 343
[cnc_lib] CMD enviado: P 0 0
[cnc_lib] CMD enviado: G 842 342
[cnc_lib] CMD enviado: G 842 339
[cnc_lib] CMD enviado: G 843 338
[cnc_lib] CMD enviado: G 843 337
[cnc_lib] CMD enviado: G 847 333
[cnc_lib] CMD enviado: G 851 333
[cnc_lib] CMD enviado: G 852 334
[cnc_lib] CMD enviado: G 853 334
[cnc_lib] CMD enviado: G 854 335
[cnc_lib] CMD enviado: G 854 336
[cnc_lib] CMD enviado: G 855 337
[cnc_lib] CMD enviado: G 855 338
[cnc_lib] CMD enviado: G 856 339
[cnc_lib] CMD enviado: G 856 341
[cnc_lib] CMD enviado: G 855 342
[cnc_lib] CMD enviado: G 855 343
[cnc_lib] CMD enviado: G 852 346
[cnc_lib] CMD enviado: G 846 346
[cnc_lib] CMD enviado: G 844 344
[cnc_lib] CMD enviado: U 0 0
[cnc_lib] Trazado completado (20 puntos)
[cnc_lib] Iniciando trazado: 2 puntos
[cnc_lib] CMD enviado: U 0 0
[cnc_lib] CMD enviado: G 844 344
[cnc_lib] CMD enviado: P 0 0
[cnc_lib] CMD enviado: G 843 343
[cnc_lib] CMD enviado: U 0 0
[cnc_lib] Trazado completado (2 puntos)
[cnc_lib] Iniciando trazado: 2 puntos
[cnc_lib] CMD enviado: U 0 0
[cnc_lib] CMD enviado: G 843 344
[cnc_lib] CMD enviado: P 0 0
[cnc_lib] CMD enviado: G 844 344
[cnc_lib] CMD enviado: U 0 0
[cnc_lib] Trazado completado (2 puntos)
[cnc_lib] Iniciando trazado: 24 puntos
[cnc_lib] CMD enviado: U 0 0
[cnc_lib] CMD enviado: G 876 322
[cnc_lib] CMD enviado: P 0 0
[cnc_lib] CMD enviado: G 873 322
[cnc_lib] CMD enviado: G 872 321
[cnc_lib] CMD enviado: G 848 321
[cnc_lib] CMD enviado: G 847 322
[cnc_lib] CMD enviado: G 845 322
[cnc_lib] CMD enviado: G 843 324
[cnc_lib] CMD enviado: G 842 324
[cnc_lib] CMD enviado: G 839 327
[cnc_lib] CMD enviado: G 838 327
[cnc_lib] CMD enviado: G 835 330
[cnc_lib] CMD enviado: G 834 330
[cnc_lib] CMD enviado: G 830 334
[cnc_lib] CMD enviado: G 829 334
[cnc_lib] CMD enviado: G 826 337
[cnc_lib] CMD enviado: G 825 337
[cnc_lib] CMD enviado: G 823 339
[cnc_lib] CMD enviado: G 730 339
[cnc_lib] CMD enviado: G 729 340
[cnc_lib] CMD enviado: G 728 340
[cnc_lib] CMD enviado: G 685 383
[cnc_lib] CMD enviado: G 685 384
[cnc_lib] CMD enviado: G 684 385
[cnc_lib] CMD enviado: G 684 417
[cnc_lib] CMD enviado: U 0 0
[cnc_lib] Trazado completado (24 puntos)
[cnc_lib] Iniciando trazado: 15 puntos
[cnc_lib] CMD enviado: U 0 0
[cnc_lib] CMD enviado: G 671 417
[cnc_lib] CMD enviado: P 0 0
[cnc_lib] CMD enviado: G 671 397
[cnc_lib] CMD enviado: G 670 396
[cnc_lib] CMD enviado: G 670 393
[cnc_lib] CMD enviado: G 671 392
[cnc_lib] CMD enviado: G 670 391
[cnc_lib] CMD enviado: G 670 386
[cnc_lib] CMD enviado: G 671 385
[cnc_lib] CMD enviado: G 671 384
[cnc_lib] CMD enviado: G 765 290
[cnc_lib] CMD enviado: G 766 290
[cnc_lib] CMD enviado: G 790 266
[cnc_lib] CMD enviado: G 790 265
[cnc_lib] CMD enviado: G 791 264
[cnc_lib] CMD enviado: G 791 199
[cnc_lib] CMD enviado: U 0 0
[cnc_lib] Trazado completado (15 puntos)
[cnc_lib] Iniciando trazado: 10 puntos
[cnc_lib] CMD enviado: U 0 0
[cnc_lib] CMD enviado: G 778 199
[cnc_lib] CMD enviado: P 0 0
[cnc_lib] CMD enviado: G 778 222
[cnc_lib] CMD enviado: G 777 223
[cnc_lib] CMD enviado: G 777 224
[cnc_lib] CMD enviado: G 778 225
[cnc_lib] CMD enviado: G 778 263
[cnc_lib] CMD enviado: G 658 383
[cnc_lib] CMD enviado: G 658 384
[cnc_lib] CMD enviado: G 657 385
[cnc_lib] CMD enviado: G 657 417
[cnc_lib] CMD enviado: U 0 0
[cnc_lib] Trazado completado (10 puntos)
[cnc_lib] Iniciando trazado: 10 puntos
[cnc_lib] CMD enviado: U 0 0
[cnc_lib] CMD enviado: G 644 417
[cnc_lib] CMD enviado: P 0 0
[cnc_lib] CMD enviado: G 644 395
[cnc_lib] CMD enviado: G 643 394
[cnc_lib] CMD enviado: G 643 393
[cnc_lib] CMD enviado: G 644 392
[cnc_lib] CMD enviado: G 644 384
[cnc_lib] CMD enviado: G 763 265
[cnc_lib] CMD enviado: G 763 264
[cnc_lib] CMD enviado: G 764 263
[cnc_lib] CMD enviado: G 764 199
[cnc_lib] CMD enviado: U 0 0
[cnc_lib] Trazado completado (10 puntos)
[cnc_lib] Iniciando trazado: 8 puntos
[cnc_lib] CMD enviado: U 0 0
[cnc_lib] CMD enviado: G 751 199
[cnc_lib] CMD enviado: P 0 0
[cnc_lib] CMD enviado: G 751 263
[cnc_lib] CMD enviado: G 632 382
[cnc_lib] CMD enviado: G 632 383
[cnc_lib] CMD enviado: G 631 384
[cnc_lib] CMD enviado: G 631 385
[cnc_lib] CMD enviado: G 630 386
[cnc_lib] CMD enviado: G 630 417
[cnc_lib] CMD enviado: U 0 0
[cnc_lib] Trazado completado (8 puntos)
[cnc_lib] Iniciando trazado: 11 puntos
[cnc_lib] CMD enviado: U 0 0
[cnc_lib] CMD enviado: G 617 417
[cnc_lib] CMD enviado: P 0 0
[cnc_lib] CMD enviado: G 617 385
[cnc_lib] CMD enviado: G 618 384
[cnc_lib] CMD enviado: G 618 383
[cnc_lib] CMD enviado: G 737 264
[cnc_lib] CMD enviado: G 737 226
[cnc_lib] CMD enviado: G 738 225
[cnc_lib] CMD enviado: G 737 224
[cnc_lib] CMD enviado: G 737 221
[cnc_lib] CMD enviado: G 738 220
[cnc_lib] CMD enviado: G 738 199
[cnc_lib] CMD enviado: U 0 0
[cnc_lib] Trazado completado (11 puntos)
[cnc_lib] Iniciando trazado: 17 puntos
[cnc_lib] CMD enviado: U 0 0
[cnc_lib] CMD enviado: G 724 199
[cnc_lib] CMD enviado: P 0 0
[cnc_lib] CMD enviado: G 724 263
[cnc_lib] CMD enviado: G 721 266
[cnc_lib] CMD enviado: G 721 267
[cnc_lib] CMD enviado: G 612 376
[cnc_lib] CMD enviado: G 611 376
[cnc_lib] CMD enviado: G 606 381
[cnc_lib] CMD enviado: G 606 382
[cnc_lib] CMD enviado: G 604 384
[cnc_lib] CMD enviado: G 604 385
[cnc_lib] CMD enviado: G 603 386
[cnc_lib] CMD enviado: G 603 391
[cnc_lib] CMD enviado: G 604 392
[cnc_lib] CMD enviado: G 603 393
[cnc_lib] CMD enviado: G 603 396
[cnc_lib] CMD enviado: G 604 397
[cnc_lib] CMD enviado: G 604 417
[cnc_lib] CMD enviado: U 0 0
[cnc_lib] Trazado completado (17 puntos)
[cnc_lib] Iniciando trazado: 10 puntos
[cnc_lib] CMD enviado: U 0 0
[cnc_lib] CMD enviado: G 590 417
[cnc_lib] CMD enviado: P 0 0
[cnc_lib] CMD enviado: G 590 385
[cnc_lib] CMD enviado: G 591 384
[cnc_lib] CMD enviado: G 591 383
[cnc_lib] CMD enviado: G 711 263
[cnc_lib] CMD enviado: G 711 225
[cnc_lib] CMD enviado: G 710 224
[cnc_lib] CMD enviado: G 710 223
[cnc_lib] CMD enviado: G 711 222
[cnc_lib] CMD enviado: G 711 199
[cnc_lib] CMD enviado: U 0 0
[cnc_lib] Trazado completado (10 puntos)
[cnc_lib] Iniciando trazado: 10 puntos
[cnc_lib] CMD enviado: U 0 0
[cnc_lib] CMD enviado: G 697 199
[cnc_lib] CMD enviado: P 0 0
[cnc_lib] CMD enviado: G 697 263
[cnc_lib] CMD enviado: G 696 264
[cnc_lib] CMD enviado: G 696 265
[cnc_lib] CMD enviado: G 577 384
[cnc_lib] CMD enviado: G 577 392
[cnc_lib] CMD enviado: G 576 393
[cnc_lib] CMD enviado: G 576 394
[cnc_lib] CMD enviado: G 577 395
[cnc_lib] CMD enviado: G 577 417
[cnc_lib] CMD enviado: U 0 0
[cnc_lib] Trazado completado (10 puntos)
[cnc_lib] Iniciando trazado: 10 puntos
[cnc_lib] CMD enviado: U 0 0
[cnc_lib] CMD enviado: G 563 417
[cnc_lib] CMD enviado: P 0 0
[cnc_lib] CMD enviado: G 563 386
[cnc_lib] CMD enviado: G 564 385
[cnc_lib] CMD enviado: G 564 383
[cnc_lib] CMD enviado: G 574 373
[cnc_lib] CMD enviado: G 575 373
[cnc_lib] CMD enviado: G 681 267
[cnc_lib] CMD enviado: G 681 266
[cnc_lib] CMD enviado: G 684 263
[cnc_lib] CMD enviado: G 684 199
[cnc_lib] CMD enviado: U 0 0
[cnc_lib] Trazado completado (10 puntos)
[cnc_lib] Iniciando trazado: 56 puntos
[cnc_lib] CMD enviado: U 0 0
[cnc_lib] CMD enviado: G 672 174
[cnc_lib] CMD enviado: P 0 0
[cnc_lib] CMD enviado: G 568 174
[cnc_lib] CMD enviado: G 567 173
[cnc_lib] CMD enviado: G 567 172
[cnc_lib] CMD enviado: G 566 171
[cnc_lib] CMD enviado: G 566 169
[cnc_lib] CMD enviado: G 565 168
[cnc_lib] CMD enviado: G 565 167
[cnc_lib] CMD enviado: G 564 166
[cnc_lib] CMD enviado: G 564 164
[cnc_lib] CMD enviado: G 563 163
[cnc_lib] CMD enviado: G 563 162
[cnc_lib] CMD enviado: G 562 161
[cnc_lib] CMD enviado: G 562 159
[cnc_lib] CMD enviado: G 561 158
[cnc_lib] CMD enviado: G 561 157
[cnc_lib] CMD enviado: G 560 156
[cnc_lib] CMD enviado: G 560 154
[cnc_lib] CMD enviado: G 559 153
[cnc_lib] CMD enviado: G 559 151
[cnc_lib] CMD enviado: G 558 150
[cnc_lib] CMD enviado: G 558 149
[cnc_lib] CMD enviado: G 557 148
[cnc_lib] CMD enviado: G 557 146
[cnc_lib] CMD enviado: G 556 145
[cnc_lib] CMD enviado: G 556 144
[cnc_lib] CMD enviado: G 555 143
[cnc_lib] CMD enviado: G 555 141
[cnc_lib] CMD enviado: G 554 140
[cnc_lib] CMD enviado: G 554 138
[cnc_lib] CMD enviado: G 553 137
[cnc_lib] CMD enviado: G 553 136
[cnc_lib] CMD enviado: G 552 135
[cnc_lib] CMD enviado: G 552 133
[cnc_lib] CMD enviado: G 551 132
[cnc_lib] CMD enviado: G 551 131
[cnc_lib] CMD enviado: G 550 130
[cnc_lib] CMD enviado: G 550 128
[cnc_lib] CMD enviado: G 549 127
[cnc_lib] CMD enviado: G 549 125
[cnc_lib] CMD enviado: G 548 124
[cnc_lib] CMD enviado: G 548 123
[cnc_lib] CMD enviado: G 547 122
[cnc_lib] CMD enviado: G 547 120
[cnc_lib] CMD enviado: G 546 119
[cnc_lib] CMD enviado: G 546 115
[cnc_lib] CMD enviado: G 545 114
[cnc_lib] CMD enviado: G 545 68
[cnc_lib] CMD enviado: G 542 65
[cnc_lib] CMD enviado: G 541 65
[cnc_lib] CMD enviado: G 539 63
[cnc_lib] CMD enviado: G 538 63
[cnc_lib] CMD enviado: G 536 61
[cnc_lib] CMD enviado: G 535 61
[cnc_lib] CMD enviado: G 532 58
[cnc_lib] CMD enviado: G 532 1
[cnc_lib] CMD enviado: U 0 0
[cnc_lib] Trazado completado (56 puntos)
[cnc_lib] Iniciando trazado: 2 puntos
[cnc_lib] CMD enviado: U 0 0
[cnc_lib] CMD enviado: G 532 1
[cnc_lib] CMD enviado: P 0 0
[cnc_lib] CMD enviado: G 531 0
[cnc_lib] CMD enviado: U 0 0
[cnc_lib] Trazado completado (2 puntos)
[cnc_lib] Iniciando trazado: 2 puntos
[cnc_lib] CMD enviado: U 0 0
[cnc_lib] CMD enviado: G 531 0
[cnc_lib] CMD enviado: P 0 0
[cnc_lib] CMD enviado: G 530 0
[cnc_lib] CMD enviado: U 0 0
[cnc_lib] Trazado completado (2 puntos)
[cnc_lib] Iniciando trazado: 2 puntos
[cnc_lib] CMD enviado: U 0 0
[cnc_lib] CMD enviado: G 531 0
[cnc_lib] CMD enviado: P 0 0
[cnc_lib] CMD enviado: G 532 0
[cnc_lib] CMD enviado: U 0 0
[cnc_lib] Trazado completado (2 puntos)
[cnc_lib] Iniciando trazado: 3 puntos
[cnc_lib] CMD enviado: U 0 0
[cnc_lib] CMD enviado: G 532 0
[cnc_lib] CMD enviado: P 0 0
[cnc_lib] CMD enviado: G 533 0
[cnc_lib] CMD enviado: G 532 1
[cnc_lib] CMD enviado: U 0 0
[cnc_lib] Trazado completado (3 puntos)
[cnc_lib] Iniciando trazado: 2 puntos
[cnc_lib] CMD enviado: U 0 0
[cnc_lib] CMD enviado: G 532 1
[cnc_lib] CMD enviado: P 0 0
[cnc_lib] CMD enviado: G 532 0
[cnc_lib] CMD enviado: U 0 0
[cnc_lib] Trazado completado (2 puntos)
[cnc_lib] Iniciando trazado: 2 puntos
[cnc_lib] CMD enviado: U 0 0
[cnc_lib] CMD enviado: G 539 0
[cnc_lib] CMD enviado: P 0 0
[cnc_lib] CMD enviado: G 540 0
[cnc_lib] CMD enviado: U 0 0
[cnc_lib] Trazado completado (2 puntos)
[cnc_lib] Iniciando trazado: 2 puntos
[cnc_lib] CMD enviado: U 0 0
[cnc_lib] CMD enviado: G 540 0
[cnc_lib] CMD enviado: P 0 0
[cnc_lib] CMD enviado: G 541 0
[cnc_lib] CMD enviado: U 0 0
[cnc_lib] Trazado completado (2 puntos)
[cnc_lib] Iniciando trazado: 3 puntos
[cnc_lib] CMD enviado: U 0 0
[cnc_lib] CMD enviado: G 541 0
[cnc_lib] CMD enviado: P 0 0
[cnc_lib] CMD enviado: G 542 0
[cnc_lib] CMD enviado: G 541 1
[cnc_lib] CMD enviado: U 0 0
[cnc_lib] Trazado completado (3 puntos)
[cnc_lib] Iniciando trazado: 2 puntos
[cnc_lib] CMD enviado: U 0 0
[cnc_lib] CMD enviado: G 541 1
[cnc_lib] CMD enviado: P 0 0
[cnc_lib] CMD enviado: G 540 0
[cnc_lib] CMD enviado: U 0 0
[cnc_lib] Trazado completado (2 puntos)
[cnc_lib] Iniciando trazado: 2 puntos
[cnc_lib] CMD enviado: U 0 0
[cnc_lib] CMD enviado: G 541 0
[cnc_lib] CMD enviado: P 0 0
[cnc_lib] CMD enviado: G 541 1
[cnc_lib] CMD enviado: U 0 0
[cnc_lib] Trazado completado (2 puntos)
[cnc_lib] Iniciando trazado: 6 puntos
[cnc_lib] CMD enviado: U 0 0
[cnc_lib] CMD enviado: G 541 1
[cnc_lib] CMD enviado: P 0 0
[cnc_lib] CMD enviado: G 541 9
[cnc_lib] CMD enviado: G 542 10
[cnc_lib] CMD enviado: G 542 11
[cnc_lib] CMD enviado: G 554 23
[cnc_lib] CMD enviado: G 554 33
[cnc_lib] CMD enviado: U 0 0
[cnc_lib] Trazado completado (6 puntos)
[cnc_lib] Iniciando trazado: 2 puntos
[cnc_lib] CMD enviado: U 0 0
[cnc_lib] CMD enviado: G 554 33
[cnc_lib] CMD enviado: P 0 0
[cnc_lib] CMD enviado: G 553 34
[cnc_lib] CMD enviado: U 0 0
[cnc_lib] Trazado completado (2 puntos)
[cnc_lib] Iniciando trazado: 13 puntos
[cnc_lib] CMD enviado: U 0 0
[cnc_lib] CMD enviado: G 553 34
[cnc_lib] CMD enviado: P 0 0
[cnc_lib] CMD enviado: G 550 34
[cnc_lib] CMD enviado: G 546 38
[cnc_lib] CMD enviado: G 546 39
[cnc_lib] CMD enviado: G 545 40
[cnc_lib] CMD enviado: G 545 50
[cnc_lib] CMD enviado: G 546 51
[cnc_lib] CMD enviado: G 546 52
[cnc_lib] CMD enviado: G 549 55
[cnc_lib] CMD enviado: G 550 55
[cnc_lib] CMD enviado: G 551 56
[cnc_lib] CMD enviado: G 553 56
[cnc_lib] CMD enviado: G 554 57
[cnc_lib] CMD enviado: U 0 0
[cnc_lib] Trazado completado (13 puntos)
[cnc_lib] Iniciando trazado: 11 puntos
[cnc_lib] CMD enviado: U 0 0
[cnc_lib] CMD enviado: G 554 57
[cnc_lib] CMD enviado: P 0 0
[cnc_lib] CMD enviado: G 555 56
[cnc_lib] CMD enviado: G 556 56
[cnc_lib] CMD enviado: G 557 55
[cnc_lib] CMD enviado: G 559 55
[cnc_lib] CMD enviado: G 563 51
[cnc_lib] CMD enviado: G 563 39
[cnc_lib] CMD enviado: G 562 38
[cnc_lib] CMD enviado: G 562 37
[cnc_lib] CMD enviado: G 559 34
[cnc_lib] CMD enviado: G 555 34
[cnc_lib] CMD enviado: U 0 0
[cnc_lib] Trazado completado (11 puntos)
[cnc_lib] Iniciando trazado: 2 puntos
[cnc_lib] CMD enviado: U 0 0
[cnc_lib] CMD enviado: G 555 34
[cnc_lib] CMD enviado: P 0 0
[cnc_lib] CMD enviado: G 554 33
[cnc_lib] CMD enviado: U 0 0
[cnc_lib] Trazado completado (2 puntos)
[cnc_lib] Iniciando trazado: 2 puntos
[cnc_lib] CMD enviado: U 0 0
[cnc_lib] CMD enviado: G 554 33
[cnc_lib] CMD enviado: P 0 0
[cnc_lib] CMD enviado: G 554 34
[cnc_lib] CMD enviado: U 0 0
[cnc_lib] Trazado completado (2 puntos)
[cnc_lib] Iniciando trazado: 2 puntos
[cnc_lib] CMD enviado: U 0 0
[cnc_lib] CMD enviado: G 554 34
[cnc_lib] CMD enviado: P 0 0
[cnc_lib] CMD enviado: G 553 34
[cnc_lib] CMD enviado: U 0 0
[cnc_lib] Trazado completado (2 puntos)
[cnc_lib] Iniciando trazado: 2 puntos
[cnc_lib] CMD enviado: U 0 0
[cnc_lib] CMD enviado: G 554 34
[cnc_lib] CMD enviado: P 0 0
[cnc_lib] CMD enviado: G 555 34
[cnc_lib] CMD enviado: U 0 0
[cnc_lib] Trazado completado (2 puntos)
[cnc_lib] Iniciando trazado: 42 puntos
[cnc_lib] CMD enviado: U 0 0
[cnc_lib] CMD enviado: G 554 57
[cnc_lib] CMD enviado: P 0 0
[cnc_lib] CMD enviado: G 554 61
[cnc_lib] CMD enviado: G 555 62
[cnc_lib] CMD enviado: G 555 64
[cnc_lib] CMD enviado: G 559 68
[cnc_lib] CMD enviado: G 559 109
[cnc_lib] CMD enviado: G 560 110
[cnc_lib] CMD enviado: G 560 112
[cnc_lib] CMD enviado: G 561 113
[cnc_lib] CMD enviado: G 561 115
[cnc_lib] CMD enviado: G 562 116
[cnc_lib] CMD enviado: G 562 118
[cnc_lib] CMD enviado: G 563 119
[cnc_lib] CMD enviado: G 563 121
[cnc_lib] CMD enviado: G 564 122
[cnc_lib] CMD enviado: G 564 124
[cnc_lib] CMD enviado: G 565 125
[cnc_lib] CMD enviado: G 565 127
[cnc_lib] CMD enviado: G 566 128
[cnc_lib] CMD enviado: G 566 130
[cnc_lib] CMD enviado: G 567 131
[cnc_lib] CMD enviado: G 567 133
[cnc_lib] CMD enviado: G 568 134
[cnc_lib] CMD enviado: G 568 136
[cnc_lib] CMD enviado: G 569 137
[cnc_lib] CMD enviado: G 569 139
[cnc_lib] CMD enviado: G 570 140
[cnc_lib] CMD enviado: G 570 142
[cnc_lib] CMD enviado: G 571 143
[cnc_lib] CMD enviado: G 571 145
[cnc_lib] CMD enviado: G 572 146
[cnc_lib] CMD enviado: G 572 148
[cnc_lib] CMD enviado: G 573 149
[cnc_lib] CMD enviado: G 573 151
[cnc_lib] CMD enviado: G 574 152
[cnc_lib] CMD enviado: G 574 154
[cnc_lib] CMD enviado: G 575 155
[cnc_lib] CMD enviado: G 575 157
[cnc_lib] CMD enviado: G 576 158
[cnc_lib] CMD enviado: G 576 160
[cnc_lib] CMD enviado: G 577 161
[cnc_lib] CMD enviado: G 672 161
[cnc_lib] CMD enviado: U 0 0
[cnc_lib] Trazado completado (42 puntos)
[cnc_lib] Iniciando trazado: 42 puntos
[cnc_lib] CMD enviado: U 0 0
[cnc_lib] CMD enviado: G 672 147
[cnc_lib] CMD enviado: P 0 0
[cnc_lib] CMD enviado: G 651 147
[cnc_lib] CMD enviado: G 650 148
[cnc_lib] CMD enviado: G 648 148
[cnc_lib] CMD enviado: G 647 147
[cnc_lib] CMD enviado: G 590 147
[cnc_lib] CMD enviado: G 589 146
[cnc_lib] CMD enviado: G 589 144
[cnc_lib] CMD enviado: G 588 143
[cnc_lib] CMD enviado: G 588 142
[cnc_lib] CMD enviado: G 587 141
[cnc_lib] CMD enviado: G 587 139
[cnc_lib] CMD enviado: G 586 138
[cnc_lib] CMD enviado: G 586 137
[cnc_lib] CMD enviado: G 585 136
[cnc_lib] CMD enviado: G 585 134
[cnc_lib] CMD enviado: G 584 133
[cnc_lib] CMD enviado: G 584 132
[cnc_lib] CMD enviado: G 583 131
[cnc_lib] CMD enviado: G 583 129
[cnc_lib] CMD enviado: G 582 128
[cnc_lib] CMD enviado: G 582 127
[cnc_lib] CMD enviado: G 581 126
[cnc_lib] CMD enviado: G 581 124
[cnc_lib] CMD enviado: G 580 123
[cnc_lib] CMD enviado: G 580 122
[cnc_lib] CMD enviado: G 579 121
[cnc_lib] CMD enviado: G 579 119
[cnc_lib] CMD enviado: G 578 118
[cnc_lib] CMD enviado: G 578 117
[cnc_lib] CMD enviado: G 577 116
[cnc_lib] CMD enviado: G 577 114
[cnc_lib] CMD enviado: G 576 113
[cnc_lib] CMD enviado: G 576 112
[cnc_lib] CMD enviado: G 575 111
[cnc_lib] CMD enviado: G 575 109
[cnc_lib] CMD enviado: G 574 108
[cnc_lib] CMD enviado: G 574 107
[cnc_lib] CMD enviado: G 573 106
[cnc_lib] CMD enviado: G 573 104
[cnc_lib] CMD enviado: G 572 103
[cnc_lib] CMD enviado: G 572 1
[cnc_lib] CMD enviado: U 0 0
[cnc_lib] Trazado completado (42 puntos)
[cnc_lib] Iniciando trazado: 2 puntos
[cnc_lib] CMD enviado: U 0 0
[cnc_lib] CMD enviado: G 572 1
[cnc_lib] CMD enviado: P 0 0
[cnc_lib] CMD enviado: G 571 0
[cnc_lib] CMD enviado: U 0 0
[cnc_lib] Trazado completado (2 puntos)
[cnc_lib] Iniciando trazado: 2 puntos
[cnc_lib] CMD enviado: U 0 0
[cnc_lib] CMD enviado: G 571 0
[cnc_lib] CMD enviado: P 0 0
[cnc_lib] CMD enviado: G 570 0
[cnc_lib] CMD enviado: U 0 0
[cnc_lib] Trazado completado (2 puntos)
[cnc_lib] Iniciando trazado: 2 puntos
[cnc_lib] CMD enviado: U 0 0
[cnc_lib] CMD enviado: G 571 0
[cnc_lib] CMD enviado: P 0 0
[cnc_lib] CMD enviado: G 572 0
[cnc_lib] CMD enviado: U 0 0
[cnc_lib] Trazado completado (2 puntos)
[cnc_lib] Iniciando trazado: 3 puntos
[cnc_lib] CMD enviado: U 0 0
[cnc_lib] CMD enviado: G 572 0
[cnc_lib] CMD enviado: P 0 0
[cnc_lib] CMD enviado: G 573 0
[cnc_lib] CMD enviado: G 572 1
[cnc_lib] CMD enviado: U 0 0
[cnc_lib] Trazado completado (3 puntos)
[cnc_lib] Iniciando trazado: 2 puntos
[cnc_lib] CMD enviado: U 0 0
[cnc_lib] CMD enviado: G 572 1
[cnc_lib] CMD enviado: P 0 0
[cnc_lib] CMD enviado: G 572 0
[cnc_lib] CMD enviado: U 0 0
[cnc_lib] Trazado completado (2 puntos)
[cnc_lib] Iniciando trazado: 2 puntos
[cnc_lib] CMD enviado: U 0 0
[cnc_lib] CMD enviado: G 579 0
[cnc_lib] CMD enviado: P 0 0
[cnc_lib] CMD enviado: G 580 0
[cnc_lib] CMD enviado: U 0 0
[cnc_lib] Trazado completado (2 puntos)
[cnc_lib] Iniciando trazado: 2 puntos
[cnc_lib] CMD enviado: U 0 0
[cnc_lib] CMD enviado: G 580 0
[cnc_lib] CMD enviado: P 0 0
[cnc_lib] CMD enviado: G 581 0
[cnc_lib] CMD enviado: U 0 0
[cnc_lib] Trazado completado (2 puntos)
[cnc_lib] Iniciando trazado: 3 puntos
[cnc_lib] CMD enviado: U 0 0
[cnc_lib] CMD enviado: G 581 0
[cnc_lib] CMD enviado: P 0 0
[cnc_lib] CMD enviado: G 582 0
[cnc_lib] CMD enviado: G 581 1
[cnc_lib] CMD enviado: U 0 0
[cnc_lib] Trazado completado (3 puntos)
[cnc_lib] Iniciando trazado: 2 puntos
[cnc_lib] CMD enviado: U 0 0
[cnc_lib] CMD enviado: G 581 1
[cnc_lib] CMD enviado: P 0 0
[cnc_lib] CMD enviado: G 580 0
[cnc_lib] CMD enviado: U 0 0
[cnc_lib] Trazado completado (2 puntos)
[cnc_lib] Iniciando trazado: 2 puntos
[cnc_lib] CMD enviado: U 0 0
[cnc_lib] CMD enviado: G 581 0
[cnc_lib] CMD enviado: P 0 0
[cnc_lib] CMD enviado: G 581 1
[cnc_lib] CMD enviado: U 0 0
[cnc_lib] Trazado completado (2 puntos)
[cnc_lib] Iniciando trazado: 38 puntos
[cnc_lib] CMD enviado: U 0 0
[cnc_lib] CMD enviado: G 581 1
[cnc_lib] CMD enviado: P 0 0
[cnc_lib] CMD enviado: G 581 94
[cnc_lib] CMD enviado: G 582 95
[cnc_lib] CMD enviado: G 582 97
[cnc_lib] CMD enviado: G 583 98
[cnc_lib] CMD enviado: G 583 99
[cnc_lib] CMD enviado: G 584 100
[cnc_lib] CMD enviado: G 584 101
[cnc_lib] CMD enviado: G 585 102
[cnc_lib] CMD enviado: G 585 104
[cnc_lib] CMD enviado: G 586 105
[cnc_lib] CMD enviado: G 586 106
[cnc_lib] CMD enviado: G 587 107
[cnc_lib] CMD enviado: G 587 108
[cnc_lib] CMD enviado: G 588 109
[cnc_lib] CMD enviado: G 588 110
[cnc_lib] CMD enviado: G 589 111
[cnc_lib] CMD enviado: G 589 113
[cnc_lib] CMD enviado: G 590 114
[cnc_lib] CMD enviado: G 590 115
[cnc_lib] CMD enviado: G 591 116
[cnc_lib] CMD enviado: G 591 117
[cnc_lib] CMD enviado: G 592 118
[cnc_lib] CMD enviado: G 592 119
[cnc_lib] CMD enviado: G 593 120
[cnc_lib] CMD enviado: G 593 122
[cnc_lib] CMD enviado: G 594 123
[cnc_lib] CMD enviado: G 594 124
[cnc_lib] CMD enviado: G 595 125
[cnc_lib] CMD enviado: G 595 126
[cnc_lib] CMD enviado: G 596 127
[cnc_lib] CMD enviado: G 596 128
[cnc_lib] CMD enviado: G 597 129
[cnc_lib] CMD enviado: G 597 131
[cnc_lib] CMD enviado: G 598 132
[cnc_lib] CMD enviado: G 598 133
[cnc_lib] CMD enviado: G 599 134
[cnc_lib] CMD enviado: G 672 134
[cnc_lib] CMD enviado: U 0 0
[cnc_lib] Trazado completado (38 puntos)
[cnc_lib] Iniciando trazado: 39 puntos
[cnc_lib] CMD enviado: U 0 0
[cnc_lib] CMD enviado: G 672 120
[cnc_lib] CMD enviado: P 0 0
[cnc_lib] CMD enviado: G 671 121
[cnc_lib] CMD enviado: G 610 121
[cnc_lib] CMD enviado: G 609 120
[cnc_lib] CMD enviado: G 608 120
[cnc_lib] CMD enviado: G 606 118
[cnc_lib] CMD enviado: G 606 117
[cnc_lib] CMD enviado: G 605 116
[cnc_lib] CMD enviado: G 605 115
[cnc_lib] CMD enviado: G 604 114
[cnc_lib] CMD enviado: G 604 113
[cnc_lib] CMD enviado: G 603 112
[cnc_lib] CMD enviado: G 603 111
[cnc_lib] CMD enviado: G 602 110
[cnc_lib] CMD enviado: G 602 109
[cnc_lib] CMD enviado: G 601 108
[cnc_lib] CMD enviado: G 601 107
[cnc_lib] CMD enviado: G 600 106
[cnc_lib] CMD enviado: G 600 105
[cnc_lib] CMD enviado: G 599 104
[cnc_lib] CMD enviado: G 599 103
[cnc_lib] CMD enviado: G 598 102
[cnc_lib] CMD enviado: G 598 101
[cnc_lib] CMD enviado: G 597 100
[cnc_lib] CMD enviado: G 597 99
[cnc_lib] CMD enviado: G 596 98
[cnc_lib] CMD enviado: G 596 97
[cnc_lib] CMD enviado: G 595 96
[cnc_lib] CMD enviado: G 595 95
[cnc_lib] CMD enviado: G 594 94
[cnc_lib] CMD enviado: G 594 93
[cnc_lib] CMD enviado: G 593 92
[cnc_lib] CMD enviado: G 593 91
[cnc_lib] CMD enviado: G 592 90
[cnc_lib] CMD enviado: G 592 89
[cnc_lib] CMD enviado: G 591 88
[cnc_lib] CMD enviado: G 591 86
[cnc_lib] CMD enviado: G 590 85
[cnc_lib] CMD enviado: G 590 1
[cnc_lib] CMD enviado: U 0 0
[cnc_lib] Trazado completado (39 puntos)
[cnc_lib] Iniciando trazado: 2 puntos
[cnc_lib] CMD enviado: U 0 0
[cnc_lib] CMD enviado: G 590 1
[cnc_lib] CMD enviado: P 0 0
[cnc_lib] CMD enviado: G 589 0
[cnc_lib] CMD enviado: U 0 0
[cnc_lib] Trazado completado (2 puntos)
[cnc_lib] Iniciando trazado: 2 puntos
[cnc_lib] CMD enviado: U 0 0
[cnc_lib] CMD enviado: G 589 0
[cnc_lib] CMD enviado: P 0 0
[cnc_lib] CMD enviado: G 588 0
[cnc_lib] CMD enviado: U 0 0
[cnc_lib] Trazado completado (2 puntos)
[cnc_lib] Iniciando trazado: 2 puntos
[cnc_lib] CMD enviado: U 0 0
[cnc_lib] CMD enviado: G 589 0
[cnc_lib] CMD enviado: P 0 0
[cnc_lib] CMD enviado: G 590 0
[cnc_lib] CMD enviado: U 0 0
[cnc_lib] Trazado completado (2 puntos)
[cnc_lib] Iniciando trazado: 3 puntos
[cnc_lib] CMD enviado: U 0 0
[cnc_lib] CMD enviado: G 590 0
[cnc_lib] CMD enviado: P 0 0
[cnc_lib] CMD enviado: G 591 0
[cnc_lib] CMD enviado: G 590 1
[cnc_lib] CMD enviado: U 0 0
[cnc_lib] Trazado completado (3 puntos)
[cnc_lib] Iniciando trazado: 2 puntos
[cnc_lib] CMD enviado: U 0 0
[cnc_lib] CMD enviado: G 590 1
[cnc_lib] CMD enviado: P 0 0
[cnc_lib] CMD enviado: G 590 0
[cnc_lib] CMD enviado: U 0 0
[cnc_lib] Trazado completado (2 puntos)
[cnc_lib] Iniciando trazado: 2 puntos
[cnc_lib] CMD enviado: U 0 0
[cnc_lib] CMD enviado: G 597 0
[cnc_lib] CMD enviado: P 0 0
[cnc_lib] CMD enviado: G 598 0
[cnc_lib] CMD enviado: U 0 0
[cnc_lib] Trazado completado (2 puntos)
[cnc_lib] Iniciando trazado: 2 puntos
[cnc_lib] CMD enviado: U 0 0
[cnc_lib] CMD enviado: G 598 0
[cnc_lib] CMD enviado: P 0 0
[cnc_lib] CMD enviado: G 599 0
[cnc_lib] CMD enviado: U 0 0
[cnc_lib] Trazado completado (2 puntos)
[cnc_lib] Iniciando trazado: 3 puntos
[cnc_lib] CMD enviado: U 0 0
[cnc_lib] CMD enviado: G 599 0
[cnc_lib] CMD enviado: P 0 0
[cnc_lib] CMD enviado: G 600 0
[cnc_lib] CMD enviado: G 599 1
[cnc_lib] CMD enviado: U 0 0
[cnc_lib] Trazado completado (3 puntos)
[cnc_lib] Iniciando trazado: 2 puntos
[cnc_lib] CMD enviado: U 0 0
[cnc_lib] CMD enviado: G 599 1
[cnc_lib] CMD enviado: P 0 0
[cnc_lib] CMD enviado: G 598 0
[cnc_lib] CMD enviado: U 0 0
[cnc_lib] Trazado completado (2 puntos)
[cnc_lib] Iniciando trazado: 2 puntos
[cnc_lib] CMD enviado: U 0 0
[cnc_lib] CMD enviado: G 599 0
[cnc_lib] CMD enviado: P 0 0
[cnc_lib] CMD enviado: G 599 1
[cnc_lib] CMD enviado: U 0 0
[cnc_lib] Trazado completado (2 puntos)
[cnc_lib] Iniciando trazado: 32 puntos
[cnc_lib] CMD enviado: U 0 0
[cnc_lib] CMD enviado: G 599 1
[cnc_lib] CMD enviado: P 0 0
[cnc_lib] CMD enviado: G 599 76
[cnc_lib] CMD enviado: G 600 77
[cnc_lib] CMD enviado: G 600 79
[cnc_lib] CMD enviado: G 602 81
[cnc_lib] CMD enviado: G 602 82
[cnc_lib] CMD enviado: G 603 83
[cnc_lib] CMD enviado: G 603 84
[cnc_lib] CMD enviado: G 604 85
[cnc_lib] CMD enviado: G 604 86
[cnc_lib] CMD enviado: G 606 88
[cnc_lib] CMD enviado: G 606 89
[cnc_lib] CMD enviado: G 607 90
[cnc_lib] CMD enviado: G 607 91
[cnc_lib] CMD enviado: G 608 92
[cnc_lib] CMD enviado: G 608 93
[cnc_lib] CMD enviado: G 610 95
[cnc_lib] CMD enviado: G 610 96
[cnc_lib] CMD enviado: G 611 97
[cnc_lib] CMD enviado: G 611 98
[cnc_lib] CMD enviado: G 612 99
[cnc_lib] CMD enviado: G 612 100
[cnc_lib] CMD enviado: G 614 102
[cnc_lib] CMD enviado: G 614 103
[cnc_lib] CMD enviado: G 615 104
[cnc_lib] CMD enviado: G 615 105
[cnc_lib] CMD enviado: G 617 107
[cnc_lib] CMD enviado: G 647 107
[cnc_lib] CMD enviado: G 648 108
[cnc_lib] CMD enviado: G 649 108
[cnc_lib] CMD enviado: G 650 107
[cnc_lib] CMD enviado: G 672 107
[cnc_lib] CMD enviado: U 0 0
[cnc_lib] Trazado completado (32 puntos)
[cnc_lib] Iniciando trazado: 20 puntos
[cnc_lib] CMD enviado: U 0 0
[cnc_lib] CMD enviado: G 672 94
[cnc_lib] CMD enviado: P 0 0
[cnc_lib] CMD enviado: G 626 94
[cnc_lib] CMD enviado: G 623 91
[cnc_lib] CMD enviado: G 623 90
[cnc_lib] CMD enviado: G 621 88
[cnc_lib] CMD enviado: G 621 87
[cnc_lib] CMD enviado: G 619 85
[cnc_lib] CMD enviado: G 619 84
[cnc_lib] CMD enviado: G 617 82
[cnc_lib] CMD enviado: G 617 81
[cnc_lib] CMD enviado: G 615 79
[cnc_lib] CMD enviado: G 615 78
[cnc_lib] CMD enviado: G 613 76
[cnc_lib] CMD enviado: G 613 75
[cnc_lib] CMD enviado: G 611 73
[cnc_lib] CMD enviado: G 611 72
[cnc_lib] CMD enviado: G 609 70
[cnc_lib] CMD enviado: G 609 68
[cnc_lib] CMD enviado: G 608 67
[cnc_lib] CMD enviado: G 608 1
[cnc_lib] CMD enviado: U 0 0
[cnc_lib] Trazado completado (20 puntos)
[cnc_lib] Iniciando trazado: 2 puntos
[cnc_lib] CMD enviado: U 0 0
[cnc_lib] CMD enviado: G 608 1
[cnc_lib] CMD enviado: P 0 0
[cnc_lib] CMD enviado: G 607 0
[cnc_lib] CMD enviado: U 0 0
[cnc_lib] Trazado completado (2 puntos)
[cnc_lib] Iniciando trazado: 2 puntos
[cnc_lib] CMD enviado: U 0 0
[cnc_lib] CMD enviado: G 607 0
[cnc_lib] CMD enviado: P 0 0
[cnc_lib] CMD enviado: G 606 0
[cnc_lib] CMD enviado: U 0 0
[cnc_lib] Trazado completado (2 puntos)
[cnc_lib] Iniciando trazado: 2 puntos
[cnc_lib] CMD enviado: U 0 0
[cnc_lib] CMD enviado: G 607 0
[cnc_lib] CMD enviado: P 0 0
[cnc_lib] CMD enviado: G 608 0
[cnc_lib] CMD enviado: U 0 0
[cnc_lib] Trazado completado (2 puntos)
[cnc_lib] Iniciando trazado: 3 puntos
[cnc_lib] CMD enviado: U 0 0
[cnc_lib] CMD enviado: G 608 0
[cnc_lib] CMD enviado: P 0 0
[cnc_lib] CMD enviado: G 609 0
[cnc_lib] CMD enviado: G 608 1
[cnc_lib] CMD enviado: U 0 0
[cnc_lib] Trazado completado (3 puntos)
[cnc_lib] Iniciando trazado: 2 puntos
[cnc_lib] CMD enviado: U 0 0
[cnc_lib] CMD enviado: G 608 1
[cnc_lib] CMD enviado: P 0 0
[cnc_lib] CMD enviado: G 608 0
[cnc_lib] CMD enviado: U 0 0
[cnc_lib] Trazado completado (2 puntos)
[cnc_lib] Iniciando trazado: 2 puntos
[cnc_lib] CMD enviado: U 0 0
[cnc_lib] CMD enviado: G 615 0
[cnc_lib] CMD enviado: P 0 0
[cnc_lib] CMD enviado: G 616 0
[cnc_lib] CMD enviado: U 0 0
[cnc_lib] Trazado completado (2 puntos)
[cnc_lib] Iniciando trazado: 2 puntos
[cnc_lib] CMD enviado: U 0 0
[cnc_lib] CMD enviado: G 616 0
[cnc_lib] CMD enviado: P 0 0
[cnc_lib] CMD enviado: G 617 0
[cnc_lib] CMD enviado: U 0 0
[cnc_lib] Trazado completado (2 puntos)
[cnc_lib] Iniciando trazado: 3 puntos
[cnc_lib] CMD enviado: U 0 0
[cnc_lib] CMD enviado: G 617 0
[cnc_lib] CMD enviado: P 0 0
[cnc_lib] CMD enviado: G 618 0
[cnc_lib] CMD enviado: G 617 1
[cnc_lib] CMD enviado: U 0 0
[cnc_lib] Trazado completado (3 puntos)
[cnc_lib] Iniciando trazado: 2 puntos
[cnc_lib] CMD enviado: U 0 0
[cnc_lib] CMD enviado: G 617 1
[cnc_lib] CMD enviado: P 0 0
[cnc_lib] CMD enviado: G 616 0
[cnc_lib] CMD enviado: U 0 0
[cnc_lib] Trazado completado (2 puntos)
[cnc_lib] Iniciando trazado: 2 puntos
[cnc_lib] CMD enviado: U 0 0
[cnc_lib] CMD enviado: G 617 0
[cnc_lib] CMD enviado: P 0 0
[cnc_lib] CMD enviado: G 617 1
[cnc_lib] CMD enviado: U 0 0
[cnc_lib] Trazado completado (2 puntos)
[cnc_lib] Iniciando trazado: 20 puntos
[cnc_lib] CMD enviado: U 0 0
[cnc_lib] CMD enviado: G 617 1
[cnc_lib] CMD enviado: P 0 0
[cnc_lib] CMD enviado: G 617 59
[cnc_lib] CMD enviado: G 619 61
[cnc_lib] CMD enviado: G 619 62
[cnc_lib] CMD enviado: G 623 66
[cnc_lib] CMD enviado: G 623 67
[cnc_lib] CMD enviado: G 627 71
[cnc_lib] CMD enviado: G 627 72
[cnc_lib] CMD enviado: G 631 76
[cnc_lib] CMD enviado: G 631 77
[cnc_lib] CMD enviado: G 634 80
[cnc_lib] CMD enviado: G 636 80
[cnc_lib] CMD enviado: G 637 81
[cnc_lib] CMD enviado: G 640 81
[cnc_lib] CMD enviado: G 641 80
[cnc_lib] CMD enviado: G 646 80
[cnc_lib] CMD enviado: G 647 81
[cnc_lib] CMD enviado: G 650 81
[cnc_lib] CMD enviado: G 651 80
[cnc_lib] CMD enviado: G 672 80
[cnc_lib] CMD enviado: U 0 0
[cnc_lib] Trazado completado (20 puntos)
[cnc_lib] Iniciando trazado: 4 puntos
[cnc_lib] CMD enviado: U 0 0
[cnc_lib] CMD enviado: G 672 67
[cnc_lib] CMD enviado: P 0 0
[cnc_lib] CMD enviado: G 643 67
[cnc_lib] CMD enviado: G 626 50
[cnc_lib] CMD enviado: G 626 1
[cnc_lib] CMD enviado: U 0 0
[cnc_lib] Trazado completado (4 puntos)
[cnc_lib] Iniciando trazado: 2 puntos
[cnc_lib] CMD enviado: U 0 0
[cnc_lib] CMD enviado: G 626 1
[cnc_lib] CMD enviado: P 0 0
[cnc_lib] CMD enviado: G 625 0
[cnc_lib] CMD enviado: U 0 0
[cnc_lib] Trazado completado (2 puntos)
[cnc_lib] Iniciando trazado: 2 puntos
[cnc_lib] CMD enviado: U 0 0
[cnc_lib] CMD enviado: G 625 0
[cnc_lib] CMD enviado: P 0 0
[cnc_lib] CMD enviado: G 624 0
[cnc_lib] CMD enviado: U 0 0
[cnc_lib] Trazado completado (2 puntos)
[cnc_lib] Iniciando trazado: 2 puntos
[cnc_lib] CMD enviado: U 0 0
[cnc_lib] CMD enviado: G 625 0
[cnc_lib] CMD enviado: P 0 0
[cnc_lib] CMD enviado: G 626 0
[cnc_lib] CMD enviado: U 0 0
[cnc_lib] Trazado completado (2 puntos)
[cnc_lib] Iniciando trazado: 3 puntos
[cnc_lib] CMD enviado: U 0 0
[cnc_lib] CMD enviado: G 626 0
[cnc_lib] CMD enviado: P 0 0
[cnc_lib] CMD enviado: G 627 0
[cnc_lib] CMD enviado: G 626 1
[cnc_lib] CMD enviado: U 0 0
[cnc_lib] Trazado completado (3 puntos)
[cnc_lib] Iniciando trazado: 2 puntos
[cnc_lib] CMD enviado: U 0 0
[cnc_lib] CMD enviado: G 626 1
[cnc_lib] CMD enviado: P 0 0
[cnc_lib] CMD enviado: G 626 0
[cnc_lib] CMD enviado: U 0 0
[cnc_lib] Trazado completado (2 puntos)
[cnc_lib] Iniciando trazado: 2 puntos
[cnc_lib] CMD enviado: U 0 0
[cnc_lib] CMD enviado: G 682 0
[cnc_lib] CMD enviado: P 0 0
[cnc_lib] CMD enviado: G 683 0
[cnc_lib] CMD enviado: U 0 0
[cnc_lib] Trazado completado (2 puntos)
[cnc_lib] Iniciando trazado: 2 puntos
[cnc_lib] CMD enviado: U 0 0
[cnc_lib] CMD enviado: G 683 0
[cnc_lib] CMD enviado: P 0 0
[cnc_lib] CMD enviado: G 684 0
[cnc_lib] CMD enviado: U 0 0
[cnc_lib] Trazado completado (2 puntos)
[cnc_lib] Iniciando trazado: 3 puntos
[cnc_lib] CMD enviado: U 0 0
[cnc_lib] CMD enviado: G 684 0
[cnc_lib] CMD enviado: P 0 0
[cnc_lib] CMD enviado: G 685 0
[cnc_lib] CMD enviado: G 684 1
[cnc_lib] CMD enviado: U 0 0
[cnc_lib] Trazado completado (3 puntos)
[cnc_lib] Iniciando trazado: 2 puntos
[cnc_lib] CMD enviado: U 0 0
[cnc_lib] CMD enviado: G 684 1
[cnc_lib] CMD enviado: P 0 0
[cnc_lib] CMD enviado: G 683 0
[cnc_lib] CMD enviado: U 0 0
[cnc_lib] Trazado completado (2 puntos)
[cnc_lib] Iniciando trazado: 2 puntos
[cnc_lib] CMD enviado: U 0 0
[cnc_lib] CMD enviado: G 684 0
[cnc_lib] CMD enviado: P 0 0
[cnc_lib] CMD enviado: G 684 1
[cnc_lib] CMD enviado: U 0 0
[cnc_lib] Trazado completado (2 puntos)
[cnc_lib] Iniciando trazado: 5 puntos
[cnc_lib] CMD enviado: U 0 0
[cnc_lib] CMD enviado: G 684 1
[cnc_lib] CMD enviado: P 0 0
[cnc_lib] CMD enviado: G 684 30
[cnc_lib] CMD enviado: G 683 31
[cnc_lib] CMD enviado: G 684 32
[cnc_lib] CMD enviado: G 684 55
[cnc_lib] CMD enviado: U 0 0
[cnc_lib] Trazado completado (5 puntos)
[cnc_lib] Iniciando trazado: 2 puntos
[cnc_lib] CMD enviado: U 0 0
[cnc_lib] CMD enviado: G 697 55
[cnc_lib] CMD enviado: P 0 0
[cnc_lib] CMD enviado: G 697 1
[cnc_lib] CMD enviado: U 0 0
[cnc_lib] Trazado completado (2 puntos)
[cnc_lib] Iniciando trazado: 2 puntos
[cnc_lib] CMD enviado: U 0 0
[cnc_lib] CMD enviado: G 697 1
[cnc_lib] CMD enviado: P 0 0
[cnc_lib] CMD enviado: G 696 0
[cnc_lib] CMD enviado: U 0 0
[cnc_lib] Trazado completado (2 puntos)
[cnc_lib] Iniciando trazado: 2 puntos
[cnc_lib] CMD enviado: U 0 0
[cnc_lib] CMD enviado: G 696 0
[cnc_lib] CMD enviado: P 0 0
[cnc_lib] CMD enviado: G 695 0
[cnc_lib] CMD enviado: U 0 0
[cnc_lib] Trazado completado (2 puntos)
[cnc_lib] Iniciando trazado: 2 puntos
[cnc_lib] CMD enviado: U 0 0
[cnc_lib] CMD enviado: G 696 0
[cnc_lib] CMD enviado: P 0 0
[cnc_lib] CMD enviado: G 697 0
[cnc_lib] CMD enviado: U 0 0
[cnc_lib] Trazado completado (2 puntos)
[cnc_lib] Iniciando trazado: 3 puntos
[cnc_lib] CMD enviado: U 0 0
[cnc_lib] CMD enviado: G 697 0
[cnc_lib] CMD enviado: P 0 0
[cnc_lib] CMD enviado: G 698 0
[cnc_lib] CMD enviado: G 697 1
[cnc_lib] CMD enviado: U 0 0
[cnc_lib] Trazado completado (3 puntos)
[cnc_lib] Iniciando trazado: 2 puntos
[cnc_lib] CMD enviado: U 0 0
[cnc_lib] CMD enviado: G 697 1
[cnc_lib] CMD enviado: P 0 0
[cnc_lib] CMD enviado: G 697 0
[cnc_lib] CMD enviado: U 0 0
[cnc_lib] Trazado completado (2 puntos)
[cnc_lib] Iniciando trazado: 2 puntos
[cnc_lib] CMD enviado: U 0 0
[cnc_lib] CMD enviado: G 709 0
[cnc_lib] CMD enviado: P 0 0
[cnc_lib] CMD enviado: G 710 0
[cnc_lib] CMD enviado: U 0 0
[cnc_lib] Trazado completado (2 puntos)
[cnc_lib] Iniciando trazado: 2 puntos
[cnc_lib] CMD enviado: U 0 0
[cnc_lib] CMD enviado: G 710 0
[cnc_lib] CMD enviado: P 0 0
[cnc_lib] CMD enviado: G 711 0
[cnc_lib] CMD enviado: U 0 0
[cnc_lib] Trazado completado (2 puntos)
[cnc_lib] Iniciando trazado: 3 puntos
[cnc_lib] CMD enviado: U 0 0
[cnc_lib] CMD enviado: G 711 0
[cnc_lib] CMD enviado: P 0 0
[cnc_lib] CMD enviado: G 712 0
[cnc_lib] CMD enviado: G 711 1
[cnc_lib] CMD enviado: U 0 0
[cnc_lib] Trazado completado (3 puntos)
[cnc_lib] Iniciando trazado: 2 puntos
[cnc_lib] CMD enviado: U 0 0
[cnc_lib] CMD enviado: G 711 1
[cnc_lib] CMD enviado: P 0 0
[cnc_lib] CMD enviado: G 710 0
[cnc_lib] CMD enviado: U 0 0
[cnc_lib] Trazado completado (2 puntos)
[cnc_lib] Iniciando trazado: 2 puntos
[cnc_lib] CMD enviado: U 0 0
[cnc_lib] CMD enviado: G 711 0
[cnc_lib] CMD enviado: P 0 0
[cnc_lib] CMD enviado: G 711 1
[cnc_lib] CMD enviado: U 0 0
[cnc_lib] Trazado completado (2 puntos)
[cnc_lib] Iniciando trazado: 5 puntos
[cnc_lib] CMD enviado: U 0 0
[cnc_lib] CMD enviado: G 711 1
[cnc_lib] CMD enviado: P 0 0
[cnc_lib] CMD enviado: G 711 31
[cnc_lib] CMD enviado: G 710 32
[cnc_lib] CMD enviado: G 711 33
[cnc_lib] CMD enviado: G 711 55
[cnc_lib] CMD enviado: U 0 0
[cnc_lib] Trazado completado (5 puntos)
[cnc_lib] Iniciando trazado: 2 puntos
[cnc_lib] CMD enviado: U 0 0
[cnc_lib] CMD enviado: G 724 55
[cnc_lib] CMD enviado: P 0 0
[cnc_lib] CMD enviado: G 724 1
[cnc_lib] CMD enviado: U 0 0
[cnc_lib] Trazado completado (2 puntos)
[cnc_lib] Iniciando trazado: 2 puntos
[cnc_lib] CMD enviado: U 0 0
[cnc_lib] CMD enviado: G 724 1
[cnc_lib] CMD enviado: P 0 0
[cnc_lib] CMD enviado: G 723 0
[cnc_lib] CMD enviado: U 0 0
[cnc_lib] Trazado completado (2 puntos)
[cnc_lib] Iniciando trazado: 2 puntos
[cnc_lib] CMD enviado: U 0 0
[cnc_lib] CMD enviado: G 723 0
[cnc_lib] CMD enviado: P 0 0
[cnc_lib] CMD enviado: G 722 0
[cnc_lib] CMD enviado: U 0 0
[cnc_lib] Trazado completado (2 puntos)
[cnc_lib] Iniciando trazado: 2 puntos
[cnc_lib] CMD enviado: U 0 0
[cnc_lib] CMD enviado: G 723 0
[cnc_lib] CMD enviado: P 0 0
[cnc_lib] CMD enviado: G 724 0
[cnc_lib] CMD enviado: U 0 0
[cnc_lib] Trazado completado (2 puntos)
[cnc_lib] Iniciando trazado: 3 puntos
[cnc_lib] CMD enviado: U 0 0
[cnc_lib] CMD enviado: G 724 0
[cnc_lib] CMD enviado: P 0 0
[cnc_lib] CMD enviado: G 725 0
[cnc_lib] CMD enviado: G 724 1
[cnc_lib] CMD enviado: U 0 0
[cnc_lib] Trazado completado (3 puntos)
[cnc_lib] Iniciando trazado: 2 puntos
[cnc_lib] CMD enviado: U 0 0
[cnc_lib] CMD enviado: G 724 1
[cnc_lib] CMD enviado: P 0 0
[cnc_lib] CMD enviado: G 724 0
[cnc_lib] CMD enviado: U 0 0
[cnc_lib] Trazado completado (2 puntos)
[cnc_lib] Iniciando trazado: 3 puntos
[cnc_lib] CMD enviado: U 0 0
[cnc_lib] CMD enviado: G 737 0
[cnc_lib] CMD enviado: P 0 0
[cnc_lib] CMD enviado: G 736 0
[cnc_lib] CMD enviado: G 737 1
[cnc_lib] CMD enviado: U 0 0
[cnc_lib] Trazado completado (3 puntos)
[cnc_lib] Iniciando trazado: 3 puntos
[cnc_lib] CMD enviado: U 0 0
[cnc_lib] CMD enviado: G 737 1
[cnc_lib] CMD enviado: P 0 0
[cnc_lib] CMD enviado: G 738 0
[cnc_lib] CMD enviado: G 737 0
[cnc_lib] CMD enviado: U 0 0
[cnc_lib] Trazado completado (3 puntos)
[cnc_lib] Iniciando trazado: 2 puntos
[cnc_lib] CMD enviado: U 0 0
[cnc_lib] CMD enviado: G 737 0
[cnc_lib] CMD enviado: P 0 0
[cnc_lib] CMD enviado: G 737 1
[cnc_lib] CMD enviado: U 0 0
[cnc_lib] Trazado completado (2 puntos)
[cnc_lib] Iniciando trazado: 7 puntos
[cnc_lib] CMD enviado: U 0 0
[cnc_lib] CMD enviado: G 737 1
[cnc_lib] CMD enviado: P 0 0
[cnc_lib] CMD enviado: G 737 29
[cnc_lib] CMD enviado: G 738 30
[cnc_lib] CMD enviado: G 737 31
[cnc_lib] CMD enviado: G 737 34
[cnc_lib] CMD enviado: G 738 35
[cnc_lib] CMD enviado: G 738 55
[cnc_lib] CMD enviado: U 0 0
[cnc_lib] Trazado completado (7 puntos)
[cnc_lib] Iniciando trazado: 2 puntos
[cnc_lib] CMD enviado: U 0 0
[cnc_lib] CMD enviado: G 751 55
[cnc_lib] CMD enviado: P 0 0
[cnc_lib] CMD enviado: G 751 1
[cnc_lib] CMD enviado: U 0 0
[cnc_lib] Trazado completado (2 puntos)
[cnc_lib] Iniciando trazado: 2 puntos
[cnc_lib] CMD enviado: U 0 0
[cnc_lib] CMD enviado: G 751 1
[cnc_lib] CMD enviado: P 0 0
[cnc_lib] CMD enviado: G 750 0
[cnc_lib] CMD enviado: U 0 0
[cnc_lib] Trazado completado (2 puntos)
[cnc_lib] Iniciando trazado: 2 puntos
[cnc_lib] CMD enviado: U 0 0
[cnc_lib] CMD enviado: G 750 0
[cnc_lib] CMD enviado: P 0 0
[cnc_lib] CMD enviado: G 749 0
[cnc_lib] CMD enviado: U 0 0
[cnc_lib] Trazado completado (2 puntos)
[cnc_lib] Iniciando trazado: 2 puntos
[cnc_lib] CMD enviado: U 0 0
[cnc_lib] CMD enviado: G 750 0
[cnc_lib] CMD enviado: P 0 0
[cnc_lib] CMD enviado: G 751 0
[cnc_lib] CMD enviado: U 0 0
[cnc_lib] Trazado completado (2 puntos)
[cnc_lib] Iniciando trazado: 3 puntos
[cnc_lib] CMD enviado: U 0 0
[cnc_lib] CMD enviado: G 751 0
[cnc_lib] CMD enviado: P 0 0
[cnc_lib] CMD enviado: G 752 0
[cnc_lib] CMD enviado: G 751 1
[cnc_lib] CMD enviado: U 0 0
[cnc_lib] Trazado completado (3 puntos)
[cnc_lib] Iniciando trazado: 2 puntos
[cnc_lib] CMD enviado: U 0 0
[cnc_lib] CMD enviado: G 751 1
[cnc_lib] CMD enviado: P 0 0
[cnc_lib] CMD enviado: G 751 0
[cnc_lib] CMD enviado: U 0 0
[cnc_lib] Trazado completado (2 puntos)
[cnc_lib] Iniciando trazado: 2 puntos
[cnc_lib] CMD enviado: U 0 0
[cnc_lib] CMD enviado: G 762 0
[cnc_lib] CMD enviado: P 0 0
[cnc_lib] CMD enviado: G 763 0
[cnc_lib] CMD enviado: U 0 0
[cnc_lib] Trazado completado (2 puntos)
[cnc_lib] Iniciando trazado: 2 puntos
[cnc_lib] CMD enviado: U 0 0
[cnc_lib] CMD enviado: G 763 0
[cnc_lib] CMD enviado: P 0 0
[cnc_lib] CMD enviado: G 764 0
[cnc_lib] CMD enviado: U 0 0
[cnc_lib] Trazado completado (2 puntos)
[cnc_lib] Iniciando trazado: 3 puntos
[cnc_lib] CMD enviado: U 0 0
[cnc_lib] CMD enviado: G 764 0
[cnc_lib] CMD enviado: P 0 0
[cnc_lib] CMD enviado: G 765 0
[cnc_lib] CMD enviado: G 764 1
[cnc_lib] CMD enviado: U 0 0
[cnc_lib] Trazado completado (3 puntos)
[cnc_lib] Iniciando trazado: 2 puntos
[cnc_lib] CMD enviado: U 0 0
[cnc_lib] CMD enviado: G 764 1
[cnc_lib] CMD enviado: P 0 0
[cnc_lib] CMD enviado: G 763 0
[cnc_lib] CMD enviado: U 0 0
[cnc_lib] Trazado completado (2 puntos)
[cnc_lib] Iniciando trazado: 2 puntos
[cnc_lib] CMD enviado: U 0 0
[cnc_lib] CMD enviado: G 764 0
[cnc_lib] CMD enviado: P 0 0
[cnc_lib] CMD enviado: G 764 1
[cnc_lib] CMD enviado: U 0 0
[cnc_lib] Trazado completado (2 puntos)
[cnc_lib] Iniciando trazado: 2 puntos
[cnc_lib] CMD enviado: U 0 0
[cnc_lib] CMD enviado: G 764 1
[cnc_lib] CMD enviado: P 0 0
[cnc_lib] CMD enviado: G 764 55
[cnc_lib] CMD enviado: U 0 0
[cnc_lib] Trazado completado (2 puntos)
[cnc_lib] Iniciando trazado: 5 puntos
[cnc_lib] CMD enviado: U 0 0
[cnc_lib] CMD enviado: G 778 55
[cnc_lib] CMD enviado: P 0 0
[cnc_lib] CMD enviado: G 778 33
[cnc_lib] CMD enviado: G 777 32
[cnc_lib] CMD enviado: G 778 31
[cnc_lib] CMD enviado: G 778 1
[cnc_lib] CMD enviado: U 0 0
[cnc_lib] Trazado completado (5 puntos)
[cnc_lib] Iniciando trazado: 2 puntos
[cnc_lib] CMD enviado: U 0 0
[cnc_lib] CMD enviado: G 778 1
[cnc_lib] CMD enviado: P 0 0
[cnc_lib] CMD enviado: G 777 0
[cnc_lib] CMD enviado: U 0 0
[cnc_lib] Trazado completado (2 puntos)
[cnc_lib] Iniciando trazado: 2 puntos
[cnc_lib] CMD enviado: U 0 0
[cnc_lib] CMD enviado: G 777 0
[cnc_lib] CMD enviado: P 0 0
[cnc_lib] CMD enviado: G 776 0
[cnc_lib] CMD enviado: U 0 0
[cnc_lib] Trazado completado (2 puntos)
[cnc_lib] Iniciando trazado: 2 puntos
[cnc_lib] CMD enviado: U 0 0
[cnc_lib] CMD enviado: G 777 0
[cnc_lib] CMD enviado: P 0 0
[cnc_lib] CMD enviado: G 778 0
[cnc_lib] CMD enviado: U 0 0
[cnc_lib] Trazado completado (2 puntos)
[cnc_lib] Iniciando trazado: 3 puntos
[cnc_lib] CMD enviado: U 0 0
[cnc_lib] CMD enviado: G 778 0
[cnc_lib] CMD enviado: P 0 0
[cnc_lib] CMD enviado: G 779 0
[cnc_lib] CMD enviado: G 778 1
[cnc_lib] CMD enviado: U 0 0
[cnc_lib] Trazado completado (3 puntos)
[cnc_lib] Iniciando trazado: 2 puntos
[cnc_lib] CMD enviado: U 0 0
[cnc_lib] CMD enviado: G 778 1
[cnc_lib] CMD enviado: P 0 0
[cnc_lib] CMD enviado: G 778 0
[cnc_lib] CMD enviado: U 0 0
[cnc_lib] Trazado completado (2 puntos)
[cnc_lib] Iniciando trazado: 2 puntos
[cnc_lib] CMD enviado: U 0 0
[cnc_lib] CMD enviado: G 789 0
[cnc_lib] CMD enviado: P 0 0
[cnc_lib] CMD enviado: G 790 0
[cnc_lib] CMD enviado: U 0 0
[cnc_lib] Trazado completado (2 puntos)
[cnc_lib] Iniciando trazado: 2 puntos
[cnc_lib] CMD enviado: U 0 0
[cnc_lib] CMD enviado: G 790 0
[cnc_lib] CMD enviado: P 0 0
[cnc_lib] CMD enviado: G 791 0
[cnc_lib] CMD enviado: U 0 0
[cnc_lib] Trazado completado (2 puntos)
[cnc_lib] Iniciando trazado: 3 puntos
[cnc_lib] CMD enviado: U 0 0
[cnc_lib] CMD enviado: G 791 0
[cnc_lib] CMD enviado: P 0 0
[cnc_lib] CMD enviado: G 792 0
[cnc_lib] CMD enviado: G 791 1
[cnc_lib] CMD enviado: U 0 0
[cnc_lib] Trazado completado (3 puntos)
[cnc_lib] Iniciando trazado: 2 puntos
[cnc_lib] CMD enviado: U 0 0
[cnc_lib] CMD enviado: G 791 1
[cnc_lib] CMD enviado: P 0 0
[cnc_lib] CMD enviado: G 790 0
[cnc_lib] CMD enviado: U 0 0
[cnc_lib] Trazado completado (2 puntos)
[cnc_lib] Iniciando trazado: 2 puntos
[cnc_lib] CMD enviado: U 0 0
[cnc_lib] CMD enviado: G 791 0
[cnc_lib] CMD enviado: P 0 0
[cnc_lib] CMD enviado: G 791 1
[cnc_lib] CMD enviado: U 0 0
[cnc_lib] Trazado completado (2 puntos)
[cnc_lib] Iniciando trazado: 2 puntos
[cnc_lib] CMD enviado: U 0 0
[cnc_lib] CMD enviado: G 791 1
[cnc_lib] CMD enviado: P 0 0
[cnc_lib] CMD enviado: G 791 55
[cnc_lib] CMD enviado: U 0 0
[cnc_lib] Trazado completado (2 puntos)
[cnc_lib] Iniciando trazado: 8 puntos
[cnc_lib] CMD enviado: U 0 0
[cnc_lib] CMD enviado: G 804 55
[cnc_lib] CMD enviado: P 0 0
[cnc_lib] CMD enviado: G 804 35
[cnc_lib] CMD enviado: G 805 34
[cnc_lib] CMD enviado: G 805 33
[cnc_lib] CMD enviado: G 804 32
[cnc_lib] CMD enviado: G 804 30
[cnc_lib] CMD enviado: G 805 29
[cnc_lib] CMD enviado: G 805 1
[cnc_lib] CMD enviado: U 0 0
[cnc_lib] Trazado completado (8 puntos)
[cnc_lib] Iniciando trazado: 2 puntos
[cnc_lib] CMD enviado: U 0 0
[cnc_lib] CMD enviado: G 805 1
[cnc_lib] CMD enviado: P 0 0
[cnc_lib] CMD enviado: G 804 0
[cnc_lib] CMD enviado: U 0 0
[cnc_lib] Trazado completado (2 puntos)
[cnc_lib] Iniciando trazado: 2 puntos
[cnc_lib] CMD enviado: U 0 0
[cnc_lib] CMD enviado: G 804 0
[cnc_lib] CMD enviado: P 0 0
[cnc_lib] CMD enviado: G 803 0
[cnc_lib] CMD enviado: U 0 0
[cnc_lib] Trazado completado (2 puntos)
[cnc_lib] Iniciando trazado: 2 puntos
[cnc_lib] CMD enviado: U 0 0
[cnc_lib] CMD enviado: G 804 0
[cnc_lib] CMD enviado: P 0 0
[cnc_lib] CMD enviado: G 805 0
[cnc_lib] CMD enviado: U 0 0
[cnc_lib] Trazado completado (2 puntos)
[cnc_lib] Iniciando trazado: 3 puntos
[cnc_lib] CMD enviado: U 0 0
[cnc_lib] CMD enviado: G 805 0
[cnc_lib] CMD enviado: P 0 0
[cnc_lib] CMD enviado: G 806 0
[cnc_lib] CMD enviado: G 805 1
[cnc_lib] CMD enviado: U 0 0
[cnc_lib] Trazado completado (3 puntos)
[cnc_lib] Iniciando trazado: 2 puntos
[cnc_lib] CMD enviado: U 0 0
[cnc_lib] CMD enviado: G 805 1
[cnc_lib] CMD enviado: P 0 0
[cnc_lib] CMD enviado: G 805 0
[cnc_lib] CMD enviado: U 0 0
[cnc_lib] Trazado completado (2 puntos)
[cnc_lib] Iniciando trazado: 2 puntos
[cnc_lib] CMD enviado: U 0 0
[cnc_lib] CMD enviado: G 779 67
[cnc_lib] CMD enviado: P 0 0
[cnc_lib] CMD enviado: G 727 67
[cnc_lib] CMD enviado: U 0 0
[cnc_lib] Trazado completado (2 puntos)
[cnc_lib] Iniciando trazado: 2 puntos
[cnc_lib] CMD enviado: U 0 0
[cnc_lib] CMD enviado: G 880 214
[cnc_lib] CMD enviado: P 0 0
[cnc_lib] CMD enviado: G 881 215
[cnc_lib] CMD enviado: U 0 0
[cnc_lib] Trazado completado (2 puntos)
[cnc_lib] Iniciando trazado: 2 puntos
[cnc_lib] CMD enviado: U 0 0
[cnc_lib] CMD enviado: G 881 215
[cnc_lib] CMD enviado: P 0 0
[cnc_lib] CMD enviado: G 880 215
[cnc_lib] CMD enviado: U 0 0
[cnc_lib] Trazado completado (2 puntos)
[cnc_lib] Iniciando trazado: 12 puntos
[cnc_lib] CMD enviado: U 0 0
[cnc_lib] CMD enviado: G 881 215
[cnc_lib] CMD enviado: P 0 0
[cnc_lib] CMD enviado: G 882 216
[cnc_lib] CMD enviado: G 885 216
[cnc_lib] CMD enviado: G 888 219
[cnc_lib] CMD enviado: G 888 220
[cnc_lib] CMD enviado: G 889 221
[cnc_lib] CMD enviado: G 889 233
[cnc_lib] CMD enviado: G 885 237
[cnc_lib] CMD enviado: G 883 237
[cnc_lib] CMD enviado: G 882 238
[cnc_lib] CMD enviado: G 881 238
[cnc_lib] CMD enviado: G 880 239
[cnc_lib] CMD enviado: U 0 0
[cnc_lib] Trazado completado (12 puntos)
[cnc_lib] Iniciando trazado: 2 puntos
[cnc_lib] CMD enviado: U 0 0
[cnc_lib] CMD enviado: G 880 269
[cnc_lib] CMD enviado: P 0 0
[cnc_lib] CMD enviado: G 880 270
[cnc_lib] CMD enviado: U 0 0
[cnc_lib] Trazado completado (2 puntos)
[cnc_lib] Iniciando trazado: 2 puntos
[cnc_lib] CMD enviado: U 0 0
[cnc_lib] CMD enviado: G 880 270
[cnc_lib] CMD enviado: P 0 0
[cnc_lib] CMD enviado: G 879 270
[cnc_lib] CMD enviado: U 0 0
[cnc_lib] Trazado completado (2 puntos)
[cnc_lib] Iniciando trazado: 18 puntos
[cnc_lib] CMD enviado: U 0 0
[cnc_lib] CMD enviado: G 880 270
[cnc_lib] CMD enviado: P 0 0
[cnc_lib] CMD enviado: G 883 273
[cnc_lib] CMD enviado: G 883 274
[cnc_lib] CMD enviado: G 885 276
[cnc_lib] CMD enviado: G 885 277
[cnc_lib] CMD enviado: G 887 279
[cnc_lib] CMD enviado: G 887 280
[cnc_lib] CMD enviado: G 889 282
[cnc_lib] CMD enviado: G 889 283
[cnc_lib] CMD enviado: G 890 284
[cnc_lib] CMD enviado: G 890 285
[cnc_lib] CMD enviado: G 892 287
[cnc_lib] CMD enviado: G 892 288
[cnc_lib] CMD enviado: G 894 290
[cnc_lib] CMD enviado: G 894 291
[cnc_lib] CMD enviado: G 896 293
[cnc_lib] CMD enviado: G 896 294
[cnc_lib] CMD enviado: G 899 297
[cnc_lib] CMD enviado: U 0 0
[cnc_lib] Trazado completado (18 puntos)
[cnc_lib] Iniciando trazado: 2 puntos
[cnc_lib] CMD enviado: U 0 0
[cnc_lib] CMD enviado: G 899 297
[cnc_lib] CMD enviado: P 0 0
[cnc_lib] CMD enviado: G 899 298
[cnc_lib] CMD enviado: U 0 0
[cnc_lib] Trazado completado (2 puntos)
[cnc_lib] Iniciando trazado: 2 puntos
[cnc_lib] CMD enviado: U 0 0
[cnc_lib] CMD enviado: G 899 298
[cnc_lib] CMD enviado: P 0 0
[cnc_lib] CMD enviado: G 900 298
[cnc_lib] CMD enviado: U 0 0
[cnc_lib] Trazado completado (2 puntos)
[cnc_lib] Iniciando trazado: 2 puntos
[cnc_lib] CMD enviado: U 0 0
[cnc_lib] CMD enviado: G 900 298
[cnc_lib] CMD enviado: P 0 0
[cnc_lib] CMD enviado: G 899 297
[cnc_lib] CMD enviado: U 0 0
[cnc_lib] Trazado completado (2 puntos)
[cnc_lib] Iniciando trazado: 18 puntos
[cnc_lib] CMD enviado: U 0 0
[cnc_lib] CMD enviado: G 899 298
[cnc_lib] CMD enviado: P 0 0
[cnc_lib] CMD enviado: G 898 299
[cnc_lib] CMD enviado: G 898 300
[cnc_lib] CMD enviado: G 896 302
[cnc_lib] CMD enviado: G 896 306
[cnc_lib] CMD enviado: G 900 310
[cnc_lib] CMD enviado: G 906 310
[cnc_lib] CMD enviado: G 908 308
[cnc_lib] CMD enviado: G 908 307
[cnc_lib] CMD enviado: G 909 306
[cnc_lib] CMD enviado: G 909 302
[cnc_lib] CMD enviado: G 908 301
[cnc_lib] CMD enviado: G 908 300
[cnc_lib] CMD enviado: G 906 298
[cnc_lib] CMD enviado: G 905 298
[cnc_lib] CMD enviado: G 904 297
[cnc_lib] CMD enviado: G 901 297
[cnc_lib] CMD enviado: G 900 298
[cnc_lib] CMD enviado: U 0 0
[cnc_lib] Trazado completado (18 puntos)
[cnc_lib] Iniciando trazado: 12 puntos
[cnc_lib] CMD enviado: U 0 0
[cnc_lib] CMD enviado: G 838 295
[cnc_lib] CMD enviado: P 0 0
[cnc_lib] CMD enviado: G 836 293
[cnc_lib] CMD enviado: G 836 290
[cnc_lib] CMD enviado: G 833 287
[cnc_lib] CMD enviado: G 832 287
[cnc_lib] CMD enviado: G 831 286
[cnc_lib] CMD enviado: G 820 286
[cnc_lib] CMD enviado: G 819 287
[cnc_lib] CMD enviado: G 818 287
[cnc_lib] CMD enviado: G 815 290
[cnc_lib] CMD enviado: G 815 293
[cnc_lib] CMD enviado: G 813 295
[cnc_lib] CMD enviado: U 0 0
[cnc_lib] Trazado completado (12 puntos)
[cnc_lib] Iniciando trazado: 3 puntos
[cnc_lib] CMD enviado: U 0 0
[cnc_lib] CMD enviado: G 813 295
[cnc_lib] CMD enviado: P 0 0
[cnc_lib] CMD enviado: G 791 295
[cnc_lib] CMD enviado: G 773 313
[cnc_lib] CMD enviado: U 0 0
[cnc_lib] Trazado completado (3 puntos)
[cnc_lib] Iniciando trazado: 18 puntos
[cnc_lib] CMD enviado: U 0 0
[cnc_lib] CMD enviado: G 813 295
[cnc_lib] CMD enviado: P 0 0
[cnc_lib] CMD enviado: G 814 296
[cnc_lib] CMD enviado: G 814 297
[cnc_lib] CMD enviado: G 815 298
[cnc_lib] CMD enviado: G 815 300
[cnc_lib] CMD enviado: G 816 301
[cnc_lib] CMD enviado: G 817 301
[cnc_lib] CMD enviado: G 819 303
[cnc_lib] CMD enviado: G 820 303
[cnc_lib] CMD enviado: G 821 304
[cnc_lib] CMD enviado: G 831 304
[cnc_lib] CMD enviado: G 832 303
[cnc_lib] CMD enviado: G 833 303
[cnc_lib] CMD enviado: G 836 300
[cnc_lib] CMD enviado: G 836 298
[cnc_lib] CMD enviado: G 837 297
[cnc_lib] CMD enviado: G 837 296
[cnc_lib] CMD enviado: G 838 295
[cnc_lib] CMD enviado: U 0 0
[cnc_lib] Trazado completado (18 puntos)
[cnc_lib] Iniciando trazado: 23 puntos
[cnc_lib] CMD enviado: U 0 0
[cnc_lib] CMD enviado: G 582 240
[cnc_lib] CMD enviado: P 0 0
[cnc_lib] CMD enviado: G 583 239
[cnc_lib] CMD enviado: G 584 239
[cnc_lib] CMD enviado: G 587 236
[cnc_lib] CMD enviado: G 587 235
[cnc_lib] CMD enviado: G 588 234
[cnc_lib] CMD enviado: G 588 232
[cnc_lib] CMD enviado: G 587 231
[cnc_lib] CMD enviado: G 587 229
[cnc_lib] CMD enviado: G 585 227
[cnc_lib] CMD enviado: G 584 227
[cnc_lib] CMD enviado: G 583 226
[cnc_lib] CMD enviado: G 579 226
[cnc_lib] CMD enviado: G 578 227
[cnc_lib] CMD enviado: G 577 227
[cnc_lib] CMD enviado: G 576 228
[cnc_lib] CMD enviado: G 576 229
[cnc_lib] CMD enviado: G 574 231
[cnc_lib] CMD enviado: G 574 234
[cnc_lib] CMD enviado: G 576 236
[cnc_lib] CMD enviado: G 576 237
[cnc_lib] CMD enviado: G 579 240
[cnc_lib] CMD enviado: G 580 240
[cnc_lib] CMD enviado: U 0 0
[cnc_lib] Trazado completado (23 puntos)
[cnc_lib] Iniciando trazado: 2 puntos
[cnc_lib] CMD enviado: U 0 0
[cnc_lib] CMD enviado: G 580 240
[cnc_lib] CMD enviado: P 0 0
[cnc_lib] CMD enviado: G 581 240
[cnc_lib] CMD enviado: U 0 0
[cnc_lib] Trazado completado (2 puntos)
[cnc_lib] Iniciando trazado: 2 puntos
[cnc_lib] CMD enviado: U 0 0
[cnc_lib] CMD enviado: G 581 240
[cnc_lib] CMD enviado: P 0 0
[cnc_lib] CMD enviado: G 582 240
[cnc_lib] CMD enviado: U 0 0
[cnc_lib] Trazado completado (2 puntos)
[cnc_lib] Iniciando trazado: 2 puntos
[cnc_lib] CMD enviado: U 0 0
[cnc_lib] CMD enviado: G 582 240
[cnc_lib] CMD enviado: P 0 0
[cnc_lib] CMD enviado: G 581 241
[cnc_lib] CMD enviado: U 0 0
[cnc_lib] Trazado completado (2 puntos)
[cnc_lib] Iniciando trazado: 2 puntos
[cnc_lib] CMD enviado: U 0 0
[cnc_lib] CMD enviado: G 581 241
[cnc_lib] CMD enviado: P 0 0
[cnc_lib] CMD enviado: G 580 240
[cnc_lib] CMD enviado: U 0 0
[cnc_lib] Trazado completado (2 puntos)
[cnc_lib] Iniciando trazado: 2 puntos
[cnc_lib] CMD enviado: U 0 0
[cnc_lib] CMD enviado: G 581 240
[cnc_lib] CMD enviado: P 0 0
[cnc_lib] CMD enviado: G 581 241
[cnc_lib] CMD enviado: U 0 0
[cnc_lib] Trazado completado (2 puntos)
[cnc_lib] Iniciando trazado: 6 puntos
[cnc_lib] CMD enviado: U 0 0
[cnc_lib] CMD enviado: G 581 241
[cnc_lib] CMD enviado: P 0 0
[cnc_lib] CMD enviado: G 581 254
[cnc_lib] CMD enviado: G 580 255
[cnc_lib] CMD enviado: G 580 256
[cnc_lib] CMD enviado: G 550 286
[cnc_lib] CMD enviado: G 550 417
[cnc_lib] CMD enviado: U 0 0
[cnc_lib] Trazado completado (6 puntos)
[cnc_lib] Iniciando trazado: 33 puntos
[cnc_lib] CMD enviado: U 0 0
[cnc_lib] CMD enviado: G 537 417
[cnc_lib] CMD enviado: P 0 0
[cnc_lib] CMD enviado: G 537 396
[cnc_lib] CMD enviado: G 536 395
[cnc_lib] CMD enviado: G 536 393
[cnc_lib] CMD enviado: G 537 392
[cnc_lib] CMD enviado: G 537 391
[cnc_lib] CMD enviado: G 536 390
[cnc_lib] CMD enviado: G 536 379
[cnc_lib] CMD enviado: G 537 378
[cnc_lib] CMD enviado: G 537 315
[cnc_lib] CMD enviado: G 536 314
[cnc_lib] CMD enviado: G 536 313
[cnc_lib] CMD enviado: G 535 312
[cnc_lib] CMD enviado: G 535 311
[cnc_lib] CMD enviado: G 534 310
[cnc_lib] CMD enviado: G 534 309
[cnc_lib] CMD enviado: G 532 307
[cnc_lib] CMD enviado: G 532 306
[cnc_lib] CMD enviado: G 530 304
[cnc_lib] CMD enviado: G 530 303
[cnc_lib] CMD enviado: G 528 301
[cnc_lib] CMD enviado: G 528 300
[cnc_lib] CMD enviado: G 526 298
[cnc_lib] CMD enviado: G 526 297
[cnc_lib] CMD enviado: G 524 295
[cnc_lib] CMD enviado: G 524 294
[cnc_lib] CMD enviado: G 522 292
[cnc_lib] CMD enviado: G 522 291
[cnc_lib] CMD enviado: G 520 289
[cnc_lib] CMD enviado: G 520 288
[cnc_lib] CMD enviado: G 519 287
[cnc_lib] CMD enviado: G 519 190
[cnc_lib] CMD enviado: G 521 188
[cnc_lib] CMD enviado: U 0 0
[cnc_lib] Trazado completado (33 puntos)
[cnc_lib] Iniciando trazado: 22 puntos
[cnc_lib] CMD enviado: U 0 0
[cnc_lib] CMD enviado: G 457 142
[cnc_lib] CMD enviado: P 0 0
[cnc_lib] CMD enviado: G 458 141
[cnc_lib] CMD enviado: G 459 141
[cnc_lib] CMD enviado: G 461 139
[cnc_lib] CMD enviado: G 461 138
[cnc_lib] CMD enviado: G 463 136
[cnc_lib] CMD enviado: G 463 133
[cnc_lib] CMD enviado: G 462 132
[cnc_lib] CMD enviado: G 462 131
[cnc_lib] CMD enviado: G 460 129
[cnc_lib] CMD enviado: G 459 129
[cnc_lib] CMD enviado: G 458 128
[cnc_lib] CMD enviado: G 454 128
[cnc_lib] CMD enviado: G 453 129
[cnc_lib] CMD enviado: G 452 129
[cnc_lib] CMD enviado: G 451 130
[cnc_lib] CMD enviado: G 451 131
[cnc_lib] CMD enviado: G 449 133
[cnc_lib] CMD enviado: G 449 135
[cnc_lib] CMD enviado: G 450 136
[cnc_lib] CMD enviado: G 450 137
[cnc_lib] CMD enviado: G 455 142
[cnc_lib] CMD enviado: U 0 0
[cnc_lib] Trazado completado (22 puntos)
[cnc_lib] Iniciando trazado: 2 puntos
[cnc_lib] CMD enviado: U 0 0
[cnc_lib] CMD enviado: G 455 142
[cnc_lib] CMD enviado: P 0 0
[cnc_lib] CMD enviado: G 456 142
[cnc_lib] CMD enviado: U 0 0
[cnc_lib] Trazado completado (2 puntos)
[cnc_lib] Iniciando trazado: 2 puntos
[cnc_lib] CMD enviado: U 0 0
[cnc_lib] CMD enviado: G 456 142
[cnc_lib] CMD enviado: P 0 0
[cnc_lib] CMD enviado: G 457 142
[cnc_lib] CMD enviado: U 0 0
[cnc_lib] Trazado completado (2 puntos)
[cnc_lib] Iniciando trazado: 2 puntos
[cnc_lib] CMD enviado: U 0 0
[cnc_lib] CMD enviado: G 457 142
[cnc_lib] CMD enviado: P 0 0
[cnc_lib] CMD enviado: G 456 143
[cnc_lib] CMD enviado: U 0 0
[cnc_lib] Trazado completado (2 puntos)
[cnc_lib] Iniciando trazado: 2 puntos
[cnc_lib] CMD enviado: U 0 0
[cnc_lib] CMD enviado: G 456 143
[cnc_lib] CMD enviado: P 0 0
[cnc_lib] CMD enviado: G 455 142
[cnc_lib] CMD enviado: U 0 0
[cnc_lib] Trazado completado (2 puntos)
[cnc_lib] Iniciando trazado: 2 puntos
[cnc_lib] CMD enviado: U 0 0
[cnc_lib] CMD enviado: G 456 142
[cnc_lib] CMD enviado: P 0 0
[cnc_lib] CMD enviado: G 456 143
[cnc_lib] CMD enviado: U 0 0
[cnc_lib] Trazado completado (2 puntos)
[cnc_lib] Iniciando trazado: 16 puntos
[cnc_lib] CMD enviado: U 0 0
[cnc_lib] CMD enviado: G 456 143
[cnc_lib] CMD enviado: P 0 0
[cnc_lib] CMD enviado: G 456 147
[cnc_lib] CMD enviado: G 457 148
[cnc_lib] CMD enviado: G 457 150
[cnc_lib] CMD enviado: G 458 151
[cnc_lib] CMD enviado: G 458 152
[cnc_lib] CMD enviado: G 459 153
[cnc_lib] CMD enviado: G 459 154
[cnc_lib] CMD enviado: G 460 155
[cnc_lib] CMD enviado: G 460 157
[cnc_lib] CMD enviado: G 461 158
[cnc_lib] CMD enviado: G 461 322
[cnc_lib] CMD enviado: G 520 381
[cnc_lib] CMD enviado: G 520 382
[cnc_lib] CMD enviado: G 523 385
[cnc_lib] CMD enviado: G 523 417
[cnc_lib] CMD enviado: U 0 0
[cnc_lib] Trazado completado (16 puntos)
[cnc_lib] Iniciando trazado: 164 puntos
[cnc_lib] CMD enviado: U 0 0
[cnc_lib] CMD enviado: G 445 522
[cnc_lib] CMD enviado: P 0 0
[cnc_lib] CMD enviado: G 423 522
[cnc_lib] CMD enviado: G 422 523
[cnc_lib] CMD enviado: G 420 523
[cnc_lib] CMD enviado: G 419 522
[cnc_lib] CMD enviado: G 298 522
[cnc_lib] CMD enviado: G 297 521
[cnc_lib] CMD enviado: G 296 521
[cnc_lib] CMD enviado: G 294 519
[cnc_lib] CMD enviado: G 293 519
[cnc_lib] CMD enviado: G 292 518
[cnc_lib] CMD enviado: G 291 518
[cnc_lib] CMD enviado: G 290 517
[cnc_lib] CMD enviado: G 289 517
[cnc_lib] CMD enviado: G 287 515
[cnc_lib] CMD enviado: G 286 515
[cnc_lib] CMD enviado: G 285 514
[cnc_lib] CMD enviado: G 284 514
[cnc_lib] CMD enviado: G 283 513
[cnc_lib] CMD enviado: G 282 513
[cnc_lib] CMD enviado: G 280 511
[cnc_lib] CMD enviado: G 279 511
[cnc_lib] CMD enviado: G 278 510
[cnc_lib] CMD enviado: G 277 510
[cnc_lib] CMD enviado: G 276 509
[cnc_lib] CMD enviado: G 275 509
[cnc_lib] CMD enviado: G 273 507
[cnc_lib] CMD enviado: G 272 507
[cnc_lib] CMD enviado: G 271 506
[cnc_lib] CMD enviado: G 270 506
[cnc_lib] CMD enviado: G 268 504
[cnc_lib] CMD enviado: G 268 503
[cnc_lib] CMD enviado: G 267 502
[cnc_lib] CMD enviado: G 267 501
[cnc_lib] CMD enviado: G 266 500
[cnc_lib] CMD enviado: G 266 498
[cnc_lib] CMD enviado: G 265 497
[cnc_lib] CMD enviado: G 265 496
[cnc_lib] CMD enviado: G 264 495
[cnc_lib] CMD enviado: G 264 494
[cnc_lib] CMD enviado: G 263 493
[cnc_lib] CMD enviado: G 263 492
[cnc_lib] CMD enviado: G 262 491
[cnc_lib] CMD enviado: G 262 489
[cnc_lib] CMD enviado: G 261 488
[cnc_lib] CMD enviado: G 261 487
[cnc_lib] CMD enviado: G 260 486
[cnc_lib] CMD enviado: G 260 485
[cnc_lib] CMD enviado: G 259 484
[cnc_lib] CMD enviado: G 259 483
[cnc_lib] CMD enviado: G 258 482
[cnc_lib] CMD enviado: G 258 480
[cnc_lib] CMD enviado: G 257 479
[cnc_lib] CMD enviado: G 257 478
[cnc_lib] CMD enviado: G 256 477
[cnc_lib] CMD enviado: G 256 476
[cnc_lib] CMD enviado: G 255 475
[cnc_lib] CMD enviado: G 255 474
[cnc_lib] CMD enviado: G 254 473
[cnc_lib] CMD enviado: G 254 471
[cnc_lib] CMD enviado: G 253 470
[cnc_lib] CMD enviado: G 253 469
[cnc_lib] CMD enviado: G 252 468
[cnc_lib] CMD enviado: G 252 467
[cnc_lib] CMD enviado: G 251 466
[cnc_lib] CMD enviado: G 251 464
[cnc_lib] CMD enviado: G 250 463
[cnc_lib] CMD enviado: G 250 462
[cnc_lib] CMD enviado: G 249 461
[cnc_lib] CMD enviado: G 249 460
[cnc_lib] CMD enviado: G 248 459
[cnc_lib] CMD enviado: G 248 458
[cnc_lib] CMD enviado: G 247 457
[cnc_lib] CMD enviado: G 247 455
[cnc_lib] CMD enviado: G 246 454
[cnc_lib] CMD enviado: G 246 453
[cnc_lib] CMD enviado: G 245 452
[cnc_lib] CMD enviado: G 245 451
[cnc_lib] CMD enviado: G 244 450
[cnc_lib] CMD enviado: G 244 449
[cnc_lib] CMD enviado: G 243 448
[cnc_lib] CMD enviado: G 243 446
[cnc_lib] CMD enviado: G 242 445
[cnc_lib] CMD enviado: G 242 444
[cnc_lib] CMD enviado: G 241 443
[cnc_lib] CMD enviado: G 241 442
[cnc_lib] CMD enviado: G 240 441
[cnc_lib] CMD enviado: G 240 440
[cnc_lib] CMD enviado: G 239 439
[cnc_lib] CMD enviado: G 239 437
[cnc_lib] CMD enviado: G 238 436
[cnc_lib] CMD enviado: G 238 435
[cnc_lib] CMD enviado: G 237 434
[cnc_lib] CMD enviado: G 237 433
[cnc_lib] CMD enviado: G 236 432
[cnc_lib] CMD enviado: G 236 431
[cnc_lib] CMD enviado: G 235 430
[cnc_lib] CMD enviado: G 235 428
[cnc_lib] CMD enviado: G 234 427
[cnc_lib] CMD enviado: G 234 426
[cnc_lib] CMD enviado: G 233 425
[cnc_lib] CMD enviado: G 233 424
[cnc_lib] CMD enviado: G 232 423
[cnc_lib] CMD enviado: G 232 422
[cnc_lib] CMD enviado: G 231 421
[cnc_lib] CMD enviado: G 231 419
[cnc_lib] CMD enviado: G 230 418
[cnc_lib] CMD enviado: G 230 417
[cnc_lib] CMD enviado: G 229 416
[cnc_lib] CMD enviado: G 229 415
[cnc_lib] CMD enviado: G 228 414
[cnc_lib] CMD enviado: G 228 412
[cnc_lib] CMD enviado: G 227 411
[cnc_lib] CMD enviado: G 227 410
[cnc_lib] CMD enviado: G 226 409
[cnc_lib] CMD enviado: G 226 408
[cnc_lib] CMD enviado: G 225 407
[cnc_lib] CMD enviado: G 225 406
[cnc_lib] CMD enviado: G 224 405
[cnc_lib] CMD enviado: G 224 403
[cnc_lib] CMD enviado: G 223 402
[cnc_lib] CMD enviado: G 223 401
[cnc_lib] CMD enviado: G 222 400
[cnc_lib] CMD enviado: G 222 399
[cnc_lib] CMD enviado: G 221 398
[cnc_lib] CMD enviado: G 221 397
[cnc_lib] CMD enviado: G 220 396
[cnc_lib] CMD enviado: G 220 394
[cnc_lib] CMD enviado: G 219 393
[cnc_lib] CMD enviado: G 219 392
[cnc_lib] CMD enviado: G 218 391
[cnc_lib] CMD enviado: G 218 390
[cnc_lib] CMD enviado: G 217 389
[cnc_lib] CMD enviado: G 217 387
[cnc_lib] CMD enviado: G 216 386
[cnc_lib] CMD enviado: G 216 385
[cnc_lib] CMD enviado: G 215 384
[cnc_lib] CMD enviado: G 215 383
[cnc_lib] CMD enviado: G 214 382
[cnc_lib] CMD enviado: G 214 381
[cnc_lib] CMD enviado: G 213 380
[cnc_lib] CMD enviado: G 213 378
[cnc_lib] CMD enviado: G 212 377
[cnc_lib] CMD enviado: G 212 376
[cnc_lib] CMD enviado: G 211 375
[cnc_lib] CMD enviado: G 211 374
[cnc_lib] CMD enviado: G 210 373
[cnc_lib] CMD enviado: G 210 372
[cnc_lib] CMD enviado: G 209 371
[cnc_lib] CMD enviado: G 209 369
[cnc_lib] CMD enviado: G 208 368
[cnc_lib] CMD enviado: G 208 367
[cnc_lib] CMD enviado: G 207 366
[cnc_lib] CMD enviado: G 207 365
[cnc_lib] CMD enviado: G 206 364
[cnc_lib] CMD enviado: G 206 362
[cnc_lib] CMD enviado: G 205 361
[cnc_lib] CMD enviado: G 205 360
[cnc_lib] CMD enviado: G 204 359
[cnc_lib] CMD enviado: G 204 358
[cnc_lib] CMD enviado: G 203 357
[cnc_lib] CMD enviado: G 203 356
[cnc_lib] CMD enviado: G 200 353
[cnc_lib] CMD enviado: G 197 353
[cnc_lib] CMD enviado: U 0 0
[cnc_lib] Trazado completado (164 puntos)
[cnc_lib] Iniciando trazado: 2 puntos
[cnc_lib] CMD enviado: U 0 0
[cnc_lib] CMD enviado: G 174 353
[cnc_lib] CMD enviado: P 0 0
[cnc_lib] CMD enviado: G 162 353
[cnc_lib] CMD enviado: U 0 0
[cnc_lib] Trazado completado (2 puntos)
[cnc_lib] Iniciando trazado: 2 puntos
[cnc_lib] CMD enviado: U 0 0
[cnc_lib] CMD enviado: G 162 353
[cnc_lib] CMD enviado: P 0 0
[cnc_lib] CMD enviado: G 161 352
[cnc_lib] CMD enviado: U 0 0
[cnc_lib] Trazado completado (2 puntos)
[cnc_lib] Iniciando trazado: 15 puntos
[cnc_lib] CMD enviado: U 0 0
[cnc_lib] CMD enviado: G 161 352
[cnc_lib] CMD enviado: P 0 0
[cnc_lib] CMD enviado: G 161 237
[cnc_lib] CMD enviado: G 162 236
[cnc_lib] CMD enviado: G 162 235
[cnc_lib] CMD enviado: G 163 234
[cnc_lib] CMD enviado: G 163 233
[cnc_lib] CMD enviado: G 164 232
[cnc_lib] CMD enviado: G 165 232
[cnc_lib] CMD enviado: G 170 227
[cnc_lib] CMD enviado: G 171 227
[cnc_lib] CMD enviado: G 173 225
[cnc_lib] CMD enviado: G 174 225
[cnc_lib] CMD enviado: G 177 222
[cnc_lib] CMD enviado: G 178 222
[cnc_lib] CMD enviado: G 179 221
[cnc_lib] CMD enviado: U 0 0
[cnc_lib] Trazado completado (15 puntos)
[cnc_lib] Iniciando trazado: 2 puntos
[cnc_lib] CMD enviado: U 0 0
[cnc_lib] CMD enviado: G 179 221
[cnc_lib] CMD enviado: P 0 0
[cnc_lib] CMD enviado: G 179 220
[cnc_lib] CMD enviado: U 0 0
[cnc_lib] Trazado completado (2 puntos)
[cnc_lib] Iniciando trazado: 2 puntos
[cnc_lib] CMD enviado: U 0 0
[cnc_lib] CMD enviado: G 179 220
[cnc_lib] CMD enviado: P 0 0
[cnc_lib] CMD enviado: G 174 215
[cnc_lib] CMD enviado: U 0 0
[cnc_lib] Trazado completado (2 puntos)
[cnc_lib] Iniciando trazado: 3 puntos
[cnc_lib] CMD enviado: U 0 0
[cnc_lib] CMD enviado: G 174 215
[cnc_lib] CMD enviado: P 0 0
[cnc_lib] CMD enviado: G 174 214
[cnc_lib] CMD enviado: G 173 215
[cnc_lib] CMD enviado: U 0 0
[cnc_lib] Trazado completado (3 puntos)
[cnc_lib] Iniciando trazado: 3 puntos
[cnc_lib] CMD enviado: U 0 0
[cnc_lib] CMD enviado: G 173 215
[cnc_lib] CMD enviado: P 0 0
[cnc_lib] CMD enviado: G 114 215
[cnc_lib] CMD enviado: G 113 214
[cnc_lib] CMD enviado: U 0 0
[cnc_lib] Trazado completado (3 puntos)
[cnc_lib] Iniciando trazado: 2 puntos
[cnc_lib] CMD enviado: U 0 0
[cnc_lib] CMD enviado: G 113 214
[cnc_lib] CMD enviado: P 0 0
[cnc_lib] CMD enviado: G 112 213
[cnc_lib] CMD enviado: U 0 0
[cnc_lib] Trazado completado (2 puntos)
[cnc_lib] Iniciando trazado: 2 puntos
[cnc_lib] CMD enviado: U 0 0
[cnc_lib] CMD enviado: G 112 213
[cnc_lib] CMD enviado: P 0 0
[cnc_lib] CMD enviado: G 112 214
[cnc_lib] CMD enviado: U 0 0
[cnc_lib] Trazado completado (2 puntos)
[cnc_lib] Iniciando trazado: 2 puntos
[cnc_lib] CMD enviado: U 0 0
[cnc_lib] CMD enviado: G 112 214
[cnc_lib] CMD enviado: P 0 0
[cnc_lib] CMD enviado: G 111 214
[cnc_lib] CMD enviado: U 0 0
[cnc_lib] Trazado completado (2 puntos)
[cnc_lib] Iniciando trazado: 2 puntos
[cnc_lib] CMD enviado: U 0 0
[cnc_lib] CMD enviado: G 112 214
[cnc_lib] CMD enviado: P 0 0
[cnc_lib] CMD enviado: G 113 214
[cnc_lib] CMD enviado: U 0 0
[cnc_lib] Trazado completado (2 puntos)
[cnc_lib] Iniciando trazado: 6 puntos
[cnc_lib] CMD enviado: U 0 0
[cnc_lib] CMD enviado: G 107 215
[cnc_lib] CMD enviado: P 0 0
[cnc_lib] CMD enviado: G 104 218
[cnc_lib] CMD enviado: G 104 219
[cnc_lib] CMD enviado: G 102 221
[cnc_lib] CMD enviado: G 96 221
[cnc_lib] CMD enviado: G 90 215
[cnc_lib] CMD enviado: U 0 0
[cnc_lib] Trazado completado (6 puntos)
[cnc_lib] Iniciando trazado: 6 puntos
[cnc_lib] CMD enviado: U 0 0
[cnc_lib] CMD enviado: G 90 188
[cnc_lib] CMD enviado: P 0 0
[cnc_lib] CMD enviado: G 96 194
[cnc_lib] CMD enviado: G 102 194
[cnc_lib] CMD enviado: G 104 192
[cnc_lib] CMD enviado: G 104 191
[cnc_lib] CMD enviado: G 107 188
[cnc_lib] CMD enviado: U 0 0
[cnc_lib] Trazado completado (6 puntos)
[cnc_lib] Iniciando trazado: 2 puntos
[cnc_lib] CMD enviado: U 0 0
[cnc_lib] CMD enviado: G 173 215
[cnc_lib] CMD enviado: P 0 0
[cnc_lib] CMD enviado: G 174 215
[cnc_lib] CMD enviado: U 0 0
[cnc_lib] Trazado completado (2 puntos)
[cnc_lib] Iniciando trazado: 2 puntos
[cnc_lib] CMD enviado: U 0 0
[cnc_lib] CMD enviado: G 179 220
[cnc_lib] CMD enviado: P 0 0
[cnc_lib] CMD enviado: G 180 220
[cnc_lib] CMD enviado: U 0 0
[cnc_lib] Trazado completado (2 puntos)
[cnc_lib] Iniciando trazado: 2 puntos
[cnc_lib] CMD enviado: U 0 0
[cnc_lib] CMD enviado: G 180 220
[cnc_lib] CMD enviado: P 0 0
[cnc_lib] CMD enviado: G 181 219
[cnc_lib] CMD enviado: U 0 0
[cnc_lib] Trazado completado (2 puntos)
[cnc_lib] Iniciando trazado: 2 puntos
[cnc_lib] CMD enviado: U 0 0
[cnc_lib] CMD enviado: G 181 219
[cnc_lib] CMD enviado: P 0 0
[cnc_lib] CMD enviado: G 182 218
[cnc_lib] CMD enviado: U 0 0
[cnc_lib] Trazado completado (2 puntos)
[cnc_lib] Iniciando trazado: 12 puntos
[cnc_lib] CMD enviado: U 0 0
[cnc_lib] CMD enviado: G 182 218
[cnc_lib] CMD enviado: P 0 0
[cnc_lib] CMD enviado: G 182 212
[cnc_lib] CMD enviado: G 186 208
[cnc_lib] CMD enviado: G 190 208
[cnc_lib] CMD enviado: G 195 213
[cnc_lib] CMD enviado: G 195 216
[cnc_lib] CMD enviado: G 194 217
[cnc_lib] CMD enviado: G 194 218
[cnc_lib] CMD enviado: G 191 221
[cnc_lib] CMD enviado: G 186 221
[cnc_lib] CMD enviado: G 184 219
[cnc_lib] CMD enviado: G 183 219
[cnc_lib] CMD enviado: U 0 0
[cnc_lib] Trazado completado (12 puntos)
[cnc_lib] Iniciando trazado: 2 puntos
[cnc_lib] CMD enviado: U 0 0
[cnc_lib] CMD enviado: G 183 219
[cnc_lib] CMD enviado: P 0 0
[cnc_lib] CMD enviado: G 182 218
[cnc_lib] CMD enviado: U 0 0
[cnc_lib] Trazado completado (2 puntos)
[cnc_lib] Iniciando trazado: 2 puntos
[cnc_lib] CMD enviado: U 0 0
[cnc_lib] CMD enviado: G 182 218
[cnc_lib] CMD enviado: P 0 0
[cnc_lib] CMD enviado: G 182 219
[cnc_lib] CMD enviado: U 0 0
[cnc_lib] Trazado completado (2 puntos)
[cnc_lib] Iniciando trazado: 2 puntos
[cnc_lib] CMD enviado: U 0 0
[cnc_lib] CMD enviado: G 182 219
[cnc_lib] CMD enviado: P 0 0
[cnc_lib] CMD enviado: G 181 219
[cnc_lib] CMD enviado: U 0 0
[cnc_lib] Trazado completado (2 puntos)
[cnc_lib] Iniciando trazado: 2 puntos
[cnc_lib] CMD enviado: U 0 0
[cnc_lib] CMD enviado: G 182 219
[cnc_lib] CMD enviado: P 0 0
[cnc_lib] CMD enviado: G 183 219
[cnc_lib] CMD enviado: U 0 0
[cnc_lib] Trazado completado (2 puntos)
[cnc_lib] Iniciando trazado: 2 puntos
[cnc_lib] CMD enviado: U 0 0
[cnc_lib] CMD enviado: G 180 220
[cnc_lib] CMD enviado: P 0 0
[cnc_lib] CMD enviado: G 179 221
[cnc_lib] CMD enviado: U 0 0
[cnc_lib] Trazado completado (2 puntos)
[cnc_lib] Iniciando trazado: 24 puntos
[cnc_lib] CMD enviado: U 0 0
[cnc_lib] CMD enviado: G 99 268
[cnc_lib] CMD enviado: P 0 0
[cnc_lib] CMD enviado: G 72 268
[cnc_lib] CMD enviado: G 71 267
[cnc_lib] CMD enviado: G 70 267
[cnc_lib] CMD enviado: G 69 266
[cnc_lib] CMD enviado: G 68 266
[cnc_lib] CMD enviado: G 66 264
[cnc_lib] CMD enviado: G 65 264
[cnc_lib] CMD enviado: G 63 262
[cnc_lib] CMD enviado: G 62 262
[cnc_lib] CMD enviado: G 60 260
[cnc_lib] CMD enviado: G 59 260
[cnc_lib] CMD enviado: G 57 258
[cnc_lib] CMD enviado: G 56 258
[cnc_lib] CMD enviado: G 54 256
[cnc_lib] CMD enviado: G 53 256
[cnc_lib] CMD enviado: G 51 254
[cnc_lib] CMD enviado: G 50 254
[cnc_lib] CMD enviado: G 48 252
[cnc_lib] CMD enviado: G 47 252
[cnc_lib] CMD enviado: G 46 251
[cnc_lib] CMD enviado: G 45 251
[cnc_lib] CMD enviado: G 44 250
[cnc_lib] CMD enviado: G 1 250
[cnc_lib] CMD enviado: U 0 0
[cnc_lib] Trazado completado (24 puntos)
[cnc_lib] Iniciando trazado: 3 puntos
[cnc_lib] CMD enviado: U 0 0
[cnc_lib] CMD enviado: G 1 250
[cnc_lib] CMD enviado: P 0 0
[cnc_lib] CMD enviado: G 0 249
[cnc_lib] CMD enviado: G 0 250
[cnc_lib] CMD enviado: U 0 0
[cnc_lib] Trazado completado (3 puntos)
[cnc_lib] Iniciando trazado: 2 puntos
[cnc_lib] CMD enviado: U 0 0
[cnc_lib] CMD enviado: G 0 250
[cnc_lib] CMD enviado: P 0 0
[cnc_lib] CMD enviado: G 1 250
[cnc_lib] CMD enviado: U 0 0
[cnc_lib] Trazado completado (2 puntos)
[cnc_lib] Iniciando trazado: 2 puntos
[cnc_lib] CMD enviado: U 0 0
[cnc_lib] CMD enviado: G 1 250
[cnc_lib] CMD enviado: P 0 0
[cnc_lib] CMD enviado: G 0 251
[cnc_lib] CMD enviado: U 0 0
[cnc_lib] Trazado completado (2 puntos)
[cnc_lib] Iniciando trazado: 2 puntos
[cnc_lib] CMD enviado: U 0 0
[cnc_lib] CMD enviado: G 0 251
[cnc_lib] CMD enviado: P 0 0
[cnc_lib] CMD enviado: G 0 250
[cnc_lib] CMD enviado: U 0 0
[cnc_lib] Trazado completado (2 puntos)
[cnc_lib] Iniciando trazado: 2 puntos
[cnc_lib] CMD enviado: U 0 0
[cnc_lib] CMD enviado: G 0 251
[cnc_lib] CMD enviado: P 0 0
[cnc_lib] CMD enviado: G 0 252
[cnc_lib] CMD enviado: U 0 0
[cnc_lib] Trazado completado (2 puntos)
[cnc_lib] Iniciando trazado: 3 puntos
[cnc_lib] CMD enviado: U 0 0
[cnc_lib] CMD enviado: G 0 268
[cnc_lib] CMD enviado: P 0 0
[cnc_lib] CMD enviado: G 0 267
[cnc_lib] CMD enviado: G 1 268
[cnc_lib] CMD enviado: U 0 0
[cnc_lib] Trazado completado (3 puntos)
[cnc_lib] Iniciando trazado: 2 puntos
[cnc_lib] CMD enviado: U 0 0
[cnc_lib] CMD enviado: G 1 268
[cnc_lib] CMD enviado: P 0 0
[cnc_lib] CMD enviado: G 0 268
[cnc_lib] CMD enviado: U 0 0
[cnc_lib] Trazado completado (2 puntos)
[cnc_lib] Iniciando trazado: 2 puntos
[cnc_lib] CMD enviado: U 0 0
[cnc_lib] CMD enviado: G 0 268
[cnc_lib] CMD enviado: P 0 0
[cnc_lib] CMD enviado: G 0 269
[cnc_lib] CMD enviado: U 0 0
[cnc_lib] Trazado completado (2 puntos)
[cnc_lib] Iniciando trazado: 2 puntos
[cnc_lib] CMD enviado: U 0 0
[cnc_lib] CMD enviado: G 0 269
[cnc_lib] CMD enviado: P 0 0
[cnc_lib] CMD enviado: G 1 268
[cnc_lib] CMD enviado: U 0 0
[cnc_lib] Trazado completado (2 puntos)
[cnc_lib] Iniciando trazado: 24 puntos
[cnc_lib] CMD enviado: U 0 0
[cnc_lib] CMD enviado: G 1 268
[cnc_lib] CMD enviado: P 0 0
[cnc_lib] CMD enviado: G 44 268
[cnc_lib] CMD enviado: G 45 269
[cnc_lib] CMD enviado: G 46 269
[cnc_lib] CMD enviado: G 47 270
[cnc_lib] CMD enviado: G 48 270
[cnc_lib] CMD enviado: G 50 272
[cnc_lib] CMD enviado: G 51 272
[cnc_lib] CMD enviado: G 53 274
[cnc_lib] CMD enviado: G 54 274
[cnc_lib] CMD enviado: G 56 276
[cnc_lib] CMD enviado: G 57 276
[cnc_lib] CMD enviado: G 59 278
[cnc_lib] CMD enviado: G 60 278
[cnc_lib] CMD enviado: G 62 280
[cnc_lib] CMD enviado: G 63 280
[cnc_lib] CMD enviado: G 65 282
[cnc_lib] CMD enviado: G 66 282
[cnc_lib] CMD enviado: G 68 284
[cnc_lib] CMD enviado: G 69 284
[cnc_lib] CMD enviado: G 70 285
[cnc_lib] CMD enviado: G 71 285
[cnc_lib] CMD enviado: G 72 286
[cnc_lib] CMD enviado: G 81 286
[cnc_lib] CMD enviado: U 0 0
[cnc_lib] Trazado completado (24 puntos)
[cnc_lib] Iniciando trazado: 8 puntos
[cnc_lib] CMD enviado: U 0 0
[cnc_lib] CMD enviado: G 90 353
[cnc_lib] CMD enviado: P 0 0
[cnc_lib] CMD enviado: G 86 353
[cnc_lib] CMD enviado: G 85 352
[cnc_lib] CMD enviado: G 84 352
[cnc_lib] CMD enviado: G 72 340
[cnc_lib] CMD enviado: G 71 340
[cnc_lib] CMD enviado: G 70 339
[cnc_lib] CMD enviado: G 1 339
[cnc_lib] CMD enviado: U 0 0
[cnc_lib] Trazado completado (8 puntos)
[cnc_lib] Iniciando trazado: 3 puntos
[cnc_lib] CMD enviado: U 0 0
[cnc_lib] CMD enviado: G 1 339
[cnc_lib] CMD enviado: P 0 0
[cnc_lib] CMD enviado: G 0 338
[cnc_lib] CMD enviado: G 0 339
[cnc_lib] CMD enviado: U 0 0
[cnc_lib] Trazado completado (3 puntos)
[cnc_lib] Iniciando trazado: 2 puntos
[cnc_lib] CMD enviado: U 0 0
[cnc_lib] CMD enviado: G 0 339
[cnc_lib] CMD enviado: P 0 0
[cnc_lib] CMD enviado: G 1 339
[cnc_lib] CMD enviado: U 0 0
[cnc_lib] Trazado completado (2 puntos)
[cnc_lib] Iniciando trazado: 2 puntos
[cnc_lib] CMD enviado: U 0 0
[cnc_lib] CMD enviado: G 1 339
[cnc_lib] CMD enviado: P 0 0
[cnc_lib] CMD enviado: G 0 340
[cnc_lib] CMD enviado: U 0 0
[cnc_lib] Trazado completado (2 puntos)
[cnc_lib] Iniciando trazado: 2 puntos
[cnc_lib] CMD enviado: U 0 0
[cnc_lib] CMD enviado: G 0 340
[cnc_lib] CMD enviado: P 0 0
[cnc_lib] CMD enviado: G 0 339
[cnc_lib] CMD enviado: U 0 0
[cnc_lib] Trazado completado (2 puntos)
[cnc_lib] Iniciando trazado: 2 puntos
[cnc_lib] CMD enviado: U 0 0
[cnc_lib] CMD enviado: G 0 340
[cnc_lib] CMD enviado: P 0 0
[cnc_lib] CMD enviado: G 0 341
[cnc_lib] CMD enviado: U 0 0
[cnc_lib] Trazado completado (2 puntos)
[cnc_lib] Iniciando trazado: 3 puntos
[cnc_lib] CMD enviado: U 0 0
[cnc_lib] CMD enviado: G 0 348
[cnc_lib] CMD enviado: P 0 0
[cnc_lib] CMD enviado: G 0 347
[cnc_lib] CMD enviado: G 1 348
[cnc_lib] CMD enviado: U 0 0
[cnc_lib] Trazado completado (3 puntos)
[cnc_lib] Iniciando trazado: 2 puntos
[cnc_lib] CMD enviado: U 0 0
[cnc_lib] CMD enviado: G 1 348
[cnc_lib] CMD enviado: P 0 0
[cnc_lib] CMD enviado: G 0 348
[cnc_lib] CMD enviado: U 0 0
[cnc_lib] Trazado completado (2 puntos)
[cnc_lib] Iniciando trazado: 2 puntos
[cnc_lib] CMD enviado: U 0 0
[cnc_lib] CMD enviado: G 0 348
[cnc_lib] CMD enviado: P 0 0
[cnc_lib] CMD enviado: G 0 349
[cnc_lib] CMD enviado: U 0 0
[cnc_lib] Trazado completado (2 puntos)
[cnc_lib] Iniciando trazado: 2 puntos
[cnc_lib] CMD enviado: U 0 0
[cnc_lib] CMD enviado: G 0 349
[cnc_lib] CMD enviado: P 0 0
[cnc_lib] CMD enviado: G 1 348
[cnc_lib] CMD enviado: U 0 0
[cnc_lib] Trazado completado (2 puntos)
[cnc_lib] Iniciando trazado: 24 puntos
[cnc_lib] CMD enviado: U 0 0
[cnc_lib] CMD enviado: G 1 348
[cnc_lib] CMD enviado: P 0 0
[cnc_lib] CMD enviado: G 61 348
[cnc_lib] CMD enviado: G 62 349
[cnc_lib] CMD enviado: G 63 349
[cnc_lib] CMD enviado: G 64 350
[cnc_lib] CMD enviado: G 64 351
[cnc_lib] CMD enviado: G 68 355
[cnc_lib] CMD enviado: G 68 356
[cnc_lib] CMD enviado: G 70 358
[cnc_lib] CMD enviado: G 70 359
[cnc_lib] CMD enviado: G 72 361
[cnc_lib] CMD enviado: G 72 362
[cnc_lib] CMD enviado: G 75 365
[cnc_lib] CMD enviado: G 75 366
[cnc_lib] CMD enviado: G 77 368
[cnc_lib] CMD enviado: G 77 369
[cnc_lib] CMD enviado: G 80 372
[cnc_lib] CMD enviado: G 80 373
[cnc_lib] CMD enviado: G 83 376
[cnc_lib] CMD enviado: G 83 377
[cnc_lib] CMD enviado: G 85 379
[cnc_lib] CMD enviado: G 87 379
[cnc_lib] CMD enviado: G 88 380
[cnc_lib] CMD enviado: G 90 380
[cnc_lib] CMD enviado: U 0 0
[cnc_lib] Trazado completado (24 puntos)
[cnc_lib] Iniciando trazado: 8 puntos
[cnc_lib] CMD enviado: U 0 0
[cnc_lib] CMD enviado: G 90 380
[cnc_lib] CMD enviado: P 0 0
[cnc_lib] CMD enviado: G 97 373
[cnc_lib] CMD enviado: G 100 373
[cnc_lib] CMD enviado: G 101 374
[cnc_lib] CMD enviado: G 102 374
[cnc_lib] CMD enviado: G 104 376
[cnc_lib] CMD enviado: G 104 377
[cnc_lib] CMD enviado: G 107 380
[cnc_lib] CMD enviado: U 0 0
[cnc_lib] Trazado completado (8 puntos)
[cnc_lib] Iniciando trazado: 8 puntos
[cnc_lib] CMD enviado: U 0 0
[cnc_lib] CMD enviado: G 107 380
[cnc_lib] CMD enviado: P 0 0
[cnc_lib] CMD enviado: G 104 383
[cnc_lib] CMD enviado: G 104 384
[cnc_lib] CMD enviado: G 103 385
[cnc_lib] CMD enviado: G 102 385
[cnc_lib] CMD enviado: G 101 386
[cnc_lib] CMD enviado: G 96 386
[cnc_lib] CMD enviado: G 90 380
[cnc_lib] CMD enviado: U 0 0
[cnc_lib] Trazado completado (8 puntos)
[cnc_lib] Iniciando trazado: 2 puntos
[cnc_lib] CMD enviado: U 0 0
[cnc_lib] CMD enviado: G 107 380
[cnc_lib] CMD enviado: P 0 0
[cnc_lib] CMD enviado: G 111 380
[cnc_lib] CMD enviado: U 0 0
[cnc_lib] Trazado completado (2 puntos)
[cnc_lib] Iniciando trazado: 5 puntos
[cnc_lib] CMD enviado: U 0 0
[cnc_lib] CMD enviado: G 111 380
[cnc_lib] CMD enviado: P 0 0
[cnc_lib] CMD enviado: G 112 379
[cnc_lib] CMD enviado: G 112 358
[cnc_lib] CMD enviado: G 113 357
[cnc_lib] CMD enviado: G 113 355
[cnc_lib] CMD enviado: U 0 0
[cnc_lib] Trazado completado (5 puntos)
[cnc_lib] Iniciando trazado: 5 puntos
[cnc_lib] CMD enviado: U 0 0
[cnc_lib] CMD enviado: G 113 355
[cnc_lib] CMD enviado: P 0 0
[cnc_lib] CMD enviado: G 112 354
[cnc_lib] CMD enviado: G 111 354
[cnc_lib] CMD enviado: G 110 353
[cnc_lib] CMD enviado: G 107 353
[cnc_lib] CMD enviado: U 0 0
[cnc_lib] Trazado completado (5 puntos)
[cnc_lib] Iniciando trazado: 8 puntos
[cnc_lib] CMD enviado: U 0 0
[cnc_lib] CMD enviado: G 107 353
[cnc_lib] CMD enviado: P 0 0
[cnc_lib] CMD enviado: G 104 350
[cnc_lib] CMD enviado: G 104 349
[cnc_lib] CMD enviado: G 102 347
[cnc_lib] CMD enviado: G 101 347
[cnc_lib] CMD enviado: G 100 346
[cnc_lib] CMD enviado: G 97 346
[cnc_lib] CMD enviado: G 90 353
[cnc_lib] CMD enviado: U 0 0
[cnc_lib] Trazado completado (8 puntos)
[cnc_lib] Iniciando trazado: 6 puntos
[cnc_lib] CMD enviado: U 0 0
[cnc_lib] CMD enviado: G 90 353
[cnc_lib] CMD enviado: P 0 0
[cnc_lib] CMD enviado: G 96 359
[cnc_lib] CMD enviado: G 102 359
[cnc_lib] CMD enviado: G 104 357
[cnc_lib] CMD enviado: G 104 356
[cnc_lib] CMD enviado: G 107 353
[cnc_lib] CMD enviado: U 0 0
[cnc_lib] Trazado completado (6 puntos)
[cnc_lib] Iniciando trazado: 5 puntos
[cnc_lib] CMD enviado: U 0 0
[cnc_lib] CMD enviado: G 113 355
[cnc_lib] CMD enviado: P 0 0
[cnc_lib] CMD enviado: G 114 354
[cnc_lib] CMD enviado: G 115 354
[cnc_lib] CMD enviado: G 116 355
[cnc_lib] CMD enviado: G 117 355
[cnc_lib] CMD enviado: U 0 0
[cnc_lib] Trazado completado (5 puntos)
[cnc_lib] Iniciando trazado: 10 puntos
[cnc_lib] CMD enviado: U 0 0
[cnc_lib] CMD enviado: G 121 361
[cnc_lib] CMD enviado: P 0 0
[cnc_lib] CMD enviado: G 122 361
[cnc_lib] CMD enviado: G 123 362
[cnc_lib] CMD enviado: G 128 362
[cnc_lib] CMD enviado: G 129 361
[cnc_lib] CMD enviado: G 130 361
[cnc_lib] CMD enviado: G 134 357
[cnc_lib] CMD enviado: G 134 355
[cnc_lib] CMD enviado: G 136 353
[cnc_lib] CMD enviado: G 160 353
[cnc_lib] CMD enviado: U 0 0
[cnc_lib] Trazado completado (10 puntos)
[cnc_lib] Iniciando trazado: 2 puntos
[cnc_lib] CMD enviado: U 0 0
[cnc_lib] CMD enviado: G 160 353
[cnc_lib] CMD enviado: P 0 0
[cnc_lib] CMD enviado: G 161 352
[cnc_lib] CMD enviado: U 0 0
[cnc_lib] Trazado completado (2 puntos)
[cnc_lib] Iniciando trazado: 2 puntos
[cnc_lib] CMD enviado: U 0 0
[cnc_lib] CMD enviado: G 161 352
[cnc_lib] CMD enviado: P 0 0
[cnc_lib] CMD enviado: G 161 353
[cnc_lib] CMD enviado: U 0 0
[cnc_lib] Trazado completado (2 puntos)
[cnc_lib] Iniciando trazado: 2 puntos
[cnc_lib] CMD enviado: U 0 0
[cnc_lib] CMD enviado: G 161 353
[cnc_lib] CMD enviado: P 0 0
[cnc_lib] CMD enviado: G 160 353
[cnc_lib] CMD enviado: U 0 0
[cnc_lib] Trazado completado (2 puntos)
[cnc_lib] Iniciando trazado: 2 puntos
[cnc_lib] CMD enviado: U 0 0
[cnc_lib] CMD enviado: G 160 353
[cnc_lib] CMD enviado: P 0 0
[cnc_lib] CMD enviado: G 161 354
[cnc_lib] CMD enviado: U 0 0
[cnc_lib] Trazado completado (2 puntos)
[cnc_lib] Iniciando trazado: 2 puntos
[cnc_lib] CMD enviado: U 0 0
[cnc_lib] CMD enviado: G 161 354
[cnc_lib] CMD enviado: P 0 0
[cnc_lib] CMD enviado: G 161 353
[cnc_lib] CMD enviado: U 0 0
[cnc_lib] Trazado completado (2 puntos)
[cnc_lib] Iniciando trazado: 2 puntos
[cnc_lib] CMD enviado: U 0 0
[cnc_lib] CMD enviado: G 161 353
[cnc_lib] CMD enviado: P 0 0
[cnc_lib] CMD enviado: G 162 353
[cnc_lib] CMD enviado: U 0 0
[cnc_lib] Trazado completado (2 puntos)
[cnc_lib] Iniciando trazado: 2 puntos
[cnc_lib] CMD enviado: U 0 0
[cnc_lib] CMD enviado: G 162 353
[cnc_lib] CMD enviado: P 0 0
[cnc_lib] CMD enviado: G 161 354
[cnc_lib] CMD enviado: U 0 0
[cnc_lib] Trazado completado (2 puntos)
[cnc_lib] Iniciando trazado: 6 puntos
[cnc_lib] CMD enviado: U 0 0
[cnc_lib] CMD enviado: G 161 354
[cnc_lib] CMD enviado: P 0 0
[cnc_lib] CMD enviado: G 161 509
[cnc_lib] CMD enviado: G 162 510
[cnc_lib] CMD enviado: G 162 511
[cnc_lib] CMD enviado: G 163 512
[cnc_lib] CMD enviado: G 163 513
[cnc_lib] CMD enviado: U 0 0
[cnc_lib] Trazado completado (6 puntos)
[cnc_lib] Iniciando trazado: 2 puntos
[cnc_lib] CMD enviado: U 0 0
[cnc_lib] CMD enviado: G 163 513
[cnc_lib] CMD enviado: P 0 0
[cnc_lib] CMD enviado: G 162 514
[cnc_lib] CMD enviado: U 0 0
[cnc_lib] Trazado completado (2 puntos)
[cnc_lib] Iniciando trazado: 2 puntos
[cnc_lib] CMD enviado: U 0 0
[cnc_lib] CMD enviado: G 162 514
[cnc_lib] CMD enviado: P 0 0
[cnc_lib] CMD enviado: G 161 514
[cnc_lib] CMD enviado: U 0 0
[cnc_lib] Trazado completado (2 puntos)
[cnc_lib] Iniciando trazado: 3 puntos
[cnc_lib] CMD enviado: U 0 0
[cnc_lib] CMD enviado: G 161 514
[cnc_lib] CMD enviado: P 0 0
[cnc_lib] CMD enviado: G 114 514
[cnc_lib] CMD enviado: G 113 513
[cnc_lib] CMD enviado: U 0 0
[cnc_lib] Trazado completado (3 puntos)
[cnc_lib] Iniciando trazado: 2 puntos
[cnc_lib] CMD enviado: U 0 0
[cnc_lib] CMD enviado: G 113 513
[cnc_lib] CMD enviado: P 0 0
[cnc_lib] CMD enviado: G 112 512
[cnc_lib] CMD enviado: U 0 0
[cnc_lib] Trazado completado (2 puntos)
[cnc_lib] Iniciando trazado: 3 puntos
[cnc_lib] CMD enviado: U 0 0
[cnc_lib] CMD enviado: G 112 512
[cnc_lib] CMD enviado: P 0 0
[cnc_lib] CMD enviado: G 112 488
[cnc_lib] CMD enviado: G 111 487
[cnc_lib] CMD enviado: U 0 0
[cnc_lib] Trazado completado (3 puntos)
[cnc_lib] Iniciando trazado: 4 puntos
[cnc_lib] CMD enviado: U 0 0
[cnc_lib] CMD enviado: G 111 487
[cnc_lib] CMD enviado: P 0 0
[cnc_lib] CMD enviado: G 112 486
[cnc_lib] CMD enviado: G 112 462
[cnc_lib] CMD enviado: G 111 461
[cnc_lib] CMD enviado: U 0 0
[cnc_lib] Trazado completado (4 puntos)
[cnc_lib] Iniciando trazado: 2 puntos
[cnc_lib] CMD enviado: U 0 0
[cnc_lib] CMD enviado: G 111 461
[cnc_lib] CMD enviado: P 0 0
[cnc_lib] CMD enviado: G 110 460
[cnc_lib] CMD enviado: U 0 0
[cnc_lib] Trazado completado (2 puntos)
[cnc_lib] Iniciando trazado: 2 puntos
[cnc_lib] CMD enviado: U 0 0
[cnc_lib] CMD enviado: G 110 460
[cnc_lib] CMD enviado: P 0 0
[cnc_lib] CMD enviado: G 107 460
[cnc_lib] CMD enviado: U 0 0
[cnc_lib] Trazado completado (2 puntos)
[cnc_lib] Iniciando trazado: 10 puntos
[cnc_lib] CMD enviado: U 0 0
[cnc_lib] CMD enviado: G 107 460
[cnc_lib] CMD enviado: P 0 0
[cnc_lib] CMD enviado: G 104 457
[cnc_lib] CMD enviado: G 104 456
[cnc_lib] CMD enviado: G 103 455
[cnc_lib] CMD enviado: G 102 455
[cnc_lib] CMD enviado: G 100 453
[cnc_lib] CMD enviado: G 97 453
[cnc_lib] CMD enviado: G 92 458
[cnc_lib] CMD enviado: G 92 459
[cnc_lib] CMD enviado: G 91 460
[cnc_lib] CMD enviado: U 0 0
[cnc_lib] Trazado completado (10 puntos)
[cnc_lib] Iniciando trazado: 2 puntos
[cnc_lib] CMD enviado: U 0 0
[cnc_lib] CMD enviado: G 91 460
[cnc_lib] CMD enviado: P 0 0
[cnc_lib] CMD enviado: G 90 460
[cnc_lib] CMD enviado: U 0 0
[cnc_lib] Trazado completado (2 puntos)
[cnc_lib] Iniciando trazado: 72 puntos
[cnc_lib] CMD enviado: U 0 0
[cnc_lib] CMD enviado: G 90 460
[cnc_lib] CMD enviado: P 0 0
[cnc_lib] CMD enviado: G 86 460
[cnc_lib] CMD enviado: G 84 458
[cnc_lib] CMD enviado: G 84 457
[cnc_lib] CMD enviado: G 82 455
[cnc_lib] CMD enviado: G 82 454
[cnc_lib] CMD enviado: G 81 453
[cnc_lib] CMD enviado: G 81 452
[cnc_lib] CMD enviado: G 80 451
[cnc_lib] CMD enviado: G 80 450
[cnc_lib] CMD enviado: G 78 448
[cnc_lib] CMD enviado: G 78 447
[cnc_lib] CMD enviado: G 77 446
[cnc_lib] CMD enviado: G 77 445
[cnc_lib] CMD enviado: G 75 443
[cnc_lib] CMD enviado: G 75 442
[cnc_lib] CMD enviado: G 74 441
[cnc_lib] CMD enviado: G 74 440
[cnc_lib] CMD enviado: G 73 439
[cnc_lib] CMD enviado: G 73 438
[cnc_lib] CMD enviado: G 71 436
[cnc_lib] CMD enviado: G 71 435
[cnc_lib] CMD enviado: G 70 434
[cnc_lib] CMD enviado: G 70 433
[cnc_lib] CMD enviado: G 68 431
[cnc_lib] CMD enviado: G 68 430
[cnc_lib] CMD enviado: G 67 429
[cnc_lib] CMD enviado: G 67 428
[cnc_lib] CMD enviado: G 66 427
[cnc_lib] CMD enviado: G 66 426
[cnc_lib] CMD enviado: G 64 424
[cnc_lib] CMD enviado: G 64 423
[cnc_lib] CMD enviado: G 63 422
[cnc_lib] CMD enviado: G 63 421
[cnc_lib] CMD enviado: G 62 420
[cnc_lib] CMD enviado: G 62 419
[cnc_lib] CMD enviado: G 60 417
[cnc_lib] CMD enviado: G 60 416
[cnc_lib] CMD enviado: G 59 415
[cnc_lib] CMD enviado: G 59 414
[cnc_lib] CMD enviado: G 57 412
[cnc_lib] CMD enviado: G 57 411
[cnc_lib] CMD enviado: G 56 410
[cnc_lib] CMD enviado: G 56 409
[cnc_lib] CMD enviado: G 55 408
[cnc_lib] CMD enviado: G 55 407
[cnc_lib] CMD enviado: G 53 405
[cnc_lib] CMD enviado: G 53 404
[cnc_lib] CMD enviado: G 52 403
[cnc_lib] CMD enviado: G 52 402
[cnc_lib] CMD enviado: G 51 401
[cnc_lib] CMD enviado: G 51 400
[cnc_lib] CMD enviado: G 49 398
[cnc_lib] CMD enviado: G 49 397
[cnc_lib] CMD enviado: G 48 396
[cnc_lib] CMD enviado: G 48 395
[cnc_lib] CMD enviado: G 46 393
[cnc_lib] CMD enviado: G 46 392
[cnc_lib] CMD enviado: G 45 391
[cnc_lib] CMD enviado: G 45 390
[cnc_lib] CMD enviado: G 44 389
[cnc_lib] CMD enviado: G 44 388
[cnc_lib] CMD enviado: G 42 386
[cnc_lib] CMD enviado: G 42 385
[cnc_lib] CMD enviado: G 41 384
[cnc_lib] CMD enviado: G 41 383
[cnc_lib] CMD enviado: G 40 382
[cnc_lib] CMD enviado: G 40 381
[cnc_lib] CMD enviado: G 38 379
[cnc_lib] CMD enviado: G 38 378
[cnc_lib] CMD enviado: G 35 375
[cnc_lib] CMD enviado: G 1 375
[cnc_lib] CMD enviado: U 0 0
[cnc_lib] Trazado completado (72 puntos)
[cnc_lib] Iniciando trazado: 3 puntos
[cnc_lib] CMD enviado: U 0 0
[cnc_lib] CMD enviado: G 1 375
[cnc_lib] CMD enviado: P 0 0
[cnc_lib] CMD enviado: G 0 374
[cnc_lib] CMD enviado: G 0 375
[cnc_lib] CMD enviado: U 0 0
[cnc_lib] Trazado completado (3 puntos)
[cnc_lib] Iniciando trazado: 2 puntos
[cnc_lib] CMD enviado: U 0 0
[cnc_lib] CMD enviado: G 0 375
[cnc_lib] CMD enviado: P 0 0
[cnc_lib] CMD enviado: G 1 375
[cnc_lib] CMD enviado: U 0 0
[cnc_lib] Trazado completado (2 puntos)
[cnc_lib] Iniciando trazado: 2 puntos
[cnc_lib] CMD enviado: U 0 0
[cnc_lib] CMD enviado: G 1 375
[cnc_lib] CMD enviado: P 0 0
[cnc_lib] CMD enviado: G 0 376
[cnc_lib] CMD enviado: U 0 0
[cnc_lib] Trazado completado (2 puntos)
[cnc_lib] Iniciando trazado: 2 puntos
[cnc_lib] CMD enviado: U 0 0
[cnc_lib] CMD enviado: G 0 376
[cnc_lib] CMD enviado: P 0 0
[cnc_lib] CMD enviado: G 0 375
[cnc_lib] CMD enviado: U 0 0
[cnc_lib] Trazado completado (2 puntos)
[cnc_lib] Iniciando trazado: 2 puntos
[cnc_lib] CMD enviado: U 0 0
[cnc_lib] CMD enviado: G 0 376
[cnc_lib] CMD enviado: P 0 0
[cnc_lib] CMD enviado: G 0 377
[cnc_lib] CMD enviado: U 0 0
[cnc_lib] Trazado completado (2 puntos)
[cnc_lib] Iniciando trazado: 3 puntos
[cnc_lib] CMD enviado: U 0 0
[cnc_lib] CMD enviado: G 0 384
[cnc_lib] CMD enviado: P 0 0
[cnc_lib] CMD enviado: G 0 383
[cnc_lib] CMD enviado: G 1 384
[cnc_lib] CMD enviado: U 0 0
[cnc_lib] Trazado completado (3 puntos)
[cnc_lib] Iniciando trazado: 2 puntos
[cnc_lib] CMD enviado: U 0 0
[cnc_lib] CMD enviado: G 1 384
[cnc_lib] CMD enviado: P 0 0
[cnc_lib] CMD enviado: G 0 384
[cnc_lib] CMD enviado: U 0 0
[cnc_lib] Trazado completado (2 puntos)
[cnc_lib] Iniciando trazado: 2 puntos
[cnc_lib] CMD enviado: U 0 0
[cnc_lib] CMD enviado: G 0 384
[cnc_lib] CMD enviado: P 0 0
[cnc_lib] CMD enviado: G 0 385
[cnc_lib] CMD enviado: U 0 0
[cnc_lib] Trazado completado (2 puntos)
[cnc_lib] Iniciando trazado: 2 puntos
[cnc_lib] CMD enviado: U 0 0
[cnc_lib] CMD enviado: G 0 385
[cnc_lib] CMD enviado: P 0 0
[cnc_lib] CMD enviado: G 1 384
[cnc_lib] CMD enviado: U 0 0
[cnc_lib] Trazado completado (2 puntos)
[cnc_lib] Iniciando trazado: 92 puntos
[cnc_lib] CMD enviado: U 0 0
[cnc_lib] CMD enviado: G 1 384
[cnc_lib] CMD enviado: P 0 0
[cnc_lib] CMD enviado: G 26 384
[cnc_lib] CMD enviado: G 29 387
[cnc_lib] CMD enviado: G 29 388
[cnc_lib] CMD enviado: G 31 390
[cnc_lib] CMD enviado: G 31 391
[cnc_lib] CMD enviado: G 32 392
[cnc_lib] CMD enviado: G 32 393
[cnc_lib] CMD enviado: G 33 394
[cnc_lib] CMD enviado: G 33 395
[cnc_lib] CMD enviado: G 35 397
[cnc_lib] CMD enviado: G 35 398
[cnc_lib] CMD enviado: G 36 399
[cnc_lib] CMD enviado: G 36 400
[cnc_lib] CMD enviado: G 37 401
[cnc_lib] CMD enviado: G 37 402
[cnc_lib] CMD enviado: G 38 403
[cnc_lib] CMD enviado: G 38 404
[cnc_lib] CMD enviado: G 40 406
[cnc_lib] CMD enviado: G 40 407
[cnc_lib] CMD enviado: G 41 408
[cnc_lib] CMD enviado: G 41 409
[cnc_lib] CMD enviado: G 42 410
[cnc_lib] CMD enviado: G 42 411
[cnc_lib] CMD enviado: G 44 413
[cnc_lib] CMD enviado: G 44 414
[cnc_lib] CMD enviado: G 45 415
[cnc_lib] CMD enviado: G 45 416
[cnc_lib] CMD enviado: G 46 417
[cnc_lib] CMD enviado: G 46 418
[cnc_lib] CMD enviado: G 48 420
[cnc_lib] CMD enviado: G 48 421
[cnc_lib] CMD enviado: G 49 422
[cnc_lib] CMD enviado: G 49 423
[cnc_lib] CMD enviado: G 50 424
[cnc_lib] CMD enviado: G 50 425
[cnc_lib] CMD enviado: G 51 426
[cnc_lib] CMD enviado: G 51 427
[cnc_lib] CMD enviado: G 53 429
[cnc_lib] CMD enviado: G 53 430
[cnc_lib] CMD enviado: G 54 431
[cnc_lib] CMD enviado: G 54 432
[cnc_lib] CMD enviado: G 55 433
[cnc_lib] CMD enviado: G 55 434
[cnc_lib] CMD enviado: G 57 436
[cnc_lib] CMD enviado: G 57 437
[cnc_lib] CMD enviado: G 58 438
[cnc_lib] CMD enviado: G 58 439
[cnc_lib] CMD enviado: G 59 440
[cnc_lib] CMD enviado: G 59 441
[cnc_lib] CMD enviado: G 60 442
[cnc_lib] CMD enviado: G 60 443
[cnc_lib] CMD enviado: G 62 445
[cnc_lib] CMD enviado: G 62 446
[cnc_lib] CMD enviado: G 63 447
[cnc_lib] CMD enviado: G 63 448
[cnc_lib] CMD enviado: G 64 449
[cnc_lib] CMD enviado: G 64 450
[cnc_lib] CMD enviado: G 66 452
[cnc_lib] CMD enviado: G 66 453
[cnc_lib] CMD enviado: G 67 454
[cnc_lib] CMD enviado: G 67 455
[cnc_lib] CMD enviado: G 68 456
[cnc_lib] CMD enviado: G 68 457
[cnc_lib] CMD enviado: G 70 459
[cnc_lib] CMD enviado: G 70 460
[cnc_lib] CMD enviado: G 71 461
[cnc_lib] CMD enviado: G 71 462
[cnc_lib] CMD enviado: G 72 463
[cnc_lib] CMD enviado: G 72 464
[cnc_lib] CMD enviado: G 74 466
[cnc_lib] CMD enviado: G 74 467
[cnc_lib] CMD enviado: G 75 468
[cnc_lib] CMD enviado: G 75 469
[cnc_lib] CMD enviado: G 76 470
[cnc_lib] CMD enviado: G 76 471
[cnc_lib] CMD enviado: G 77 472
[cnc_lib] CMD enviado: G 77 473
[cnc_lib] CMD enviado: G 79 475
[cnc_lib] CMD enviado: G 79 476
[cnc_lib] CMD enviado: G 80 477
[cnc_lib] CMD enviado: G 80 478
[cnc_lib] CMD enviado: G 81 479
[cnc_lib] CMD enviado: G 81 480
[cnc_lib] CMD enviado: G 83 482
[cnc_lib] CMD enviado: G 83 483
[cnc_lib] CMD enviado: G 84 484
[cnc_lib] CMD enviado: G 84 485
[cnc_lib] CMD enviado: G 85 486
[cnc_lib] CMD enviado: G 86 486
[cnc_lib] CMD enviado: G 87 487
[cnc_lib] CMD enviado: G 90 487
[cnc_lib] CMD enviado: U 0 0
[cnc_lib] Trazado completado (92 puntos)
[cnc_lib] Iniciando trazado: 8 puntos
[cnc_lib] CMD enviado: U 0 0
[cnc_lib] CMD enviado: G 90 487
[cnc_lib] CMD enviado: P 0 0
[cnc_lib] CMD enviado: G 97 480
[cnc_lib] CMD enviado: G 100 480
[cnc_lib] CMD enviado: G 101 481
[cnc_lib] CMD enviado: G 102 481
[cnc_lib] CMD enviado: G 104 483
[cnc_lib] CMD enviado: G 104 484
[cnc_lib] CMD enviado: G 107 487
[cnc_lib] CMD enviado: U 0 0
[cnc_lib] Trazado completado (8 puntos)
[cnc_lib] Iniciando trazado: 6 puntos
[cnc_lib] CMD enviado: U 0 0
[cnc_lib] CMD enviado: G 107 487
[cnc_lib] CMD enviado: P 0 0
[cnc_lib] CMD enviado: G 104 490
[cnc_lib] CMD enviado: G 104 491
[cnc_lib] CMD enviado: G 102 493
[cnc_lib] CMD enviado: G 96 493
[cnc_lib] CMD enviado: G 90 487
[cnc_lib] CMD enviado: U 0 0
[cnc_lib] Trazado completado (6 puntos)
[cnc_lib] Iniciando trazado: 2 puntos
[cnc_lib] CMD enviado: U 0 0
[cnc_lib] CMD enviado: G 107 487
[cnc_lib] CMD enviado: P 0 0
[cnc_lib] CMD enviado: G 111 487
[cnc_lib] CMD enviado: U 0 0
[cnc_lib] Trazado completado (2 puntos)
[cnc_lib] Iniciando trazado: 2 puntos
[cnc_lib] CMD enviado: U 0 0
[cnc_lib] CMD enviado: G 112 512
[cnc_lib] CMD enviado: P 0 0
[cnc_lib] CMD enviado: G 111 513
[cnc_lib] CMD enviado: U 0 0
[cnc_lib] Trazado completado (2 puntos)
[cnc_lib] Iniciando trazado: 4 puntos
[cnc_lib] CMD enviado: U 0 0
[cnc_lib] CMD enviado: G 111 513
[cnc_lib] CMD enviado: P 0 0
[cnc_lib] CMD enviado: G 109 513
[cnc_lib] CMD enviado: G 108 514
[cnc_lib] CMD enviado: G 107 514
[cnc_lib] CMD enviado: U 0 0
[cnc_lib] Trazado completado (4 puntos)
[cnc_lib] Iniciando trazado: 8 puntos
[cnc_lib] CMD enviado: U 0 0
[cnc_lib] CMD enviado: G 107 514
[cnc_lib] CMD enviado: P 0 0
[cnc_lib] CMD enviado: G 104 511
[cnc_lib] CMD enviado: G 104 510
[cnc_lib] CMD enviado: G 102 508
[cnc_lib] CMD enviado: G 101 508
[cnc_lib] CMD enviado: G 100 507
[cnc_lib] CMD enviado: G 97 507
[cnc_lib] CMD enviado: G 90 514
[cnc_lib] CMD enviado: U 0 0
[cnc_lib] Trazado completado (8 puntos)
[cnc_lib] Iniciando trazado: 108 puntos
[cnc_lib] CMD enviado: U 0 0
[cnc_lib] CMD enviado: G 90 514
[cnc_lib] CMD enviado: P 0 0
[cnc_lib] CMD enviado: G 89 514
[cnc_lib] CMD enviado: G 88 513
[cnc_lib] CMD enviado: G 86 513
[cnc_lib] CMD enviado: G 83 510
[cnc_lib] CMD enviado: G 83 509
[cnc_lib] CMD enviado: G 82 508
[cnc_lib] CMD enviado: G 82 507
[cnc_lib] CMD enviado: G 80 505
[cnc_lib] CMD enviado: G 80 504
[cnc_lib] CMD enviado: G 79 503
[cnc_lib] CMD enviado: G 79 502
[cnc_lib] CMD enviado: G 78 501
[cnc_lib] CMD enviado: G 78 500
[cnc_lib] CMD enviado: G 77 499
[cnc_lib] CMD enviado: G 77 498
[cnc_lib] CMD enviado: G 75 496
[cnc_lib] CMD enviado: G 75 495
[cnc_lib] CMD enviado: G 74 494
[cnc_lib] CMD enviado: G 74 493
[cnc_lib] CMD enviado: G 73 492
[cnc_lib] CMD enviado: G 73 491
[cnc_lib] CMD enviado: G 72 490
[cnc_lib] CMD enviado: G 72 489
[cnc_lib] CMD enviado: G 70 487
[cnc_lib] CMD enviado: G 70 486
[cnc_lib] CMD enviado: G 69 485
[cnc_lib] CMD enviado: G 69 484
[cnc_lib] CMD enviado: G 68 483
[cnc_lib] CMD enviado: G 68 482
[cnc_lib] CMD enviado: G 67 481
[cnc_lib] CMD enviado: G 67 480
[cnc_lib] CMD enviado: G 65 478
[cnc_lib] CMD enviado: G 65 477
[cnc_lib] CMD enviado: G 64 476
[cnc_lib] CMD enviado: G 64 475
[cnc_lib] CMD enviado: G 63 474
[cnc_lib] CMD enviado: G 63 473
[cnc_lib] CMD enviado: G 62 472
[cnc_lib] CMD enviado: G 62 471
[cnc_lib] CMD enviado: G 60 469
[cnc_lib] CMD enviado: G 60 468
[cnc_lib] CMD enviado: G 59 467
[cnc_lib] CMD enviado: G 59 466
[cnc_lib] CMD enviado: G 58 465
[cnc_lib] CMD enviado: G 58 464
[cnc_lib] CMD enviado: G 57 463
[cnc_lib] CMD enviado: G 57 462
[cnc_lib] CMD enviado: G 55 460
[cnc_lib] CMD enviado: G 55 459
[cnc_lib] CMD enviado: G 54 458
[cnc_lib] CMD enviado: G 54 457
[cnc_lib] CMD enviado: G 53 456
[cnc_lib] CMD enviado: G 53 455
[cnc_lib] CMD enviado: G 51 453
[cnc_lib] CMD enviado: G 51 452
[cnc_lib] CMD enviado: G 50 451
[cnc_lib] CMD enviado: G 50 450
[cnc_lib] CMD enviado: G 49 449
[cnc_lib] CMD enviado: G 49 448
[cnc_lib] CMD enviado: G 48 447
[cnc_lib] CMD enviado: G 48 446
[cnc_lib] CMD enviado: G 46 444
[cnc_lib] CMD enviado: G 46 443
[cnc_lib] CMD enviado: G 45 442
[cnc_lib] CMD enviado: G 45 441
[cnc_lib] CMD enviado: G 44 440
[cnc_lib] CMD enviado: G 44 439
[cnc_lib] CMD enviado: G 43 438
[cnc_lib] CMD enviado: G 43 437
[cnc_lib] CMD enviado: G 41 435
[cnc_lib] CMD enviado: G 41 434
[cnc_lib] CMD enviado: G 40 433
[cnc_lib] CMD enviado: G 40 432
[cnc_lib] CMD enviado: G 39 431
[cnc_lib] CMD enviado: G 39 430
[cnc_lib] CMD enviado: G 38 429
[cnc_lib] CMD enviado: G 38 428
[cnc_lib] CMD enviado: G 37 427
[cnc_lib] CMD enviado: G 37 426
[cnc_lib] CMD enviado: G 35 424
[cnc_lib] CMD enviado: G 35 423
[cnc_lib] CMD enviado: G 34 422
[cnc_lib] CMD enviado: G 34 421
[cnc_lib] CMD enviado: G 33 420
[cnc_lib] CMD enviado: G 33 419
[cnc_lib] CMD enviado: G 32 418
[cnc_lib] CMD enviado: G 32 417
[cnc_lib] CMD enviado: G 30 415
[cnc_lib] CMD enviado: G 30 414
[cnc_lib] CMD enviado: G 29 413
[cnc_lib] CMD enviado: G 29 412
[cnc_lib] CMD enviado: G 28 411
[cnc_lib] CMD enviado: G 28 410
[cnc_lib] CMD enviado: G 27 409
[cnc_lib] CMD enviado: G 27 408
[cnc_lib] CMD enviado: G 25 406
[cnc_lib] CMD enviado: G 25 405
[cnc_lib] CMD enviado: G 24 404
[cnc_lib] CMD enviado: G 24 403
[cnc_lib] CMD enviado: G 23 402
[cnc_lib] CMD enviado: G 23 401
[cnc_lib] CMD enviado: G 22 400
[cnc_lib] CMD enviado: G 22 399
[cnc_lib] CMD enviado: G 20 397
[cnc_lib] CMD enviado: G 20 396
[cnc_lib] CMD enviado: G 17 393
[cnc_lib] CMD enviado: G 1 393
[cnc_lib] CMD enviado: U 0 0
[cnc_lib] Trazado completado (108 puntos)
[cnc_lib] Iniciando trazado: 3 puntos
[cnc_lib] CMD enviado: U 0 0
[cnc_lib] CMD enviado: G 1 393
[cnc_lib] CMD enviado: P 0 0
[cnc_lib] CMD enviado: G 0 392
[cnc_lib] CMD enviado: G 0 393
[cnc_lib] CMD enviado: U 0 0
[cnc_lib] Trazado completado (3 puntos)
[cnc_lib] Iniciando trazado: 2 puntos
[cnc_lib] CMD enviado: U 0 0
[cnc_lib] CMD enviado: G 0 393
[cnc_lib] CMD enviado: P 0 0
[cnc_lib] CMD enviado: G 1 393
[cnc_lib] CMD enviado: U 0 0
[cnc_lib] Trazado completado (2 puntos)
[cnc_lib] Iniciando trazado: 2 puntos
[cnc_lib] CMD enviado: U 0 0
[cnc_lib] CMD enviado: G 1 393
[cnc_lib] CMD enviado: P 0 0
[cnc_lib] CMD enviado: G 0 394
[cnc_lib] CMD enviado: U 0 0
[cnc_lib] Trazado completado (2 puntos)
[cnc_lib] Iniciando trazado: 2 puntos
[cnc_lib] CMD enviado: U 0 0
[cnc_lib] CMD enviado: G 0 394
[cnc_lib] CMD enviado: P 0 0
[cnc_lib] CMD enviado: G 0 393
[cnc_lib] CMD enviado: U 0 0
[cnc_lib] Trazado completado (2 puntos)
[cnc_lib] Iniciando trazado: 2 puntos
[cnc_lib] CMD enviado: U 0 0
[cnc_lib] CMD enviado: G 0 394
[cnc_lib] CMD enviado: P 0 0
[cnc_lib] CMD enviado: G 0 395
[cnc_lib] CMD enviado: U 0 0
[cnc_lib] Trazado completado (2 puntos)
[cnc_lib] Iniciando trazado: 2 puntos
[cnc_lib] CMD enviado: U 0 0
[cnc_lib] CMD enviado: G 0 386
[cnc_lib] CMD enviado: P 0 0
[cnc_lib] CMD enviado: G 0 385
[cnc_lib] CMD enviado: U 0 0
[cnc_lib] Trazado completado (2 puntos)
[cnc_lib] Iniciando trazado: 2 puntos
[cnc_lib] CMD enviado: U 0 0
[cnc_lib] CMD enviado: G 0 368
[cnc_lib] CMD enviado: P 0 0
[cnc_lib] CMD enviado: G 0 367
[cnc_lib] CMD enviado: U 0 0
[cnc_lib] Trazado completado (2 puntos)
[cnc_lib] Iniciando trazado: 2 puntos
[cnc_lib] CMD enviado: U 0 0
[cnc_lib] CMD enviado: G 0 367
[cnc_lib] CMD enviado: P 0 0
[cnc_lib] CMD enviado: G 0 366
[cnc_lib] CMD enviado: U 0 0
[cnc_lib] Trazado completado (2 puntos)
[cnc_lib] Iniciando trazado: 3 puntos
[cnc_lib] CMD enviado: U 0 0
[cnc_lib] CMD enviado: G 0 366
[cnc_lib] CMD enviado: P 0 0
[cnc_lib] CMD enviado: G 0 365
[cnc_lib] CMD enviado: G 1 366
[cnc_lib] CMD enviado: U 0 0
[cnc_lib] Trazado completado (3 puntos)
[cnc_lib] Iniciando trazado: 2 puntos
[cnc_lib] CMD enviado: U 0 0
[cnc_lib] CMD enviado: G 1 366
[cnc_lib] CMD enviado: P 0 0
[cnc_lib] CMD enviado: G 0 366
[cnc_lib] CMD enviado: U 0 0
[cnc_lib] Trazado completado (2 puntos)
[cnc_lib] Iniciando trazado: 54 puntos
[cnc_lib] CMD enviado: U 0 0
[cnc_lib] CMD enviado: G 1 366
[cnc_lib] CMD enviado: P 0 0
[cnc_lib] CMD enviado: G 44 366
[cnc_lib] CMD enviado: G 47 369
[cnc_lib] CMD enviado: G 47 370
[cnc_lib] CMD enviado: G 49 372
[cnc_lib] CMD enviado: G 49 373
[cnc_lib] CMD enviado: G 50 374
[cnc_lib] CMD enviado: G 50 375
[cnc_lib] CMD enviado: G 52 377
[cnc_lib] CMD enviado: G 52 378
[cnc_lib] CMD enviado: G 53 379
[cnc_lib] CMD enviado: G 53 380
[cnc_lib] CMD enviado: G 55 382
[cnc_lib] CMD enviado: G 55 383
[cnc_lib] CMD enviado: G 56 384
[cnc_lib] CMD enviado: G 56 385
[cnc_lib] CMD enviado: G 58 387
[cnc_lib] CMD enviado: G 58 388
[cnc_lib] CMD enviado: G 59 389
[cnc_lib] CMD enviado: G 59 390
[cnc_lib] CMD enviado: G 61 392
[cnc_lib] CMD enviado: G 61 393
[cnc_lib] CMD enviado: G 62 394
[cnc_lib] CMD enviado: G 62 395
[cnc_lib] CMD enviado: G 64 397
[cnc_lib] CMD enviado: G 64 398
[cnc_lib] CMD enviado: G 65 399
[cnc_lib] CMD enviado: G 65 400
[cnc_lib] CMD enviado: G 67 402
[cnc_lib] CMD enviado: G 67 403
[cnc_lib] CMD enviado: G 68 404
[cnc_lib] CMD enviado: G 68 405
[cnc_lib] CMD enviado: G 70 407
[cnc_lib] CMD enviado: G 70 408
[cnc_lib] CMD enviado: G 71 409
[cnc_lib] CMD enviado: G 71 410
[cnc_lib] CMD enviado: G 73 412
[cnc_lib] CMD enviado: G 73 413
[cnc_lib] CMD enviado: G 74 414
[cnc_lib] CMD enviado: G 74 415
[cnc_lib] CMD enviado: G 76 417
[cnc_lib] CMD enviado: G 76 418
[cnc_lib] CMD enviado: G 77 419
[cnc_lib] CMD enviado: G 77 420
[cnc_lib] CMD enviado: G 79 422
[cnc_lib] CMD enviado: G 79 423
[cnc_lib] CMD enviado: G 80 424
[cnc_lib] CMD enviado: G 80 425
[cnc_lib] CMD enviado: G 82 427
[cnc_lib] CMD enviado: G 82 428
[cnc_lib] CMD enviado: G 83 429
[cnc_lib] CMD enviado: G 83 430
[cnc_lib] CMD enviado: G 86 433
[cnc_lib] CMD enviado: G 90 433
[cnc_lib] CMD enviado: U 0 0
[cnc_lib] Trazado completado (54 puntos)
[cnc_lib] Iniciando trazado: 2 puntos
[cnc_lib] CMD enviado: U 0 0
[cnc_lib] CMD enviado: G 90 433
[cnc_lib] CMD enviado: P 0 0
[cnc_lib] CMD enviado: G 91 433
[cnc_lib] CMD enviado: U 0 0
[cnc_lib] Trazado completado (2 puntos)
[cnc_lib] Iniciando trazado: 14 puntos
[cnc_lib] CMD enviado: U 0 0
[cnc_lib] CMD enviado: G 91 433
[cnc_lib] CMD enviado: P 0 0
[cnc_lib] CMD enviado: G 92 432
[cnc_lib] CMD enviado: G 92 431
[cnc_lib] CMD enviado: G 96 427
[cnc_lib] CMD enviado: G 97 427
[cnc_lib] CMD enviado: G 98 426
[cnc_lib] CMD enviado: G 100 426
[cnc_lib] CMD enviado: G 102 428
[cnc_lib] CMD enviado: G 103 428
[cnc_lib] CMD enviado: G 104 429
[cnc_lib] CMD enviado: G 104 430
[cnc_lib] CMD enviado: G 105 431
[cnc_lib] CMD enviado: G 105 432
[cnc_lib] CMD enviado: G 106 433
[cnc_lib] CMD enviado: U 0 0
[cnc_lib] Trazado completado (14 puntos)
[cnc_lib] Iniciando trazado: 2 puntos
[cnc_lib] CMD enviado: U 0 0
[cnc_lib] CMD enviado: G 106 433
[cnc_lib] CMD enviado: P 0 0
[cnc_lib] CMD enviado: G 107 433
[cnc_lib] CMD enviado: U 0 0
[cnc_lib] Trazado completado (2 puntos)
[cnc_lib] Iniciando trazado: 2 puntos
[cnc_lib] CMD enviado: U 0 0
[cnc_lib] CMD enviado: G 107 433
[cnc_lib] CMD enviado: P 0 0
[cnc_lib] CMD enviado: G 110 433
[cnc_lib] CMD enviado: U 0 0
[cnc_lib] Trazado completado (2 puntos)
[cnc_lib] Iniciando trazado: 2 puntos
[cnc_lib] CMD enviado: U 0 0
[cnc_lib] CMD enviado: G 110 433
[cnc_lib] CMD enviado: P 0 0
[cnc_lib] CMD enviado: G 111 433
[cnc_lib] CMD enviado: U 0 0
[cnc_lib] Trazado completado (2 puntos)
[cnc_lib] Iniciando trazado: 4 puntos
[cnc_lib] CMD enviado: U 0 0
[cnc_lib] CMD enviado: G 111 433
[cnc_lib] CMD enviado: P 0 0
[cnc_lib] CMD enviado: G 112 432
[cnc_lib] CMD enviado: G 112 408
[cnc_lib] CMD enviado: G 111 407
[cnc_lib] CMD enviado: U 0 0
[cnc_lib] Trazado completado (4 puntos)
[cnc_lib] Iniciando trazado: 2 puntos
[cnc_lib] CMD enviado: U 0 0
[cnc_lib] CMD enviado: G 111 407
[cnc_lib] CMD enviado: P 0 0
[cnc_lib] CMD enviado: G 110 406
[cnc_lib] CMD enviado: U 0 0
[cnc_lib] Trazado completado (2 puntos)
[cnc_lib] Iniciando trazado: 2 puntos
[cnc_lib] CMD enviado: U 0 0
[cnc_lib] CMD enviado: G 110 406
[cnc_lib] CMD enviado: P 0 0
[cnc_lib] CMD enviado: G 107 406
[cnc_lib] CMD enviado: U 0 0
[cnc_lib] Trazado completado (2 puntos)
[cnc_lib] Iniciando trazado: 2 puntos
[cnc_lib] CMD enviado: U 0 0
[cnc_lib] CMD enviado: G 107 406
[cnc_lib] CMD enviado: P 0 0
[cnc_lib] CMD enviado: G 106 406
[cnc_lib] CMD enviado: U 0 0
[cnc_lib] Trazado completado (2 puntos)
[cnc_lib] Iniciando trazado: 6 puntos
[cnc_lib] CMD enviado: U 0 0
[cnc_lib] CMD enviado: G 106 406
[cnc_lib] CMD enviado: P 0 0
[cnc_lib] CMD enviado: G 105 405
[cnc_lib] CMD enviado: G 105 404
[cnc_lib] CMD enviado: G 101 400
[cnc_lib] CMD enviado: G 97 400
[cnc_lib] CMD enviado: G 91 406
[cnc_lib] CMD enviado: U 0 0
[cnc_lib] Trazado completado (6 puntos)
[cnc_lib] Iniciando trazado: 2 puntos
[cnc_lib] CMD enviado: U 0 0
[cnc_lib] CMD enviado: G 91 406
[cnc_lib] CMD enviado: P 0 0
[cnc_lib] CMD enviado: G 90 406
[cnc_lib] CMD enviado: U 0 0
[cnc_lib] Trazado completado (2 puntos)
[cnc_lib] Iniciando trazado: 38 puntos
[cnc_lib] CMD enviado: U 0 0
[cnc_lib] CMD enviado: G 90 406
[cnc_lib] CMD enviado: P 0 0
[cnc_lib] CMD enviado: G 85 406
[cnc_lib] CMD enviado: G 84 405
[cnc_lib] CMD enviado: G 84 404
[cnc_lib] CMD enviado: G 82 402
[cnc_lib] CMD enviado: G 82 401
[cnc_lib] CMD enviado: G 80 399
[cnc_lib] CMD enviado: G 80 398
[cnc_lib] CMD enviado: G 79 397
[cnc_lib] CMD enviado: G 79 396
[cnc_lib] CMD enviado: G 77 394
[cnc_lib] CMD enviado: G 77 393
[cnc_lib] CMD enviado: G 75 391
[cnc_lib] CMD enviado: G 75 390
[cnc_lib] CMD enviado: G 73 388
[cnc_lib] CMD enviado: G 73 387
[cnc_lib] CMD enviado: G 72 386
[cnc_lib] CMD enviado: G 72 385
[cnc_lib] CMD enviado: G 70 383
[cnc_lib] CMD enviado: G 70 382
[cnc_lib] CMD enviado: G 68 380
[cnc_lib] CMD enviado: G 68 379
[cnc_lib] CMD enviado: G 66 377
[cnc_lib] CMD enviado: G 66 376
[cnc_lib] CMD enviado: G 65 375
[cnc_lib] CMD enviado: G 65 374
[cnc_lib] CMD enviado: G 63 372
[cnc_lib] CMD enviado: G 63 371
[cnc_lib] CMD enviado: G 61 369
[cnc_lib] CMD enviado: G 61 368
[cnc_lib] CMD enviado: G 60 367
[cnc_lib] CMD enviado: G 60 366
[cnc_lib] CMD enviado: G 58 364
[cnc_lib] CMD enviado: G 58 363
[cnc_lib] CMD enviado: G 56 361
[cnc_lib] CMD enviado: G 56 360
[cnc_lib] CMD enviado: G 53 357
[cnc_lib] CMD enviado: G 1 357
[cnc_lib] CMD enviado: U 0 0
[cnc_lib] Trazado completado (38 puntos)
[cnc_lib] Iniciando trazado: 3 puntos
[cnc_lib] CMD enviado: U 0 0
[cnc_lib] CMD enviado: G 1 357
[cnc_lib] CMD enviado: P 0 0
[cnc_lib] CMD enviado: G 0 356
[cnc_lib] CMD enviado: G 0 357
[cnc_lib] CMD enviado: U 0 0
[cnc_lib] Trazado completado (3 puntos)
[cnc_lib] Iniciando trazado: 2 puntos
[cnc_lib] CMD enviado: U 0 0
[cnc_lib] CMD enviado: G 0 357
[cnc_lib] CMD enviado: P 0 0
[cnc_lib] CMD enviado: G 1 357
[cnc_lib] CMD enviado: U 0 0
[cnc_lib] Trazado completado (2 puntos)
[cnc_lib] Iniciando trazado: 2 puntos
[cnc_lib] CMD enviado: U 0 0
[cnc_lib] CMD enviado: G 1 357
[cnc_lib] CMD enviado: P 0 0
[cnc_lib] CMD enviado: G 0 358
[cnc_lib] CMD enviado: U 0 0
[cnc_lib] Trazado completado (2 puntos)
[cnc_lib] Iniciando trazado: 2 puntos
[cnc_lib] CMD enviado: U 0 0
[cnc_lib] CMD enviado: G 0 358
[cnc_lib] CMD enviado: P 0 0
[cnc_lib] CMD enviado: G 0 357
[cnc_lib] CMD enviado: U 0 0
[cnc_lib] Trazado completado (2 puntos)
[cnc_lib] Iniciando trazado: 2 puntos
[cnc_lib] CMD enviado: U 0 0
[cnc_lib] CMD enviado: G 0 358
[cnc_lib] CMD enviado: P 0 0
[cnc_lib] CMD enviado: G 0 359
[cnc_lib] CMD enviado: U 0 0
[cnc_lib] Trazado completado (2 puntos)
[cnc_lib] Iniciando trazado: 2 puntos
[cnc_lib] CMD enviado: U 0 0
[cnc_lib] CMD enviado: G 1 366
[cnc_lib] CMD enviado: P 0 0
[cnc_lib] CMD enviado: G 0 367
[cnc_lib] CMD enviado: U 0 0
[cnc_lib] Trazado completado (2 puntos)
[cnc_lib] Iniciando trazado: 2 puntos
[cnc_lib] CMD enviado: U 0 0
[cnc_lib] CMD enviado: G 0 350
[cnc_lib] CMD enviado: P 0 0
[cnc_lib] CMD enviado: G 0 349
[cnc_lib] CMD enviado: U 0 0
[cnc_lib] Trazado completado (2 puntos)
[cnc_lib] Iniciando trazado: 2 puntos
[cnc_lib] CMD enviado: U 0 0
[cnc_lib] CMD enviado: G 0 270
[cnc_lib] CMD enviado: P 0 0
[cnc_lib] CMD enviado: G 0 269
[cnc_lib] CMD enviado: U 0 0
[cnc_lib] Trazado completado (2 puntos)
[cnc_lib] Iniciando trazado: 4 puntos
[cnc_lib] CMD enviado: U 0 0
[cnc_lib] CMD enviado: G 111 380
[cnc_lib] CMD enviado: P 0 0
[cnc_lib] CMD enviado: G 112 381
[cnc_lib] CMD enviado: G 112 405
[cnc_lib] CMD enviado: G 111 406
[cnc_lib] CMD enviado: U 0 0
[cnc_lib] Trazado completado (4 puntos)
[cnc_lib] Iniciando trazado: 2 puntos
[cnc_lib] CMD enviado: U 0 0
[cnc_lib] CMD enviado: G 111 406
[cnc_lib] CMD enviado: P 0 0
[cnc_lib] CMD enviado: G 110 406
[cnc_lib] CMD enviado: U 0 0
[cnc_lib] Trazado completado (2 puntos)
[cnc_lib] Iniciando trazado: 2 puntos
[cnc_lib] CMD enviado: U 0 0
[cnc_lib] CMD enviado: G 111 406
[cnc_lib] CMD enviado: P 0 0
[cnc_lib] CMD enviado: G 111 407
[cnc_lib] CMD enviado: U 0 0
[cnc_lib] Trazado completado (2 puntos)
[cnc_lib] Iniciando trazado: 2 puntos
[cnc_lib] CMD enviado: U 0 0
[cnc_lib] CMD enviado: G 107 406
[cnc_lib] CMD enviado: P 0 0
[cnc_lib] CMD enviado: G 106 407
[cnc_lib] CMD enviado: U 0 0
[cnc_lib] Trazado completado (2 puntos)
[cnc_lib] Iniciando trazado: 2 puntos
[cnc_lib] CMD enviado: U 0 0
[cnc_lib] CMD enviado: G 106 407
[cnc_lib] CMD enviado: P 0 0
[cnc_lib] CMD enviado: G 106 406
[cnc_lib] CMD enviado: U 0 0
[cnc_lib] Trazado completado (2 puntos)
[cnc_lib] Iniciando trazado: 13 puntos
[cnc_lib] CMD enviado: U 0 0
[cnc_lib] CMD enviado: G 106 407
[cnc_lib] CMD enviado: P 0 0
[cnc_lib] CMD enviado: G 106 408
[cnc_lib] CMD enviado: G 104 410
[cnc_lib] CMD enviado: G 104 411
[cnc_lib] CMD enviado: G 103 412
[cnc_lib] CMD enviado: G 102 412
[cnc_lib] CMD enviado: G 101 413
[cnc_lib] CMD enviado: G 97 413
[cnc_lib] CMD enviado: G 96 412
[cnc_lib] CMD enviado: G 95 412
[cnc_lib] CMD enviado: G 92 409
[cnc_lib] CMD enviado: G 92 408
[cnc_lib] CMD enviado: G 91 407
[cnc_lib] CMD enviado: U 0 0
[cnc_lib] Trazado completado (13 puntos)
[cnc_lib] Iniciando trazado: 2 puntos
[cnc_lib] CMD enviado: U 0 0
[cnc_lib] CMD enviado: G 91 407
[cnc_lib] CMD enviado: P 0 0
[cnc_lib] CMD enviado: G 90 406
[cnc_lib] CMD enviado: U 0 0
[cnc_lib] Trazado completado (2 puntos)
[cnc_lib] Iniciando trazado: 2 puntos
[cnc_lib] CMD enviado: U 0 0
[cnc_lib] CMD enviado: G 91 406
[cnc_lib] CMD enviado: P 0 0
[cnc_lib] CMD enviado: G 91 407
[cnc_lib] CMD enviado: U 0 0
[cnc_lib] Trazado completado (2 puntos)
[cnc_lib] Iniciando trazado: 2 puntos
[cnc_lib] CMD enviado: U 0 0
[cnc_lib] CMD enviado: G 91 433
[cnc_lib] CMD enviado: P 0 0
[cnc_lib] CMD enviado: G 91 434
[cnc_lib] CMD enviado: U 0 0
[cnc_lib] Trazado completado (2 puntos)
[cnc_lib] Iniciando trazado: 2 puntos
[cnc_lib] CMD enviado: U 0 0
[cnc_lib] CMD enviado: G 91 434
[cnc_lib] CMD enviado: P 0 0
[cnc_lib] CMD enviado: G 90 433
[cnc_lib] CMD enviado: U 0 0
[cnc_lib] Trazado completado (2 puntos)
[cnc_lib] Iniciando trazado: 14 puntos
[cnc_lib] CMD enviado: U 0 0
[cnc_lib] CMD enviado: G 91 434
[cnc_lib] CMD enviado: P 0 0
[cnc_lib] CMD enviado: G 92 435
[cnc_lib] CMD enviado: G 92 436
[cnc_lib] CMD enviado: G 95 439
[cnc_lib] CMD enviado: G 97 439
[cnc_lib] CMD enviado: G 98 440
[cnc_lib] CMD enviado: G 100 440
[cnc_lib] CMD enviado: G 101 439
[cnc_lib] CMD enviado: G 103 439
[cnc_lib] CMD enviado: G 104 438
[cnc_lib] CMD enviado: G 104 437
[cnc_lib] CMD enviado: G 105 436
[cnc_lib] CMD enviado: G 105 435
[cnc_lib] CMD enviado: G 106 434
[cnc_lib] CMD enviado: U 0 0
[cnc_lib] Trazado completado (14 puntos)
[cnc_lib] Iniciando trazado: 2 puntos
[cnc_lib] CMD enviado: U 0 0
[cnc_lib] CMD enviado: G 106 434
[cnc_lib] CMD enviado: P 0 0
[cnc_lib] CMD enviado: G 106 433
[cnc_lib] CMD enviado: U 0 0
[cnc_lib] Trazado completado (2 puntos)
[cnc_lib] Iniciando trazado: 2 puntos
[cnc_lib] CMD enviado: U 0 0
[cnc_lib] CMD enviado: G 107 433
[cnc_lib] CMD enviado: P 0 0
[cnc_lib] CMD enviado: G 106 434
[cnc_lib] CMD enviado: U 0 0
[cnc_lib] Trazado completado (2 puntos)
[cnc_lib] Iniciando trazado: 2 puntos
[cnc_lib] CMD enviado: U 0 0
[cnc_lib] CMD enviado: G 110 433
[cnc_lib] CMD enviado: P 0 0
[cnc_lib] CMD enviado: G 111 434
[cnc_lib] CMD enviado: U 0 0
[cnc_lib] Trazado completado (2 puntos)
[cnc_lib] Iniciando trazado: 2 puntos
[cnc_lib] CMD enviado: U 0 0
[cnc_lib] CMD enviado: G 111 434
[cnc_lib] CMD enviado: P 0 0
[cnc_lib] CMD enviado: G 111 433
[cnc_lib] CMD enviado: U 0 0
[cnc_lib] Trazado completado (2 puntos)
[cnc_lib] Iniciando trazado: 4 puntos
[cnc_lib] CMD enviado: U 0 0
[cnc_lib] CMD enviado: G 111 434
[cnc_lib] CMD enviado: P 0 0
[cnc_lib] CMD enviado: G 112 435
[cnc_lib] CMD enviado: G 112 459
[cnc_lib] CMD enviado: G 111 460
[cnc_lib] CMD enviado: U 0 0
[cnc_lib] Trazado completado (4 puntos)
[cnc_lib] Iniciando trazado: 2 puntos
[cnc_lib] CMD enviado: U 0 0
[cnc_lib] CMD enviado: G 111 460
[cnc_lib] CMD enviado: P 0 0
[cnc_lib] CMD enviado: G 110 460
[cnc_lib] CMD enviado: U 0 0
[cnc_lib] Trazado completado (2 puntos)
[cnc_lib] Iniciando trazado: 2 puntos
[cnc_lib] CMD enviado: U 0 0
[cnc_lib] CMD enviado: G 111 460
[cnc_lib] CMD enviado: P 0 0
[cnc_lib] CMD enviado: G 111 461
[cnc_lib] CMD enviado: U 0 0
[cnc_lib] Trazado completado (2 puntos)
[cnc_lib] Iniciando trazado: 6 puntos
[cnc_lib] CMD enviado: U 0 0
[cnc_lib] CMD enviado: G 107 460
[cnc_lib] CMD enviado: P 0 0
[cnc_lib] CMD enviado: G 104 463
[cnc_lib] CMD enviado: G 104 464
[cnc_lib] CMD enviado: G 102 466
[cnc_lib] CMD enviado: G 96 466
[cnc_lib] CMD enviado: G 91 461
[cnc_lib] CMD enviado: U 0 0
[cnc_lib] Trazado completado (6 puntos)
[cnc_lib] Iniciando trazado: 2 puntos
[cnc_lib] CMD enviado: U 0 0
[cnc_lib] CMD enviado: G 91 461
[cnc_lib] CMD enviado: P 0 0
[cnc_lib] CMD enviado: G 90 460
[cnc_lib] CMD enviado: U 0 0
[cnc_lib] Trazado completado (2 puntos)
[cnc_lib] Iniciando trazado: 2 puntos
[cnc_lib] CMD enviado: U 0 0
[cnc_lib] CMD enviado: G 91 460
[cnc_lib] CMD enviado: P 0 0
[cnc_lib] CMD enviado: G 91 461
[cnc_lib] CMD enviado: U 0 0
[cnc_lib] Trazado completado (2 puntos)
[cnc_lib] Iniciando trazado: 6 puntos
[cnc_lib] CMD enviado: U 0 0
[cnc_lib] CMD enviado: G 90 514
[cnc_lib] CMD enviado: P 0 0
[cnc_lib] CMD enviado: G 96 520
[cnc_lib] CMD enviado: G 102 520
[cnc_lib] CMD enviado: G 104 518
[cnc_lib] CMD enviado: G 104 517
[cnc_lib] CMD enviado: G 107 514
[cnc_lib] CMD enviado: U 0 0
[cnc_lib] Trazado completado (6 puntos)
[cnc_lib] Iniciando trazado: 2 puntos
[cnc_lib] CMD enviado: U 0 0
[cnc_lib] CMD enviado: G 111 513
[cnc_lib] CMD enviado: P 0 0
[cnc_lib] CMD enviado: G 112 513
[cnc_lib] CMD enviado: U 0 0
[cnc_lib] Trazado completado (2 puntos)
[cnc_lib] Iniciando trazado: 2 puntos
[cnc_lib] CMD enviado: U 0 0
[cnc_lib] CMD enviado: G 112 513
[cnc_lib] CMD enviado: P 0 0
[cnc_lib] CMD enviado: G 112 512
[cnc_lib] CMD enviado: U 0 0
[cnc_lib] Trazado completado (2 puntos)
[cnc_lib] Iniciando trazado: 2 puntos
[cnc_lib] CMD enviado: U 0 0
[cnc_lib] CMD enviado: G 112 513
[cnc_lib] CMD enviado: P 0 0
[cnc_lib] CMD enviado: G 113 513
[cnc_lib] CMD enviado: U 0 0
[cnc_lib] Trazado completado (2 puntos)
[cnc_lib] Iniciando trazado: 2 puntos
[cnc_lib] CMD enviado: U 0 0
[cnc_lib] CMD enviado: G 161 514
[cnc_lib] CMD enviado: P 0 0
[cnc_lib] CMD enviado: G 162 515
[cnc_lib] CMD enviado: U 0 0
[cnc_lib] Trazado completado (2 puntos)
[cnc_lib] Iniciando trazado: 2 puntos
[cnc_lib] CMD enviado: U 0 0
[cnc_lib] CMD enviado: G 162 515
[cnc_lib] CMD enviado: P 0 0
[cnc_lib] CMD enviado: G 162 514
[cnc_lib] CMD enviado: U 0 0
[cnc_lib] Trazado completado (2 puntos)
[cnc_lib] Iniciando trazado: 2 puntos
[cnc_lib] CMD enviado: U 0 0
[cnc_lib] CMD enviado: G 162 514
[cnc_lib] CMD enviado: P 0 0
[cnc_lib] CMD enviado: G 163 514
[cnc_lib] CMD enviado: U 0 0
[cnc_lib] Trazado completado (2 puntos)
[cnc_lib] Iniciando trazado: 2 puntos
[cnc_lib] CMD enviado: U 0 0
[cnc_lib] CMD enviado: G 163 514
[cnc_lib] CMD enviado: P 0 0
[cnc_lib] CMD enviado: G 163 513
[cnc_lib] CMD enviado: U 0 0
[cnc_lib] Trazado completado (2 puntos)
[cnc_lib] Iniciando trazado: 2 puntos
[cnc_lib] CMD enviado: U 0 0
[cnc_lib] CMD enviado: G 163 513
[cnc_lib] CMD enviado: P 0 0
[cnc_lib] CMD enviado: G 164 514
[cnc_lib] CMD enviado: U 0 0
[cnc_lib] Trazado completado (2 puntos)
[cnc_lib] Iniciando trazado: 2 puntos
[cnc_lib] CMD enviado: U 0 0
[cnc_lib] CMD enviado: G 164 514
[cnc_lib] CMD enviado: P 0 0
[cnc_lib] CMD enviado: G 163 514
[cnc_lib] CMD enviado: U 0 0
[cnc_lib] Trazado completado (2 puntos)
[cnc_lib] Iniciando trazado: 2 puntos
[cnc_lib] CMD enviado: U 0 0
[cnc_lib] CMD enviado: G 163 514
[cnc_lib] CMD enviado: P 0 0
[cnc_lib] CMD enviado: G 162 515
[cnc_lib] CMD enviado: U 0 0
[cnc_lib] Trazado completado (2 puntos)
[cnc_lib] Iniciando trazado: 7 puntos
[cnc_lib] CMD enviado: U 0 0
[cnc_lib] CMD enviado: G 162 515
[cnc_lib] CMD enviado: P 0 0
[cnc_lib] CMD enviado: G 162 517
[cnc_lib] CMD enviado: G 161 518
[cnc_lib] CMD enviado: G 161 568
[cnc_lib] CMD enviado: G 160 569
[cnc_lib] CMD enviado: G 160 570
[cnc_lib] CMD enviado: G 158 572
[cnc_lib] CMD enviado: U 0 0
[cnc_lib] Trazado completado (7 puntos)
[cnc_lib] Iniciando trazado: 48 puntos
[cnc_lib] CMD enviado: U 0 0
[cnc_lib] CMD enviado: G 158 572
[cnc_lib] CMD enviado: P 0 0
[cnc_lib] CMD enviado: G 90 572
[cnc_lib] CMD enviado: G 89 571
[cnc_lib] CMD enviado: G 86 571
[cnc_lib] CMD enviado: G 79 564
[cnc_lib] CMD enviado: G 79 563
[cnc_lib] CMD enviado: G 76 560
[cnc_lib] CMD enviado: G 76 559
[cnc_lib] CMD enviado: G 73 556
[cnc_lib] CMD enviado: G 73 555
[cnc_lib] CMD enviado: G 70 552
[cnc_lib] CMD enviado: G 70 551
[cnc_lib] CMD enviado: G 67 548
[cnc_lib] CMD enviado: G 67 547
[cnc_lib] CMD enviado: G 64 544
[cnc_lib] CMD enviado: G 64 543
[cnc_lib] CMD enviado: G 61 540
[cnc_lib] CMD enviado: G 61 539
[cnc_lib] CMD enviado: G 58 536
[cnc_lib] CMD enviado: G 58 535
[cnc_lib] CMD enviado: G 55 532
[cnc_lib] CMD enviado: G 55 531
[cnc_lib] CMD enviado: G 52 528
[cnc_lib] CMD enviado: G 52 527
[cnc_lib] CMD enviado: G 49 524
[cnc_lib] CMD enviado: G 49 523
[cnc_lib] CMD enviado: G 46 520
[cnc_lib] CMD enviado: G 46 519
[cnc_lib] CMD enviado: G 43 516
[cnc_lib] CMD enviado: G 43 515
[cnc_lib] CMD enviado: G 40 512
[cnc_lib] CMD enviado: G 40 511
[cnc_lib] CMD enviado: G 37 508
[cnc_lib] CMD enviado: G 37 507
[cnc_lib] CMD enviado: G 34 504
[cnc_lib] CMD enviado: G 34 503
[cnc_lib] CMD enviado: G 31 500
[cnc_lib] CMD enviado: G 31 499
[cnc_lib] CMD enviado: G 28 496
[cnc_lib] CMD enviado: G 28 495
[cnc_lib] CMD enviado: G 25 492
[cnc_lib] CMD enviado: G 25 491
[cnc_lib] CMD enviado: G 22 488
[cnc_lib] CMD enviado: G 22 487
[cnc_lib] CMD enviado: G 18 483
[cnc_lib] CMD enviado: G 17 483
[cnc_lib] CMD enviado: G 16 482
[cnc_lib] CMD enviado: G 1 482
[cnc_lib] CMD enviado: U 0 0
[cnc_lib] Trazado completado (48 puntos)
[cnc_lib] Iniciando trazado: 2 puntos
[cnc_lib] CMD enviado: U 0 0
[cnc_lib] CMD enviado: G 1 482
[cnc_lib] CMD enviado: P 0 0
[cnc_lib] CMD enviado: G 0 481
[cnc_lib] CMD enviado: U 0 0
[cnc_lib] Trazado completado (2 puntos)
[cnc_lib] Iniciando trazado: 2 puntos
[cnc_lib] CMD enviado: U 0 0
[cnc_lib] CMD enviado: G 0 481
[cnc_lib] CMD enviado: P 0 0
[cnc_lib] CMD enviado: G 0 479
[cnc_lib] CMD enviado: U 0 0
[cnc_lib] Trazado completado (2 puntos)
[cnc_lib] Iniciando trazado: 2 puntos
[cnc_lib] CMD enviado: U 0 0
[cnc_lib] CMD enviado: G 0 481
[cnc_lib] CMD enviado: P 0 0
[cnc_lib] CMD enviado: G 0 482
[cnc_lib] CMD enviado: U 0 0
[cnc_lib] Trazado completado (2 puntos)
[cnc_lib] Iniciando trazado: 2 puntos
[cnc_lib] CMD enviado: U 0 0
[cnc_lib] CMD enviado: G 0 482
[cnc_lib] CMD enviado: P 0 0
[cnc_lib] CMD enviado: G 1 482
[cnc_lib] CMD enviado: U 0 0
[cnc_lib] Trazado completado (2 puntos)
[cnc_lib] Iniciando trazado: 2 puntos
[cnc_lib] CMD enviado: U 0 0
[cnc_lib] CMD enviado: G 1 482
[cnc_lib] CMD enviado: P 0 0
[cnc_lib] CMD enviado: G 0 483
[cnc_lib] CMD enviado: U 0 0
[cnc_lib] Trazado completado (2 puntos)
[cnc_lib] Iniciando trazado: 2 puntos
[cnc_lib] CMD enviado: U 0 0
[cnc_lib] CMD enviado: G 0 483
[cnc_lib] CMD enviado: P 0 0
[cnc_lib] CMD enviado: G 0 482
[cnc_lib] CMD enviado: U 0 0
[cnc_lib] Trazado completado (2 puntos)
[cnc_lib] Iniciando trazado: 2 puntos
[cnc_lib] CMD enviado: U 0 0
[cnc_lib] CMD enviado: G 0 483
[cnc_lib] CMD enviado: P 0 0
[cnc_lib] CMD enviado: G 0 486
[cnc_lib] CMD enviado: U 0 0
[cnc_lib] Trazado completado (2 puntos)
[cnc_lib] Iniciando trazado: 3 puntos
[cnc_lib] CMD enviado: U 0 0
[cnc_lib] CMD enviado: G 0 612
[cnc_lib] CMD enviado: P 0 0
[cnc_lib] CMD enviado: G 0 611
[cnc_lib] CMD enviado: G 1 612
[cnc_lib] CMD enviado: U 0 0
[cnc_lib] Trazado completado (3 puntos)
[cnc_lib] Iniciando trazado: 2 puntos
[cnc_lib] CMD enviado: U 0 0
[cnc_lib] CMD enviado: G 1 612
[cnc_lib] CMD enviado: P 0 0
[cnc_lib] CMD enviado: G 0 612
[cnc_lib] CMD enviado: U 0 0
[cnc_lib] Trazado completado (2 puntos)
[cnc_lib] Iniciando trazado: 3 puntos
[cnc_lib] CMD enviado: U 0 0
[cnc_lib] CMD enviado: G 0 612
[cnc_lib] CMD enviado: P 0 0
[cnc_lib] CMD enviado: G 0 613
[cnc_lib] CMD enviado: G 1 612
[cnc_lib] CMD enviado: U 0 0
[cnc_lib] Trazado completado (3 puntos)
[cnc_lib] Iniciando trazado: 10 puntos
[cnc_lib] CMD enviado: U 0 0
[cnc_lib] CMD enviado: G 1 612
[cnc_lib] CMD enviado: P 0 0
[cnc_lib] CMD enviado: G 52 612
[cnc_lib] CMD enviado: G 53 611
[cnc_lib] CMD enviado: G 69 611
[cnc_lib] CMD enviado: G 70 612
[cnc_lib] CMD enviado: G 71 612
[cnc_lib] CMD enviado: G 72 613
[cnc_lib] CMD enviado: G 73 613
[cnc_lib] CMD enviado: G 85 625
[cnc_lib] CMD enviado: G 90 625
[cnc_lib] CMD enviado: U 0 0
[cnc_lib] Trazado completado (10 puntos)
[cnc_lib] Iniciando trazado: 10 puntos
[cnc_lib] CMD enviado: U 0 0
[cnc_lib] CMD enviado: G 90 625
[cnc_lib] CMD enviado: P 0 0
[cnc_lib] CMD enviado: G 96 619
[cnc_lib] CMD enviado: G 101 619
[cnc_lib] CMD enviado: G 102 620
[cnc_lib] CMD enviado: G 103 620
[cnc_lib] CMD enviado: G 104 621
[cnc_lib] CMD enviado: G 104 622
[cnc_lib] CMD enviado: G 105 623
[cnc_lib] CMD enviado: G 105 624
[cnc_lib] CMD enviado: G 106 625
[cnc_lib] CMD enviado: U 0 0
[cnc_lib] Trazado completado (10 puntos)
[cnc_lib] Iniciando trazado: 2 puntos
[cnc_lib] CMD enviado: U 0 0
[cnc_lib] CMD enviado: G 106 625
[cnc_lib] CMD enviado: P 0 0
[cnc_lib] CMD enviado: G 106 626
[cnc_lib] CMD enviado: U 0 0
[cnc_lib] Trazado completado (2 puntos)
[cnc_lib] Iniciando trazado: 6 puntos
[cnc_lib] CMD enviado: U 0 0
[cnc_lib] CMD enviado: G 106 626
[cnc_lib] CMD enviado: P 0 0
[cnc_lib] CMD enviado: G 105 627
[cnc_lib] CMD enviado: G 105 628
[cnc_lib] CMD enviado: G 102 631
[cnc_lib] CMD enviado: G 96 631
[cnc_lib] CMD enviado: G 90 625
[cnc_lib] CMD enviado: U 0 0
[cnc_lib] Trazado completado (6 puntos)
[cnc_lib] Iniciando trazado: 2 puntos
[cnc_lib] CMD enviado: U 0 0
[cnc_lib] CMD enviado: G 106 625
[cnc_lib] CMD enviado: P 0 0
[cnc_lib] CMD enviado: G 107 626
[cnc_lib] CMD enviado: U 0 0
[cnc_lib] Trazado completado (2 puntos)
[cnc_lib] Iniciando trazado: 2 puntos
[cnc_lib] CMD enviado: U 0 0
[cnc_lib] CMD enviado: G 107 626
[cnc_lib] CMD enviado: P 0 0
[cnc_lib] CMD enviado: G 106 626
[cnc_lib] CMD enviado: U 0 0
[cnc_lib] Trazado completado (2 puntos)
[cnc_lib] Iniciando trazado: 3 puntos
[cnc_lib] CMD enviado: U 0 0
[cnc_lib] CMD enviado: G 107 626
[cnc_lib] CMD enviado: P 0 0
[cnc_lib] CMD enviado: G 112 626
[cnc_lib] CMD enviado: G 113 627
[cnc_lib] CMD enviado: U 0 0
[cnc_lib] Trazado completado (3 puntos)
[cnc_lib] Iniciando trazado: 5 puntos
[cnc_lib] CMD enviado: U 0 0
[cnc_lib] CMD enviado: G 113 627
[cnc_lib] CMD enviado: P 0 0
[cnc_lib] CMD enviado: G 114 626
[cnc_lib] CMD enviado: G 115 626
[cnc_lib] CMD enviado: G 116 627
[cnc_lib] CMD enviado: G 117 627
[cnc_lib] CMD enviado: U 0 0
[cnc_lib] Trazado completado (5 puntos)
[cnc_lib] Iniciando trazado: 5 puntos
[cnc_lib] CMD enviado: U 0 0
[cnc_lib] CMD enviado: G 113 627
[cnc_lib] CMD enviado: P 0 0
[cnc_lib] CMD enviado: G 113 629
[cnc_lib] CMD enviado: G 112 630
[cnc_lib] CMD enviado: G 112 651
[cnc_lib] CMD enviado: G 111 652
[cnc_lib] CMD enviado: U 0 0
[cnc_lib] Trazado completado (5 puntos)
[cnc_lib] Iniciando trazado: 2 puntos
[cnc_lib] CMD enviado: U 0 0
[cnc_lib] CMD enviado: G 111 652
[cnc_lib] CMD enviado: P 0 0
[cnc_lib] CMD enviado: G 107 652
[cnc_lib] CMD enviado: U 0 0
[cnc_lib] Trazado completado (2 puntos)
[cnc_lib] Iniciando trazado: 8 puntos
[cnc_lib] CMD enviado: U 0 0
[cnc_lib] CMD enviado: G 107 652
[cnc_lib] CMD enviado: P 0 0
[cnc_lib] CMD enviado: G 104 649
[cnc_lib] CMD enviado: G 104 648
[cnc_lib] CMD enviado: G 103 647
[cnc_lib] CMD enviado: G 102 647
[cnc_lib] CMD enviado: G 100 645
[cnc_lib] CMD enviado: G 97 645
[cnc_lib] CMD enviado: G 90 652
[cnc_lib] CMD enviado: U 0 0
[cnc_lib] Trazado completado (8 puntos)
[cnc_lib] Iniciando trazado: 18 puntos
[cnc_lib] CMD enviado: U 0 0
[cnc_lib] CMD enviado: G 90 652
[cnc_lib] CMD enviado: P 0 0
[cnc_lib] CMD enviado: G 86 652
[cnc_lib] CMD enviado: G 82 648
[cnc_lib] CMD enviado: G 82 647
[cnc_lib] CMD enviado: G 79 644
[cnc_lib] CMD enviado: G 79 643
[cnc_lib] CMD enviado: G 77 641
[cnc_lib] CMD enviado: G 77 640
[cnc_lib] CMD enviado: G 74 637
[cnc_lib] CMD enviado: G 74 636
[cnc_lib] CMD enviado: G 72 634
[cnc_lib] CMD enviado: G 72 633
[cnc_lib] CMD enviado: G 69 630
[cnc_lib] CMD enviado: G 69 629
[cnc_lib] CMD enviado: G 67 627
[cnc_lib] CMD enviado: G 67 626
[cnc_lib] CMD enviado: G 62 621
[cnc_lib] CMD enviado: G 1 621
[cnc_lib] CMD enviado: U 0 0
[cnc_lib] Trazado completado (18 puntos)
[cnc_lib] Iniciando trazado: 3 puntos
[cnc_lib] CMD enviado: U 0 0
[cnc_lib] CMD enviado: G 1 621
[cnc_lib] CMD enviado: P 0 0
[cnc_lib] CMD enviado: G 0 620
[cnc_lib] CMD enviado: G 0 621
[cnc_lib] CMD enviado: U 0 0
[cnc_lib] Trazado completado (3 puntos)
[cnc_lib] Iniciando trazado: 2 puntos
[cnc_lib] CMD enviado: U 0 0
[cnc_lib] CMD enviado: G 0 621
[cnc_lib] CMD enviado: P 0 0
[cnc_lib] CMD enviado: G 1 621
[cnc_lib] CMD enviado: U 0 0
[cnc_lib] Trazado completado (2 puntos)
[cnc_lib] Iniciando trazado: 3 puntos
[cnc_lib] CMD enviado: U 0 0
[cnc_lib] CMD enviado: G 1 621
[cnc_lib] CMD enviado: P 0 0
[cnc_lib] CMD enviado: G 0 622
[cnc_lib] CMD enviado: G 0 621
[cnc_lib] CMD enviado: U 0 0
[cnc_lib] Trazado completado (3 puntos)
[cnc_lib] Iniciando trazado: 3 puntos
[cnc_lib] CMD enviado: U 0 0
[cnc_lib] CMD enviado: G 0 630
[cnc_lib] CMD enviado: P 0 0
[cnc_lib] CMD enviado: G 0 629
[cnc_lib] CMD enviado: G 1 630
[cnc_lib] CMD enviado: U 0 0
[cnc_lib] Trazado completado (3 puntos)
[cnc_lib] Iniciando trazado: 2 puntos
[cnc_lib] CMD enviado: U 0 0
[cnc_lib] CMD enviado: G 1 630
[cnc_lib] CMD enviado: P 0 0
[cnc_lib] CMD enviado: G 0 630
[cnc_lib] CMD enviado: U 0 0
[cnc_lib] Trazado completado (2 puntos)
[cnc_lib] Iniciando trazado: 3 puntos
[cnc_lib] CMD enviado: U 0 0
[cnc_lib] CMD enviado: G 0 630
[cnc_lib] CMD enviado: P 0 0
[cnc_lib] CMD enviado: G 0 631
[cnc_lib] CMD enviado: G 1 630
[cnc_lib] CMD enviado: U 0 0
[cnc_lib] Trazado completado (3 puntos)
[cnc_lib] Iniciando trazado: 38 puntos
[cnc_lib] CMD enviado: U 0 0
[cnc_lib] CMD enviado: G 1 630
[cnc_lib] CMD enviado: P 0 0
[cnc_lib] CMD enviado: G 53 630
[cnc_lib] CMD enviado: G 57 634
[cnc_lib] CMD enviado: G 57 635
[cnc_lib] CMD enviado: G 59 637
[cnc_lib] CMD enviado: G 59 638
[cnc_lib] CMD enviado: G 61 640
[cnc_lib] CMD enviado: G 61 641
[cnc_lib] CMD enviado: G 63 643
[cnc_lib] CMD enviado: G 63 644
[cnc_lib] CMD enviado: G 64 645
[cnc_lib] CMD enviado: G 64 646
[cnc_lib] CMD enviado: G 66 648
[cnc_lib] CMD enviado: G 66 649
[cnc_lib] CMD enviado: G 68 651
[cnc_lib] CMD enviado: G 68 652
[cnc_lib] CMD enviado: G 69 653
[cnc_lib] CMD enviado: G 69 654
[cnc_lib] CMD enviado: G 71 656
[cnc_lib] CMD enviado: G 71 657
[cnc_lib] CMD enviado: G 73 659
[cnc_lib] CMD enviado: G 73 660
[cnc_lib] CMD enviado: G 75 662
[cnc_lib] CMD enviado: G 75 663
[cnc_lib] CMD enviado: G 76 664
[cnc_lib] CMD enviado: G 76 665
[cnc_lib] CMD enviado: G 78 667
[cnc_lib] CMD enviado: G 78 668
[cnc_lib] CMD enviado: G 80 670
[cnc_lib] CMD enviado: G 80 671
[cnc_lib] CMD enviado: G 82 673
[cnc_lib] CMD enviado: G 82 674
[cnc_lib] CMD enviado: G 84 676
[cnc_lib] CMD enviado: G 84 677
[cnc_lib] CMD enviado: G 85 678
[cnc_lib] CMD enviado: G 86 678
[cnc_lib] CMD enviado: G 87 679
[cnc_lib] CMD enviado: G 90 679
[cnc_lib] CMD enviado: U 0 0
[cnc_lib] Trazado completado (38 puntos)
[cnc_lib] Iniciando trazado: 8 puntos
[cnc_lib] CMD enviado: U 0 0
[cnc_lib] CMD enviado: G 90 679
[cnc_lib] CMD enviado: P 0 0
[cnc_lib] CMD enviado: G 97 672
[cnc_lib] CMD enviado: G 100 672
[cnc_lib] CMD enviado: G 101 673
[cnc_lib] CMD enviado: G 102 673
[cnc_lib] CMD enviado: G 104 675
[cnc_lib] CMD enviado: G 104 676
[cnc_lib] CMD enviado: G 107 679
[cnc_lib] CMD enviado: U 0 0
[cnc_lib] Trazado completado (8 puntos)
[cnc_lib] Iniciando trazado: 6 puntos
[cnc_lib] CMD enviado: U 0 0
[cnc_lib] CMD enviado: G 107 679
[cnc_lib] CMD enviado: P 0 0
[cnc_lib] CMD enviado: G 104 682
[cnc_lib] CMD enviado: G 104 683
[cnc_lib] CMD enviado: G 102 685
[cnc_lib] CMD enviado: G 96 685
[cnc_lib] CMD enviado: G 90 679
[cnc_lib] CMD enviado: U 0 0
[cnc_lib] Trazado completado (6 puntos)
[cnc_lib] Iniciando trazado: 2 puntos
[cnc_lib] CMD enviado: U 0 0
[cnc_lib] CMD enviado: G 107 679
[cnc_lib] CMD enviado: P 0 0
[cnc_lib] CMD enviado: G 111 679
[cnc_lib] CMD enviado: U 0 0
[cnc_lib] Trazado completado (2 puntos)
[cnc_lib] Iniciando trazado: 4 puntos
[cnc_lib] CMD enviado: U 0 0
[cnc_lib] CMD enviado: G 111 679
[cnc_lib] CMD enviado: P 0 0
[cnc_lib] CMD enviado: G 112 678
[cnc_lib] CMD enviado: G 112 653
[cnc_lib] CMD enviado: G 111 652
[cnc_lib] CMD enviado: U 0 0
[cnc_lib] Trazado completado (4 puntos)
[cnc_lib] Iniciando trazado: 6 puntos
[cnc_lib] CMD enviado: U 0 0
[cnc_lib] CMD enviado: G 107 652
[cnc_lib] CMD enviado: P 0 0
[cnc_lib] CMD enviado: G 104 655
[cnc_lib] CMD enviado: G 104 656
[cnc_lib] CMD enviado: G 102 658
[cnc_lib] CMD enviado: G 96 658
[cnc_lib] CMD enviado: G 90 652
[cnc_lib] CMD enviado: U 0 0
[cnc_lib] Trazado completado (6 puntos)
[cnc_lib] Iniciando trazado: 4 puntos
[cnc_lib] CMD enviado: U 0 0
[cnc_lib] CMD enviado: G 111 679
[cnc_lib] CMD enviado: P 0 0
[cnc_lib] CMD enviado: G 112 680
[cnc_lib] CMD enviado: G 112 705
[cnc_lib] CMD enviado: G 111 706
[cnc_lib] CMD enviado: U 0 0
[cnc_lib] Trazado completado (4 puntos)
[cnc_lib] Iniciando trazado: 2 puntos
[cnc_lib] CMD enviado: U 0 0
[cnc_lib] CMD enviado: G 111 706
[cnc_lib] CMD enviado: P 0 0
[cnc_lib] CMD enviado: G 107 706
[cnc_lib] CMD enviado: U 0 0
[cnc_lib] Trazado completado (2 puntos)
[cnc_lib] Iniciando trazado: 8 puntos
[cnc_lib] CMD enviado: U 0 0
[cnc_lib] CMD enviado: G 107 706
[cnc_lib] CMD enviado: P 0 0
[cnc_lib] CMD enviado: G 104 703
[cnc_lib] CMD enviado: G 104 702
[cnc_lib] CMD enviado: G 102 700
[cnc_lib] CMD enviado: G 101 700
[cnc_lib] CMD enviado: G 100 699
[cnc_lib] CMD enviado: G 97 699
[cnc_lib] CMD enviado: G 91 705
[cnc_lib] CMD enviado: U 0 0
[cnc_lib] Trazado completado (8 puntos)
[cnc_lib] Iniciando trazado: 2 puntos
[cnc_lib] CMD enviado: U 0 0
[cnc_lib] CMD enviado: G 91 705
[cnc_lib] CMD enviado: P 0 0
[cnc_lib] CMD enviado: G 90 706
[cnc_lib] CMD enviado: U 0 0
[cnc_lib] Trazado completado (2 puntos)
[cnc_lib] Iniciando trazado: 60 puntos
[cnc_lib] CMD enviado: U 0 0
[cnc_lib] CMD enviado: G 90 706
[cnc_lib] CMD enviado: P 0 0
[cnc_lib] CMD enviado: G 88 706
[cnc_lib] CMD enviado: G 87 705
[cnc_lib] CMD enviado: G 85 705
[cnc_lib] CMD enviado: G 84 704
[cnc_lib] CMD enviado: G 84 703
[cnc_lib] CMD enviado: G 83 702
[cnc_lib] CMD enviado: G 83 701
[cnc_lib] CMD enviado: G 81 699
[cnc_lib] CMD enviado: G 81 698
[cnc_lib] CMD enviado: G 80 697
[cnc_lib] CMD enviado: G 80 696
[cnc_lib] CMD enviado: G 78 694
[cnc_lib] CMD enviado: G 78 693
[cnc_lib] CMD enviado: G 77 692
[cnc_lib] CMD enviado: G 77 691
[cnc_lib] CMD enviado: G 75 689
[cnc_lib] CMD enviado: G 75 688
[cnc_lib] CMD enviado: G 74 687
[cnc_lib] CMD enviado: G 74 686
[cnc_lib] CMD enviado: G 72 684
[cnc_lib] CMD enviado: G 72 683
[cnc_lib] CMD enviado: G 71 682
[cnc_lib] CMD enviado: G 71 681
[cnc_lib] CMD enviado: G 69 679
[cnc_lib] CMD enviado: G 69 678
[cnc_lib] CMD enviado: G 68 677
[cnc_lib] CMD enviado: G 68 676
[cnc_lib] CMD enviado: G 66 674
[cnc_lib] CMD enviado: G 66 673
[cnc_lib] CMD enviado: G 65 672
[cnc_lib] CMD enviado: G 65 671
[cnc_lib] CMD enviado: G 63 669
[cnc_lib] CMD enviado: G 63 668
[cnc_lib] CMD enviado: G 62 667
[cnc_lib] CMD enviado: G 62 666
[cnc_lib] CMD enviado: G 60 664
[cnc_lib] CMD enviado: G 60 663
[cnc_lib] CMD enviado: G 59 662
[cnc_lib] CMD enviado: G 59 661
[cnc_lib] CMD enviado: G 57 659
[cnc_lib] CMD enviado: G 57 658
[cnc_lib] CMD enviado: G 56 657
[cnc_lib] CMD enviado: G 56 656
[cnc_lib] CMD enviado: G 54 654
[cnc_lib] CMD enviado: G 54 653
[cnc_lib] CMD enviado: G 53 652
[cnc_lib] CMD enviado: G 53 651
[cnc_lib] CMD enviado: G 51 649
[cnc_lib] CMD enviado: G 51 648
[cnc_lib] CMD enviado: G 50 647
[cnc_lib] CMD enviado: G 50 646
[cnc_lib] CMD enviado: G 48 644
[cnc_lib] CMD enviado: G 48 643
[cnc_lib] CMD enviado: G 44 639
[cnc_lib] CMD enviado: G 43 639
[cnc_lib] CMD enviado: G 42 638
[cnc_lib] CMD enviado: G 39 638
[cnc_lib] CMD enviado: G 38 639
[cnc_lib] CMD enviado: G 1 639
[cnc_lib] CMD enviado: U 0 0
[cnc_lib] Trazado completado (60 puntos)
[cnc_lib] Iniciando trazado: 3 puntos
[cnc_lib] CMD enviado: U 0 0
[cnc_lib] CMD enviado: G 1 639
[cnc_lib] CMD enviado: P 0 0
[cnc_lib] CMD enviado: G 0 638
[cnc_lib] CMD enviado: G 0 639
[cnc_lib] CMD enviado: U 0 0
[cnc_lib] Trazado completado (3 puntos)
[cnc_lib] Iniciando trazado: 2 puntos
[cnc_lib] CMD enviado: U 0 0
[cnc_lib] CMD enviado: G 0 639
[cnc_lib] CMD enviado: P 0 0
[cnc_lib] CMD enviado: G 1 639
[cnc_lib] CMD enviado: U 0 0
[cnc_lib] Trazado completado (2 puntos)
[cnc_lib] Iniciando trazado: 3 puntos
[cnc_lib] CMD enviado: U 0 0
[cnc_lib] CMD enviado: G 1 639
[cnc_lib] CMD enviado: P 0 0
[cnc_lib] CMD enviado: G 0 640
[cnc_lib] CMD enviado: G 0 639
[cnc_lib] CMD enviado: U 0 0
[cnc_lib] Trazado completado (3 puntos)
[cnc_lib] Iniciando trazado: 3 puntos
[cnc_lib] CMD enviado: U 0 0
[cnc_lib] CMD enviado: G 0 647
[cnc_lib] CMD enviado: P 0 0
[cnc_lib] CMD enviado: G 0 646
[cnc_lib] CMD enviado: G 1 647
[cnc_lib] CMD enviado: U 0 0
[cnc_lib] Trazado completado (3 puntos)
[cnc_lib] Iniciando trazado: 2 puntos
[cnc_lib] CMD enviado: U 0 0
[cnc_lib] CMD enviado: G 1 647
[cnc_lib] CMD enviado: P 0 0
[cnc_lib] CMD enviado: G 0 647
[cnc_lib] CMD enviado: U 0 0
[cnc_lib] Trazado completado (2 puntos)
[cnc_lib] Iniciando trazado: 2 puntos
[cnc_lib] CMD enviado: U 0 0
[cnc_lib] CMD enviado: G 0 647
[cnc_lib] CMD enviado: P 0 0
[cnc_lib] CMD enviado: G 0 648
[cnc_lib] CMD enviado: U 0 0
[cnc_lib] Trazado completado (2 puntos)
[cnc_lib] Iniciando trazado: 2 puntos
[cnc_lib] CMD enviado: U 0 0
[cnc_lib] CMD enviado: G 0 648
[cnc_lib] CMD enviado: P 0 0
[cnc_lib] CMD enviado: G 1 647
[cnc_lib] CMD enviado: U 0 0
[cnc_lib] Trazado completado (2 puntos)
[cnc_lib] Iniciando trazado: 72 puntos
[cnc_lib] CMD enviado: U 0 0
[cnc_lib] CMD enviado: G 1 647
[cnc_lib] CMD enviado: P 0 0
[cnc_lib] CMD enviado: G 35 647
[cnc_lib] CMD enviado: G 38 650
[cnc_lib] CMD enviado: G 38 651
[cnc_lib] CMD enviado: G 39 652
[cnc_lib] CMD enviado: G 39 653
[cnc_lib] CMD enviado: G 41 655
[cnc_lib] CMD enviado: G 41 656
[cnc_lib] CMD enviado: G 42 657
[cnc_lib] CMD enviado: G 42 658
[cnc_lib] CMD enviado: G 43 659
[cnc_lib] CMD enviado: G 43 660
[cnc_lib] CMD enviado: G 45 662
[cnc_lib] CMD enviado: G 45 663
[cnc_lib] CMD enviado: G 46 664
[cnc_lib] CMD enviado: G 46 665
[cnc_lib] CMD enviado: G 47 666
[cnc_lib] CMD enviado: G 47 667
[cnc_lib] CMD enviado: G 49 669
[cnc_lib] CMD enviado: G 49 670
[cnc_lib] CMD enviado: G 50 671
[cnc_lib] CMD enviado: G 50 672
[cnc_lib] CMD enviado: G 52 674
[cnc_lib] CMD enviado: G 52 675
[cnc_lib] CMD enviado: G 53 676
[cnc_lib] CMD enviado: G 53 677
[cnc_lib] CMD enviado: G 54 678
[cnc_lib] CMD enviado: G 54 679
[cnc_lib] CMD enviado: G 56 681
[cnc_lib] CMD enviado: G 56 682
[cnc_lib] CMD enviado: G 57 683
[cnc_lib] CMD enviado: G 57 684
[cnc_lib] CMD enviado: G 58 685
[cnc_lib] CMD enviado: G 58 686
[cnc_lib] CMD enviado: G 60 688
[cnc_lib] CMD enviado: G 60 689
[cnc_lib] CMD enviado: G 61 690
[cnc_lib] CMD enviado: G 61 691
[cnc_lib] CMD enviado: G 63 693
[cnc_lib] CMD enviado: G 63 694
[cnc_lib] CMD enviado: G 64 695
[cnc_lib] CMD enviado: G 64 696
[cnc_lib] CMD enviado: G 65 697
[cnc_lib] CMD enviado: G 65 698
[cnc_lib] CMD enviado: G 67 700
[cnc_lib] CMD enviado: G 67 701
[cnc_lib] CMD enviado: G 68 702
[cnc_lib] CMD enviado: G 68 703
[cnc_lib] CMD enviado: G 69 704
[cnc_lib] CMD enviado: G 69 705
[cnc_lib] CMD enviado: G 71 707
[cnc_lib] CMD enviado: G 71 708
[cnc_lib] CMD enviado: G 72 709
[cnc_lib] CMD enviado: G 72 710
[cnc_lib] CMD enviado: G 74 712
[cnc_lib] CMD enviado: G 74 713
[cnc_lib] CMD enviado: G 75 714
[cnc_lib] CMD enviado: G 75 715
[cnc_lib] CMD enviado: G 76 716
[cnc_lib] CMD enviado: G 76 717
[cnc_lib] CMD enviado: G 78 719
[cnc_lib] CMD enviado: G 78 720
[cnc_lib] CMD enviado: G 79 721
[cnc_lib] CMD enviado: G 79 722
[cnc_lib] CMD enviado: G 81 724
[cnc_lib] CMD enviado: G 81 725
[cnc_lib] CMD enviado: G 82 726
[cnc_lib] CMD enviado: G 82 727
[cnc_lib] CMD enviado: G 83 728
[cnc_lib] CMD enviado: G 83 729
[cnc_lib] CMD enviado: G 86 732
[cnc_lib] CMD enviado: G 90 732
[cnc_lib] CMD enviado: U 0 0
[cnc_lib] Trazado completado (72 puntos)
[cnc_lib] Iniciando trazado: 2 puntos
[cnc_lib] CMD enviado: U 0 0
[cnc_lib] CMD enviado: G 90 732
[cnc_lib] CMD enviado: P 0 0
[cnc_lib] CMD enviado: G 91 732
[cnc_lib] CMD enviado: U 0 0
[cnc_lib] Trazado completado (2 puntos)
[cnc_lib] Iniciando trazado: 12 puntos
[cnc_lib] CMD enviado: U 0 0
[cnc_lib] CMD enviado: G 91 732
[cnc_lib] CMD enviado: P 0 0
[cnc_lib] CMD enviado: G 92 731
[cnc_lib] CMD enviado: G 92 730
[cnc_lib] CMD enviado: G 96 726
[cnc_lib] CMD enviado: G 101 726
[cnc_lib] CMD enviado: G 102 727
[cnc_lib] CMD enviado: G 103 727
[cnc_lib] CMD enviado: G 104 728
[cnc_lib] CMD enviado: G 104 729
[cnc_lib] CMD enviado: G 105 730
[cnc_lib] CMD enviado: G 105 731
[cnc_lib] CMD enviado: G 106 732
[cnc_lib] CMD enviado: U 0 0
[cnc_lib] Trazado completado (12 puntos)
[cnc_lib] Iniciando trazado: 2 puntos
[cnc_lib] CMD enviado: U 0 0
[cnc_lib] CMD enviado: G 106 732
[cnc_lib] CMD enviado: P 0 0
[cnc_lib] CMD enviado: G 107 732
[cnc_lib] CMD enviado: U 0 0
[cnc_lib] Trazado completado (2 puntos)
[cnc_lib] Iniciando trazado: 2 puntos
[cnc_lib] CMD enviado: U 0 0
[cnc_lib] CMD enviado: G 107 732
[cnc_lib] CMD enviado: P 0 0
[cnc_lib] CMD enviado: G 110 732
[cnc_lib] CMD enviado: U 0 0
[cnc_lib] Trazado completado (2 puntos)
[cnc_lib] Iniciando trazado: 2 puntos
[cnc_lib] CMD enviado: U 0 0
[cnc_lib] CMD enviado: G 110 732
[cnc_lib] CMD enviado: P 0 0
[cnc_lib] CMD enviado: G 111 732
[cnc_lib] CMD enviado: U 0 0
[cnc_lib] Trazado completado (2 puntos)
[cnc_lib] Iniciando trazado: 4 puntos
[cnc_lib] CMD enviado: U 0 0
[cnc_lib] CMD enviado: G 111 732
[cnc_lib] CMD enviado: P 0 0
[cnc_lib] CMD enviado: G 112 731
[cnc_lib] CMD enviado: G 112 707
[cnc_lib] CMD enviado: G 111 706
[cnc_lib] CMD enviado: U 0 0
[cnc_lib] Trazado completado (4 puntos)
[cnc_lib] Iniciando trazado: 10 puntos
[cnc_lib] CMD enviado: U 0 0
[cnc_lib] CMD enviado: G 107 706
[cnc_lib] CMD enviado: P 0 0
[cnc_lib] CMD enviado: G 104 709
[cnc_lib] CMD enviado: G 104 710
[cnc_lib] CMD enviado: G 103 711
[cnc_lib] CMD enviado: G 102 711
[cnc_lib] CMD enviado: G 101 712
[cnc_lib] CMD enviado: G 96 712
[cnc_lib] CMD enviado: G 92 708
[cnc_lib] CMD enviado: G 92 707
[cnc_lib] CMD enviado: G 91 706
[cnc_lib] CMD enviado: U 0 0
[cnc_lib] Trazado completado (10 puntos)
[cnc_lib] Iniciando trazado: 2 puntos
[cnc_lib] CMD enviado: U 0 0
[cnc_lib] CMD enviado: G 91 706
[cnc_lib] CMD enviado: P 0 0
[cnc_lib] CMD enviado: G 91 705
[cnc_lib] CMD enviado: U 0 0
[cnc_lib] Trazado completado (2 puntos)
[cnc_lib] Iniciando trazado: 2 puntos
[cnc_lib] CMD enviado: U 0 0
[cnc_lib] CMD enviado: G 91 706
[cnc_lib] CMD enviado: P 0 0
[cnc_lib] CMD enviado: G 90 706
[cnc_lib] CMD enviado: U 0 0
[cnc_lib] Trazado completado (2 puntos)
[cnc_lib] Iniciando trazado: 2 puntos
[cnc_lib] CMD enviado: U 0 0
[cnc_lib] CMD enviado: G 90 732
[cnc_lib] CMD enviado: P 0 0
[cnc_lib] CMD enviado: G 91 733
[cnc_lib] CMD enviado: U 0 0
[cnc_lib] Trazado completado (2 puntos)
[cnc_lib] Iniciando trazado: 2 puntos
[cnc_lib] CMD enviado: U 0 0
[cnc_lib] CMD enviado: G 91 733
[cnc_lib] CMD enviado: P 0 0
[cnc_lib] CMD enviado: G 91 732
[cnc_lib] CMD enviado: U 0 0
[cnc_lib] Trazado completado (2 puntos)
[cnc_lib] Iniciando trazado: 14 puntos
[cnc_lib] CMD enviado: U 0 0
[cnc_lib] CMD enviado: G 91 733
[cnc_lib] CMD enviado: P 0 0
[cnc_lib] CMD enviado: G 92 734
[cnc_lib] CMD enviado: G 92 735
[cnc_lib] CMD enviado: G 95 738
[cnc_lib] CMD enviado: G 96 738
[cnc_lib] CMD enviado: G 97 739
[cnc_lib] CMD enviado: G 100 739
[cnc_lib] CMD enviado: G 101 738
[cnc_lib] CMD enviado: G 103 738
[cnc_lib] CMD enviado: G 104 737
[cnc_lib] CMD enviado: G 104 736
[cnc_lib] CMD enviado: G 105 735
[cnc_lib] CMD enviado: G 105 734
[cnc_lib] CMD enviado: G 106 733
[cnc_lib] CMD enviado: U 0 0
[cnc_lib] Trazado completado (14 puntos)
[cnc_lib] Iniciando trazado: 2 puntos
[cnc_lib] CMD enviado: U 0 0
[cnc_lib] CMD enviado: G 106 733
[cnc_lib] CMD enviado: P 0 0
[cnc_lib] CMD enviado: G 106 732
[cnc_lib] CMD enviado: U 0 0
[cnc_lib] Trazado completado (2 puntos)
[cnc_lib] Iniciando trazado: 2 puntos
[cnc_lib] CMD enviado: U 0 0
[cnc_lib] CMD enviado: G 107 732
[cnc_lib] CMD enviado: P 0 0
[cnc_lib] CMD enviado: G 106 733
[cnc_lib] CMD enviado: U 0 0
[cnc_lib] Trazado completado (2 puntos)
[cnc_lib] Iniciando trazado: 2 puntos
[cnc_lib] CMD enviado: U 0 0
[cnc_lib] CMD enviado: G 110 732
[cnc_lib] CMD enviado: P 0 0
[cnc_lib] CMD enviado: G 111 733
[cnc_lib] CMD enviado: U 0 0
[cnc_lib] Trazado completado (2 puntos)
[cnc_lib] Iniciando trazado: 2 puntos
[cnc_lib] CMD enviado: U 0 0
[cnc_lib] CMD enviado: G 111 733
[cnc_lib] CMD enviado: P 0 0
[cnc_lib] CMD enviado: G 111 732
[cnc_lib] CMD enviado: U 0 0
[cnc_lib] Trazado completado (2 puntos)
[cnc_lib] Iniciando trazado: 4 puntos
[cnc_lib] CMD enviado: U 0 0
[cnc_lib] CMD enviado: G 111 733
[cnc_lib] CMD enviado: P 0 0
[cnc_lib] CMD enviado: G 112 734
[cnc_lib] CMD enviado: G 112 758
[cnc_lib] CMD enviado: G 111 759
[cnc_lib] CMD enviado: U 0 0
[cnc_lib] Trazado completado (4 puntos)
[cnc_lib] Iniciando trazado: 2 puntos
[cnc_lib] CMD enviado: U 0 0
[cnc_lib] CMD enviado: G 111 759
[cnc_lib] CMD enviado: P 0 0
[cnc_lib] CMD enviado: G 107 759
[cnc_lib] CMD enviado: U 0 0
[cnc_lib] Trazado completado (2 puntos)
[cnc_lib] Iniciando trazado: 10 puntos
[cnc_lib] CMD enviado: U 0 0
[cnc_lib] CMD enviado: G 107 759
[cnc_lib] CMD enviado: P 0 0
[cnc_lib] CMD enviado: G 104 756
[cnc_lib] CMD enviado: G 104 755
[cnc_lib] CMD enviado: G 103 754
[cnc_lib] CMD enviado: G 102 754
[cnc_lib] CMD enviado: G 100 752
[cnc_lib] CMD enviado: G 97 752
[cnc_lib] CMD enviado: G 92 757
[cnc_lib] CMD enviado: G 92 758
[cnc_lib] CMD enviado: G 91 759
[cnc_lib] CMD enviado: U 0 0
[cnc_lib] Trazado completado (10 puntos)
[cnc_lib] Iniciando trazado: 2 puntos
[cnc_lib] CMD enviado: U 0 0
[cnc_lib] CMD enviado: G 91 759
[cnc_lib] CMD enviado: P 0 0
[cnc_lib] CMD enviado: G 90 759
[cnc_lib] CMD enviado: U 0 0
[cnc_lib] Trazado completado (2 puntos)
[cnc_lib] Iniciando trazado: 90 puntos
[cnc_lib] CMD enviado: U 0 0
[cnc_lib] CMD enviado: G 90 759
[cnc_lib] CMD enviado: P 0 0
[cnc_lib] CMD enviado: G 86 759
[cnc_lib] CMD enviado: G 84 757
[cnc_lib] CMD enviado: G 84 756
[cnc_lib] CMD enviado: G 82 754
[cnc_lib] CMD enviado: G 82 753
[cnc_lib] CMD enviado: G 81 752
[cnc_lib] CMD enviado: G 81 751
[cnc_lib] CMD enviado: G 80 750
[cnc_lib] CMD enviado: G 80 749
[cnc_lib] CMD enviado: G 78 747
[cnc_lib] CMD enviado: G 78 746
[cnc_lib] CMD enviado: G 77 745
[cnc_lib] CMD enviado: G 77 744
[cnc_lib] CMD enviado: G 76 743
[cnc_lib] CMD enviado: G 76 742
[cnc_lib] CMD enviado: G 74 740
[cnc_lib] CMD enviado: G 74 739
[cnc_lib] CMD enviado: G 73 738
[cnc_lib] CMD enviado: G 73 737
[cnc_lib] CMD enviado: G 72 736
[cnc_lib] CMD enviado: G 72 735
[cnc_lib] CMD enviado: G 71 734
[cnc_lib] CMD enviado: G 71 733
[cnc_lib] CMD enviado: G 69 731
[cnc_lib] CMD enviado: G 69 730
[cnc_lib] CMD enviado: G 68 729
[cnc_lib] CMD enviado: G 68 728
[cnc_lib] CMD enviado: G 67 727
[cnc_lib] CMD enviado: G 67 726
[cnc_lib] CMD enviado: G 65 724
[cnc_lib] CMD enviado: G 65 723
[cnc_lib] CMD enviado: G 64 722
[cnc_lib] CMD enviado: G 64 721
[cnc_lib] CMD enviado: G 63 720
[cnc_lib] CMD enviado: G 63 719
[cnc_lib] CMD enviado: G 61 717
[cnc_lib] CMD enviado: G 61 716
[cnc_lib] CMD enviado: G 60 715
[cnc_lib] CMD enviado: G 60 714
[cnc_lib] CMD enviado: G 59 713
[cnc_lib] CMD enviado: G 59 712
[cnc_lib] CMD enviado: G 58 711
[cnc_lib] CMD enviado: G 58 710
[cnc_lib] CMD enviado: G 56 708
[cnc_lib] CMD enviado: G 56 707
[cnc_lib] CMD enviado: G 55 706
[cnc_lib] CMD enviado: G 55 705
[cnc_lib] CMD enviado: G 54 704
[cnc_lib] CMD enviado: G 54 703
[cnc_lib] CMD enviado: G 52 701
[cnc_lib] CMD enviado: G 52 700
[cnc_lib] CMD enviado: G 51 699
[cnc_lib] CMD enviado: G 51 698
[cnc_lib] CMD enviado: G 50 697
[cnc_lib] CMD enviado: G 50 696
[cnc_lib] CMD enviado: G 48 694
[cnc_lib] CMD enviado: G 48 693
[cnc_lib] CMD enviado: G 47 692
[cnc_lib] CMD enviado: G 47 691
[cnc_lib] CMD enviado: G 46 690
[cnc_lib] CMD enviado: G 46 689
[cnc_lib] CMD enviado: G 45 688
[cnc_lib] CMD enviado: G 45 687
[cnc_lib] CMD enviado: G 43 685
[cnc_lib] CMD enviado: G 43 684
[cnc_lib] CMD enviado: G 42 683
[cnc_lib] CMD enviado: G 42 682
[cnc_lib] CMD enviado: G 41 681
[cnc_lib] CMD enviado: G 41 680
[cnc_lib] CMD enviado: G 39 678
[cnc_lib] CMD enviado: G 39 677
[cnc_lib] CMD enviado: G 38 676
[cnc_lib] CMD enviado: G 38 675
[cnc_lib] CMD enviado: G 37 674
[cnc_lib] CMD enviado: G 37 673
[cnc_lib] CMD enviado: G 36 672
[cnc_lib] CMD enviado: G 36 671
[cnc_lib] CMD enviado: G 34 669
[cnc_lib] CMD enviado: G 34 668
[cnc_lib] CMD enviado: G 33 667
[cnc_lib] CMD enviado: G 33 666
[cnc_lib] CMD enviado: G 32 665
[cnc_lib] CMD enviado: G 32 664
[cnc_lib] CMD enviado: G 30 662
[cnc_lib] CMD enviado: G 30 661
[cnc_lib] CMD enviado: G 29 660
[cnc_lib] CMD enviado: G 29 659
[cnc_lib] CMD enviado: G 26 656
[cnc_lib] CMD enviado: G 1 656
[cnc_lib] CMD enviado: U 0 0
[cnc_lib] Trazado completado (90 puntos)
[cnc_lib] Iniciando trazado: 3 puntos
[cnc_lib] CMD enviado: U 0 0
[cnc_lib] CMD enviado: G 1 656
[cnc_lib] CMD enviado: P 0 0
[cnc_lib] CMD enviado: G 0 655
[cnc_lib] CMD enviado: G 0 656
[cnc_lib] CMD enviado: U 0 0
[cnc_lib] Trazado completado (3 puntos)
[cnc_lib] Iniciando trazado: 2 puntos
[cnc_lib] CMD enviado: U 0 0
[cnc_lib] CMD enviado: G 0 656
[cnc_lib] CMD enviado: P 0 0
[cnc_lib] CMD enviado: G 1 656
[cnc_lib] CMD enviado: U 0 0
[cnc_lib] Trazado completado (2 puntos)
[cnc_lib] Iniciando trazado: 2 puntos
[cnc_lib] CMD enviado: U 0 0
[cnc_lib] CMD enviado: G 1 656
[cnc_lib] CMD enviado: P 0 0
[cnc_lib] CMD enviado: G 0 657
[cnc_lib] CMD enviado: U 0 0
[cnc_lib] Trazado completado (2 puntos)
[cnc_lib] Iniciando trazado: 2 puntos
[cnc_lib] CMD enviado: U 0 0
[cnc_lib] CMD enviado: G 0 657
[cnc_lib] CMD enviado: P 0 0
[cnc_lib] CMD enviado: G 0 656
[cnc_lib] CMD enviado: U 0 0
[cnc_lib] Trazado completado (2 puntos)
[cnc_lib] Iniciando trazado: 2 puntos
[cnc_lib] CMD enviado: U 0 0
[cnc_lib] CMD enviado: G 0 657
[cnc_lib] CMD enviado: P 0 0
[cnc_lib] CMD enviado: G 0 658
[cnc_lib] CMD enviado: U 0 0
[cnc_lib] Trazado completado (2 puntos)
[cnc_lib] Iniciando trazado: 3 puntos
[cnc_lib] CMD enviado: U 0 0
[cnc_lib] CMD enviado: G 0 665
[cnc_lib] CMD enviado: P 0 0
[cnc_lib] CMD enviado: G 0 664
[cnc_lib] CMD enviado: G 1 665
[cnc_lib] CMD enviado: U 0 0
[cnc_lib] Trazado completado (3 puntos)
[cnc_lib] Iniciando trazado: 2 puntos
[cnc_lib] CMD enviado: U 0 0
[cnc_lib] CMD enviado: G 1 665
[cnc_lib] CMD enviado: P 0 0
[cnc_lib] CMD enviado: G 0 665
[cnc_lib] CMD enviado: U 0 0
[cnc_lib] Trazado completado (2 puntos)
[cnc_lib] Iniciando trazado: 2 puntos
[cnc_lib] CMD enviado: U 0 0
[cnc_lib] CMD enviado: G 0 665
[cnc_lib] CMD enviado: P 0 0
[cnc_lib] CMD enviado: G 0 666
[cnc_lib] CMD enviado: U 0 0
[cnc_lib] Trazado completado (2 puntos)
[cnc_lib] Iniciando trazado: 2 puntos
[cnc_lib] CMD enviado: U 0 0
[cnc_lib] CMD enviado: G 0 666
[cnc_lib] CMD enviado: P 0 0
[cnc_lib] CMD enviado: G 1 665
[cnc_lib] CMD enviado: U 0 0
[cnc_lib] Trazado completado (2 puntos)
[cnc_lib] Iniciando trazado: 108 puntos
[cnc_lib] CMD enviado: U 0 0
[cnc_lib] CMD enviado: G 1 665
[cnc_lib] CMD enviado: P 0 0
[cnc_lib] CMD enviado: G 17 665
[cnc_lib] CMD enviado: G 20 668
[cnc_lib] CMD enviado: G 20 669
[cnc_lib] CMD enviado: G 21 670
[cnc_lib] CMD enviado: G 21 671
[cnc_lib] CMD enviado: G 23 673
[cnc_lib] CMD enviado: G 23 674
[cnc_lib] CMD enviado: G 24 675
[cnc_lib] CMD enviado: G 24 676
[cnc_lib] CMD enviado: G 25 677
[cnc_lib] CMD enviado: G 25 678
[cnc_lib] CMD enviado: G 26 679
[cnc_lib] CMD enviado: G 26 680
[cnc_lib] CMD enviado: G 27 681
[cnc_lib] CMD enviado: G 27 682
[cnc_lib] CMD enviado: G 29 684
[cnc_lib] CMD enviado: G 29 685
[cnc_lib] CMD enviado: G 30 686
[cnc_lib] CMD enviado: G 30 687
[cnc_lib] CMD enviado: G 31 688
[cnc_lib] CMD enviado: G 31 689
[cnc_lib] CMD enviado: G 32 690
[cnc_lib] CMD enviado: G 32 691
[cnc_lib] CMD enviado: G 34 693
[cnc_lib] CMD enviado: G 34 694
[cnc_lib] CMD enviado: G 35 695
[cnc_lib] CMD enviado: G 35 696
[cnc_lib] CMD enviado: G 36 697
[cnc_lib] CMD enviado: G 36 698
[cnc_lib] CMD enviado: G 37 699
[cnc_lib] CMD enviado: G 37 700
[cnc_lib] CMD enviado: G 39 702
[cnc_lib] CMD enviado: G 39 703
[cnc_lib] CMD enviado: G 40 704
[cnc_lib] CMD enviado: G 40 705
[cnc_lib] CMD enviado: G 41 706
[cnc_lib] CMD enviado: G 41 707
[cnc_lib] CMD enviado: G 42 708
[cnc_lib] CMD enviado: G 42 709
[cnc_lib] CMD enviado: G 44 711
[cnc_lib] CMD enviado: G 44 712
[cnc_lib] CMD enviado: G 45 713
[cnc_lib] CMD enviado: G 45 714
[cnc_lib] CMD enviado: G 46 715
[cnc_lib] CMD enviado: G 46 716
[cnc_lib] CMD enviado: G 47 717
[cnc_lib] CMD enviado: G 47 718
[cnc_lib] CMD enviado: G 49 720
[cnc_lib] CMD enviado: G 49 721
[cnc_lib] CMD enviado: G 50 722
[cnc_lib] CMD enviado: G 50 723
[cnc_lib] CMD enviado: G 51 724
[cnc_lib] CMD enviado: G 51 725
[cnc_lib] CMD enviado: G 52 726
[cnc_lib] CMD enviado: G 52 727
[cnc_lib] CMD enviado: G 54 729
[cnc_lib] CMD enviado: G 54 730
[cnc_lib] CMD enviado: G 55 731
[cnc_lib] CMD enviado: G 55 732
[cnc_lib] CMD enviado: G 56 733
[cnc_lib] CMD enviado: G 56 734
[cnc_lib] CMD enviado: G 57 735
[cnc_lib] CMD enviado: G 57 736
[cnc_lib] CMD enviado: G 59 738
[cnc_lib] CMD enviado: G 59 739
[cnc_lib] CMD enviado: G 60 740
[cnc_lib] CMD enviado: G 60 741
[cnc_lib] CMD enviado: G 61 742
[cnc_lib] CMD enviado: G 61 743
[cnc_lib] CMD enviado: G 62 744
[cnc_lib] CMD enviado: G 62 745
[cnc_lib] CMD enviado: G 64 747
[cnc_lib] CMD enviado: G 64 748
[cnc_lib] CMD enviado: G 65 749
[cnc_lib] CMD enviado: G 65 750
[cnc_lib] CMD enviado: G 66 751
[cnc_lib] CMD enviado: G 66 752
[cnc_lib] CMD enviado: G 67 753
[cnc_lib] CMD enviado: G 67 754
[cnc_lib] CMD enviado: G 69 756
[cnc_lib] CMD enviado: G 69 757
[cnc_lib] CMD enviado: G 70 758
[cnc_lib] CMD enviado: G 70 759
[cnc_lib] CMD enviado: G 71 760
[cnc_lib] CMD enviado: G 71 761
[cnc_lib] CMD enviado: G 72 762
[cnc_lib] CMD enviado: G 72 763
[cnc_lib] CMD enviado: G 74 765
[cnc_lib] CMD enviado: G 74 766
[cnc_lib] CMD enviado: G 75 767
[cnc_lib] CMD enviado: G 75 768
[cnc_lib] CMD enviado: G 76 769
[cnc_lib] CMD enviado: G 76 770
[cnc_lib] CMD enviado: G 77 771
[cnc_lib] CMD enviado: G 77 772
[cnc_lib] CMD enviado: G 79 774
[cnc_lib] CMD enviado: G 79 775
[cnc_lib] CMD enviado: G 80 776
[cnc_lib] CMD enviado: G 80 777
[cnc_lib] CMD enviado: G 81 778
[cnc_lib] CMD enviado: G 81 779
[cnc_lib] CMD enviado: G 83 781
[cnc_lib] CMD enviado: G 83 782
[cnc_lib] CMD enviado: G 84 783
[cnc_lib] CMD enviado: G 84 784
[cnc_lib] CMD enviado: G 86 786
[cnc_lib] CMD enviado: G 90 786
[cnc_lib] CMD enviado: U 0 0
[cnc_lib] Trazado completado (108 puntos)
[cnc_lib] Iniciando trazado: 8 puntos
[cnc_lib] CMD enviado: U 0 0
[cnc_lib] CMD enviado: G 90 786
[cnc_lib] CMD enviado: P 0 0
[cnc_lib] CMD enviado: G 97 779
[cnc_lib] CMD enviado: G 100 779
[cnc_lib] CMD enviado: G 102 781
[cnc_lib] CMD enviado: G 103 781
[cnc_lib] CMD enviado: G 104 782
[cnc_lib] CMD enviado: G 104 783
[cnc_lib] CMD enviado: G 107 786
[cnc_lib] CMD enviado: U 0 0
[cnc_lib] Trazado completado (8 puntos)
[cnc_lib] Iniciando trazado: 3 puntos
[cnc_lib] CMD enviado: U 0 0
[cnc_lib] CMD enviado: G 107 786
[cnc_lib] CMD enviado: P 0 0
[cnc_lib] CMD enviado: G 111 786
[cnc_lib] CMD enviado: G 112 785
[cnc_lib] CMD enviado: U 0 0
[cnc_lib] Trazado completado (3 puntos)
[cnc_lib] Iniciando trazado: 2 puntos
[cnc_lib] CMD enviado: U 0 0
[cnc_lib] CMD enviado: G 112 785
[cnc_lib] CMD enviado: P 0 0
[cnc_lib] CMD enviado: G 112 784
[cnc_lib] CMD enviado: U 0 0
[cnc_lib] Trazado completado (2 puntos)
[cnc_lib] Iniciando trazado: 3 puntos
[cnc_lib] CMD enviado: U 0 0
[cnc_lib] CMD enviado: G 112 784
[cnc_lib] CMD enviado: P 0 0
[cnc_lib] CMD enviado: G 112 760
[cnc_lib] CMD enviado: G 111 759
[cnc_lib] CMD enviado: U 0 0
[cnc_lib] Trazado completado (3 puntos)
[cnc_lib] Iniciando trazado: 6 puntos
[cnc_lib] CMD enviado: U 0 0
[cnc_lib] CMD enviado: G 107 759
[cnc_lib] CMD enviado: P 0 0
[cnc_lib] CMD enviado: G 104 762
[cnc_lib] CMD enviado: G 104 763
[cnc_lib] CMD enviado: G 102 765
[cnc_lib] CMD enviado: G 96 765
[cnc_lib] CMD enviado: G 91 760
[cnc_lib] CMD enviado: U 0 0
[cnc_lib] Trazado completado (6 puntos)
[cnc_lib] Iniciando trazado: 2 puntos
[cnc_lib] CMD enviado: U 0 0
[cnc_lib] CMD enviado: G 91 760
[cnc_lib] CMD enviado: P 0 0
[cnc_lib] CMD enviado: G 90 759
[cnc_lib] CMD enviado: U 0 0
[cnc_lib] Trazado completado (2 puntos)
[cnc_lib] Iniciando trazado: 2 puntos
[cnc_lib] CMD enviado: U 0 0
[cnc_lib] CMD enviado: G 91 759
[cnc_lib] CMD enviado: P 0 0
[cnc_lib] CMD enviado: G 91 760
[cnc_lib] CMD enviado: U 0 0
[cnc_lib] Trazado completado (2 puntos)
[cnc_lib] Iniciando trazado: 6 puntos
[cnc_lib] CMD enviado: U 0 0
[cnc_lib] CMD enviado: G 90 786
[cnc_lib] CMD enviado: P 0 0
[cnc_lib] CMD enviado: G 96 792
[cnc_lib] CMD enviado: G 102 792
[cnc_lib] CMD enviado: G 104 790
[cnc_lib] CMD enviado: G 104 789
[cnc_lib] CMD enviado: G 107 786
[cnc_lib] CMD enviado: U 0 0
[cnc_lib] Trazado completado (6 puntos)
[cnc_lib] Iniciando trazado: 2 puntos
[cnc_lib] CMD enviado: U 0 0
[cnc_lib] CMD enviado: G 112 785
[cnc_lib] CMD enviado: P 0 0
[cnc_lib] CMD enviado: G 113 785
[cnc_lib] CMD enviado: U 0 0
[cnc_lib] Trazado completado (2 puntos)
[cnc_lib] Iniciando trazado: 2 puntos
[cnc_lib] CMD enviado: U 0 0
[cnc_lib] CMD enviado: G 113 785
[cnc_lib] CMD enviado: P 0 0
[cnc_lib] CMD enviado: G 112 784
[cnc_lib] CMD enviado: U 0 0
[cnc_lib] Trazado completado (2 puntos)
[cnc_lib] Iniciando trazado: 6 puntos
[cnc_lib] CMD enviado: U 0 0
[cnc_lib] CMD enviado: G 113 785
[cnc_lib] CMD enviado: P 0 0
[cnc_lib] CMD enviado: G 114 786
[cnc_lib] CMD enviado: G 160 786
[cnc_lib] CMD enviado: G 161 785
[cnc_lib] CMD enviado: G 162 785
[cnc_lib] CMD enviado: G 163 784
[cnc_lib] CMD enviado: U 0 0
[cnc_lib] Trazado completado (6 puntos)
[cnc_lib] Iniciando trazado: 6 puntos
[cnc_lib] CMD enviado: U 0 0
[cnc_lib] CMD enviado: G 163 784
[cnc_lib] CMD enviado: P 0 0
[cnc_lib] CMD enviado: G 162 783
[cnc_lib] CMD enviado: G 162 782
[cnc_lib] CMD enviado: G 161 781
[cnc_lib] CMD enviado: G 161 626
[cnc_lib] CMD enviado: G 160 625
[cnc_lib] CMD enviado: U 0 0
[cnc_lib] Trazado completado (6 puntos)
[cnc_lib] Iniciando trazado: 6 puntos
[cnc_lib] CMD enviado: U 0 0
[cnc_lib] CMD enviado: G 160 625
[cnc_lib] CMD enviado: P 0 0
[cnc_lib] CMD enviado: G 161 624
[cnc_lib] CMD enviado: G 161 576
[cnc_lib] CMD enviado: G 160 575
[cnc_lib] CMD enviado: G 160 574
[cnc_lib] CMD enviado: G 158 572
[cnc_lib] CMD enviado: U 0 0
[cnc_lib] Trazado completado (6 puntos)
[cnc_lib] Iniciando trazado: 6 puntos
[cnc_lib] CMD enviado: U 0 0
[cnc_lib] CMD enviado: G 160 625
[cnc_lib] CMD enviado: P 0 0
[cnc_lib] CMD enviado: G 136 625
[cnc_lib] CMD enviado: G 134 627
[cnc_lib] CMD enviado: G 134 629
[cnc_lib] CMD enviado: G 129 634
[cnc_lib] CMD enviado: G 123 634
[cnc_lib] CMD enviado: U 0 0
[cnc_lib] Trazado completado (6 puntos)
[cnc_lib] Iniciando trazado: 20 puntos
[cnc_lib] CMD enviado: U 0 0
[cnc_lib] CMD enviado: G 197 625
[cnc_lib] CMD enviado: P 0 0
[cnc_lib] CMD enviado: G 203 625
[cnc_lib] CMD enviado: G 204 624
[cnc_lib] CMD enviado: G 206 624
[cnc_lib] CMD enviado: G 207 623
[cnc_lib] CMD enviado: G 210 623
[cnc_lib] CMD enviado: G 211 622
[cnc_lib] CMD enviado: G 213 622
[cnc_lib] CMD enviado: G 214 621
[cnc_lib] CMD enviado: G 217 621
[cnc_lib] CMD enviado: G 218 620
[cnc_lib] CMD enviado: G 220 620
[cnc_lib] CMD enviado: G 221 619
[cnc_lib] CMD enviado: G 224 619
[cnc_lib] CMD enviado: G 225 618
[cnc_lib] CMD enviado: G 227 618
[cnc_lib] CMD enviado: G 228 617
[cnc_lib] CMD enviado: G 231 617
[cnc_lib] CMD enviado: G 232 616
[cnc_lib] CMD enviado: G 445 616
[cnc_lib] CMD enviado: U 0 0
[cnc_lib] Trazado completado (20 puntos)
[cnc_lib] Iniciando trazado: 18 puntos
[cnc_lib] CMD enviado: U 0 0
[cnc_lib] CMD enviado: G 445 603
[cnc_lib] CMD enviado: P 0 0
[cnc_lib] CMD enviado: G 301 603
[cnc_lib] CMD enviado: G 300 602
[cnc_lib] CMD enviado: G 298 602
[cnc_lib] CMD enviado: G 296 600
[cnc_lib] CMD enviado: G 295 600
[cnc_lib] CMD enviado: G 292 597
[cnc_lib] CMD enviado: G 291 597
[cnc_lib] CMD enviado: G 288 594
[cnc_lib] CMD enviado: G 287 594
[cnc_lib] CMD enviado: G 284 591
[cnc_lib] CMD enviado: G 283 591
[cnc_lib] CMD enviado: G 282 590
[cnc_lib] CMD enviado: G 281 590
[cnc_lib] CMD enviado: G 280 589
[cnc_lib] CMD enviado: G 244 589
[cnc_lib] CMD enviado: G 243 590
[cnc_lib] CMD enviado: G 241 590
[cnc_lib] CMD enviado: U 0 0
[cnc_lib] Trazado completado (18 puntos)
[cnc_lib] Iniciando trazado: 49 puntos
[cnc_lib] CMD enviado: U 0 0
[cnc_lib] CMD enviado: G 197 652
[cnc_lib] CMD enviado: P 0 0
[cnc_lib] CMD enviado: G 200 652
[cnc_lib] CMD enviado: G 201 651
[cnc_lib] CMD enviado: G 203 651
[cnc_lib] CMD enviado: G 204 650
[cnc_lib] CMD enviado: G 205 650
[cnc_lib] CMD enviado: G 206 649
[cnc_lib] CMD enviado: G 207 649
[cnc_lib] CMD enviado: G 208 648
[cnc_lib] CMD enviado: G 209 648
[cnc_lib] CMD enviado: G 210 647
[cnc_lib] CMD enviado: G 211 647
[cnc_lib] CMD enviado: G 213 645
[cnc_lib] CMD enviado: G 214 645
[cnc_lib] CMD enviado: G 215 644
[cnc_lib] CMD enviado: G 216 644
[cnc_lib] CMD enviado: G 217 643
[cnc_lib] CMD enviado: G 218 643
[cnc_lib] CMD enviado: G 219 642
[cnc_lib] CMD enviado: G 220 642
[cnc_lib] CMD enviado: G 222 640
[cnc_lib] CMD enviado: G 223 640
[cnc_lib] CMD enviado: G 224 639
[cnc_lib] CMD enviado: G 225 639
[cnc_lib] CMD enviado: G 226 638
[cnc_lib] CMD enviado: G 227 638
[cnc_lib] CMD enviado: G 228 637
[cnc_lib] CMD enviado: G 229 637
[cnc_lib] CMD enviado: G 231 635
[cnc_lib] CMD enviado: G 232 635
[cnc_lib] CMD enviado: G 233 634
[cnc_lib] CMD enviado: G 234 634
[cnc_lib] CMD enviado: G 235 633
[cnc_lib] CMD enviado: G 236 633
[cnc_lib] CMD enviado: G 237 632
[cnc_lib] CMD enviado: G 238 632
[cnc_lib] CMD enviado: G 239 631
[cnc_lib] CMD enviado: G 240 631
[cnc_lib] CMD enviado: G 241 630
[cnc_lib] CMD enviado: G 242 630
[cnc_lib] CMD enviado: G 243 629
[cnc_lib] CMD enviado: G 402 629
[cnc_lib] CMD enviado: G 403 630
[cnc_lib] CMD enviado: G 418 630
[cnc_lib] CMD enviado: G 419 629
[cnc_lib] CMD enviado: G 420 630
[cnc_lib] CMD enviado: G 423 630
[cnc_lib] CMD enviado: G 424 629
[cnc_lib] CMD enviado: G 445 629
[cnc_lib] CMD enviado: U 0 0
[cnc_lib] Trazado completado (49 puntos)
[cnc_lib] Iniciando trazado: 34 puntos
[cnc_lib] CMD enviado: U 0 0
[cnc_lib] CMD enviado: G 445 643
[cnc_lib] CMD enviado: P 0 0
[cnc_lib] CMD enviado: G 251 643
[cnc_lib] CMD enviado: G 250 644
[cnc_lib] CMD enviado: G 249 644
[cnc_lib] CMD enviado: G 247 646
[cnc_lib] CMD enviado: G 246 646
[cnc_lib] CMD enviado: G 243 649
[cnc_lib] CMD enviado: G 242 649
[cnc_lib] CMD enviado: G 239 652
[cnc_lib] CMD enviado: G 238 652
[cnc_lib] CMD enviado: G 236 654
[cnc_lib] CMD enviado: G 235 654
[cnc_lib] CMD enviado: G 232 657
[cnc_lib] CMD enviado: G 231 657
[cnc_lib] CMD enviado: G 228 660
[cnc_lib] CMD enviado: G 227 660
[cnc_lib] CMD enviado: G 225 662
[cnc_lib] CMD enviado: G 224 662
[cnc_lib] CMD enviado: G 221 665
[cnc_lib] CMD enviado: G 220 665
[cnc_lib] CMD enviado: G 217 668
[cnc_lib] CMD enviado: G 216 668
[cnc_lib] CMD enviado: G 214 670
[cnc_lib] CMD enviado: G 213 670
[cnc_lib] CMD enviado: G 210 673
[cnc_lib] CMD enviado: G 209 673
[cnc_lib] CMD enviado: G 207 675
[cnc_lib] CMD enviado: G 206 675
[cnc_lib] CMD enviado: G 204 677
[cnc_lib] CMD enviado: G 203 677
[cnc_lib] CMD enviado: G 202 678
[cnc_lib] CMD enviado: G 200 678
[cnc_lib] CMD enviado: G 199 679
[cnc_lib] CMD enviado: G 197 679
[cnc_lib] CMD enviado: U 0 0
[cnc_lib] Trazado completado (34 puntos)
[cnc_lib] Iniciando trazado: 30 puntos
[cnc_lib] CMD enviado: U 0 0
[cnc_lib] CMD enviado: G 197 706
[cnc_lib] CMD enviado: P 0 0
[cnc_lib] CMD enviado: G 198 706
[cnc_lib] CMD enviado: G 199 705
[cnc_lib] CMD enviado: G 202 705
[cnc_lib] CMD enviado: G 204 703
[cnc_lib] CMD enviado: G 205 703
[cnc_lib] CMD enviado: G 210 698
[cnc_lib] CMD enviado: G 211 698
[cnc_lib] CMD enviado: G 216 693
[cnc_lib] CMD enviado: G 217 693
[cnc_lib] CMD enviado: G 223 687
[cnc_lib] CMD enviado: G 224 687
[cnc_lib] CMD enviado: G 229 682
[cnc_lib] CMD enviado: G 230 682
[cnc_lib] CMD enviado: G 236 676
[cnc_lib] CMD enviado: G 237 676
[cnc_lib] CMD enviado: G 242 671
[cnc_lib] CMD enviado: G 243 671
[cnc_lib] CMD enviado: G 249 665
[cnc_lib] CMD enviado: G 250 665
[cnc_lib] CMD enviado: G 255 660
[cnc_lib] CMD enviado: G 256 660
[cnc_lib] CMD enviado: G 259 657
[cnc_lib] CMD enviado: G 260 657
[cnc_lib] CMD enviado: G 261 656
[cnc_lib] CMD enviado: G 419 656
[cnc_lib] CMD enviado: G 420 657
[cnc_lib] CMD enviado: G 421 657
[cnc_lib] CMD enviado: G 422 656
[cnc_lib] CMD enviado: G 445 656
[cnc_lib] CMD enviado: U 0 0
[cnc_lib] Trazado completado (30 puntos)
[cnc_lib] Iniciando trazado: 16 puntos
[cnc_lib] CMD enviado: U 0 0
[cnc_lib] CMD enviado: G 445 670
[cnc_lib] CMD enviado: P 0 0
[cnc_lib] CMD enviado: G 269 670
[cnc_lib] CMD enviado: G 268 671
[cnc_lib] CMD enviado: G 267 671
[cnc_lib] CMD enviado: G 254 684
[cnc_lib] CMD enviado: G 253 684
[cnc_lib] CMD enviado: G 238 699
[cnc_lib] CMD enviado: G 237 699
[cnc_lib] CMD enviado: G 224 712
[cnc_lib] CMD enviado: G 223 712
[cnc_lib] CMD enviado: G 210 725
[cnc_lib] CMD enviado: G 209 725
[cnc_lib] CMD enviado: G 203 731
[cnc_lib] CMD enviado: G 202 731
[cnc_lib] CMD enviado: G 201 732
[cnc_lib] CMD enviado: G 197 732
[cnc_lib] CMD enviado: U 0 0
[cnc_lib] Trazado completado (16 puntos)
[cnc_lib] Iniciando trazado: 6 puntos
[cnc_lib] CMD enviado: U 0 0
[cnc_lib] CMD enviado: G 197 759
[cnc_lib] CMD enviado: P 0 0
[cnc_lib] CMD enviado: G 201 759
[cnc_lib] CMD enviado: G 202 758
[cnc_lib] CMD enviado: G 203 758
[cnc_lib] CMD enviado: G 278 683
[cnc_lib] CMD enviado: G 445 683
[cnc_lib] CMD enviado: U 0 0
[cnc_lib] Trazado completado (6 puntos)
[cnc_lib] Iniciando trazado: 6 puntos
[cnc_lib] CMD enviado: U 0 0
[cnc_lib] CMD enviado: G 456 683
[cnc_lib] CMD enviado: P 0 0
[cnc_lib] CMD enviado: G 456 431
[cnc_lib] CMD enviado: G 458 429
[cnc_lib] CMD enviado: G 709 429
[cnc_lib] CMD enviado: G 710 430
[cnc_lib] CMD enviado: G 710 683
[cnc_lib] CMD enviado: U 0 0
[cnc_lib] Trazado completado (6 puntos)
[cnc_lib] Iniciando trazado: 2 puntos
[cnc_lib] CMD enviado: U 0 0
[cnc_lib] CMD enviado: G 700 683
[cnc_lib] CMD enviado: P 0 0
[cnc_lib] CMD enviado: G 466 683
[cnc_lib] CMD enviado: U 0 0
[cnc_lib] Trazado completado (2 puntos)
[cnc_lib] Iniciando trazado: 30 puntos
[cnc_lib] CMD enviado: U 0 0
[cnc_lib] CMD enviado: G 470 695
[cnc_lib] CMD enviado: P 0 0
[cnc_lib] CMD enviado: G 470 717
[cnc_lib] CMD enviado: G 469 718
[cnc_lib] CMD enviado: G 469 720
[cnc_lib] CMD enviado: G 470 721
[cnc_lib] CMD enviado: G 470 722
[cnc_lib] CMD enviado: G 469 723
[cnc_lib] CMD enviado: G 469 732
[cnc_lib] CMD enviado: G 464 737
[cnc_lib] CMD enviado: G 463 737
[cnc_lib] CMD enviado: G 459 741
[cnc_lib] CMD enviado: G 458 741
[cnc_lib] CMD enviado: G 454 745
[cnc_lib] CMD enviado: G 453 745
[cnc_lib] CMD enviado: G 449 749
[cnc_lib] CMD enviado: G 448 749
[cnc_lib] CMD enviado: G 447 750
[cnc_lib] CMD enviado: G 318 750
[cnc_lib] CMD enviado: G 313 755
[cnc_lib] CMD enviado: G 312 755
[cnc_lib] CMD enviado: G 297 770
[cnc_lib] CMD enviado: G 296 770
[cnc_lib] CMD enviado: G 282 784
[cnc_lib] CMD enviado: G 281 784
[cnc_lib] CMD enviado: G 267 798
[cnc_lib] CMD enviado: G 266 798
[cnc_lib] CMD enviado: G 254 810
[cnc_lib] CMD enviado: G 253 810
[cnc_lib] CMD enviado: G 251 812
[cnc_lib] CMD enviado: G 1 812
[cnc_lib] CMD enviado: U 0 0
[cnc_lib] Trazado completado (30 puntos)
[cnc_lib] Iniciando trazado: 3 puntos
[cnc_lib] CMD enviado: U 0 0
[cnc_lib] CMD enviado: G 1 812
[cnc_lib] CMD enviado: P 0 0
[cnc_lib] CMD enviado: G 0 811
[cnc_lib] CMD enviado: G 0 812
[cnc_lib] CMD enviado: U 0 0
[cnc_lib] Trazado completado (3 puntos)
[cnc_lib] Iniciando trazado: 2 puntos
[cnc_lib] CMD enviado: U 0 0
[cnc_lib] CMD enviado: G 0 812
[cnc_lib] CMD enviado: P 0 0
[cnc_lib] CMD enviado: G 1 812
[cnc_lib] CMD enviado: U 0 0
[cnc_lib] Trazado completado (2 puntos)
[cnc_lib] Iniciando trazado: 2 puntos
[cnc_lib] CMD enviado: U 0 0
[cnc_lib] CMD enviado: G 1 812
[cnc_lib] CMD enviado: P 0 0
[cnc_lib] CMD enviado: G 0 813
[cnc_lib] CMD enviado: U 0 0
[cnc_lib] Trazado completado (2 puntos)
[cnc_lib] Iniciando trazado: 2 puntos
[cnc_lib] CMD enviado: U 0 0
[cnc_lib] CMD enviado: G 0 813
[cnc_lib] CMD enviado: P 0 0
[cnc_lib] CMD enviado: G 0 812
[cnc_lib] CMD enviado: U 0 0
[cnc_lib] Trazado completado (2 puntos)
[cnc_lib] Iniciando trazado: 2 puntos
[cnc_lib] CMD enviado: U 0 0
[cnc_lib] CMD enviado: G 0 813
[cnc_lib] CMD enviado: P 0 0
[cnc_lib] CMD enviado: G 0 814
[cnc_lib] CMD enviado: U 0 0
[cnc_lib] Trazado completado (2 puntos)
[cnc_lib] Iniciando trazado: 3 puntos
[cnc_lib] CMD enviado: U 0 0
[cnc_lib] CMD enviado: G 0 821
[cnc_lib] CMD enviado: P 0 0
[cnc_lib] CMD enviado: G 0 820
[cnc_lib] CMD enviado: G 1 821
[cnc_lib] CMD enviado: U 0 0
[cnc_lib] Trazado completado (3 puntos)
[cnc_lib] Iniciando trazado: 26 puntos
[cnc_lib] CMD enviado: U 0 0
[cnc_lib] CMD enviado: G 1 821
[cnc_lib] CMD enviado: P 0 0
[cnc_lib] CMD enviado: G 255 821
[cnc_lib] CMD enviado: G 256 820
[cnc_lib] CMD enviado: G 257 820
[cnc_lib] CMD enviado: G 267 810
[cnc_lib] CMD enviado: G 268 810
[cnc_lib] CMD enviado: G 282 796
[cnc_lib] CMD enviado: G 283 796
[cnc_lib] CMD enviado: G 296 783
[cnc_lib] CMD enviado: G 297 783
[cnc_lib] CMD enviado: G 311 769
[cnc_lib] CMD enviado: G 312 769
[cnc_lib] CMD enviado: G 322 759
[cnc_lib] CMD enviado: G 456 759
[cnc_lib] CMD enviado: G 458 757
[cnc_lib] CMD enviado: G 459 757
[cnc_lib] CMD enviado: G 465 751
[cnc_lib] CMD enviado: G 466 751
[cnc_lib] CMD enviado: G 471 746
[cnc_lib] CMD enviado: G 472 746
[cnc_lib] CMD enviado: G 478 740
[cnc_lib] CMD enviado: G 479 740
[cnc_lib] CMD enviado: G 482 737
[cnc_lib] CMD enviado: G 482 736
[cnc_lib] CMD enviado: G 483 735
[cnc_lib] CMD enviado: G 483 695
[cnc_lib] CMD enviado: U 0 0
[cnc_lib] Trazado completado (26 puntos)
[cnc_lib] Iniciando trazado: 28 puntos
[cnc_lib] CMD enviado: U 0 0
[cnc_lib] CMD enviado: G 496 696
[cnc_lib] CMD enviado: P 0 0
[cnc_lib] CMD enviado: G 496 743
[cnc_lib] CMD enviado: G 491 748
[cnc_lib] CMD enviado: G 490 748
[cnc_lib] CMD enviado: G 487 751
[cnc_lib] CMD enviado: G 486 751
[cnc_lib] CMD enviado: G 482 755
[cnc_lib] CMD enviado: G 481 755
[cnc_lib] CMD enviado: G 477 759
[cnc_lib] CMD enviado: G 476 759
[cnc_lib] CMD enviado: G 473 762
[cnc_lib] CMD enviado: G 472 762
[cnc_lib] CMD enviado: G 468 766
[cnc_lib] CMD enviado: G 467 766
[cnc_lib] CMD enviado: G 465 768
[cnc_lib] CMD enviado: G 327 768
[cnc_lib] CMD enviado: G 326 769
[cnc_lib] CMD enviado: G 325 769
[cnc_lib] CMD enviado: G 311 783
[cnc_lib] CMD enviado: G 310 783
[cnc_lib] CMD enviado: G 296 797
[cnc_lib] CMD enviado: G 295 797
[cnc_lib] CMD enviado: G 281 811
[cnc_lib] CMD enviado: G 280 811
[cnc_lib] CMD enviado: G 266 825
[cnc_lib] CMD enviado: G 265 825
[cnc_lib] CMD enviado: G 260 830
[cnc_lib] CMD enviado: G 1 830
[cnc_lib] CMD enviado: U 0 0
[cnc_lib] Trazado completado (28 puntos)
[cnc_lib] Iniciando trazado: 3 puntos
[cnc_lib] CMD enviado: U 0 0
[cnc_lib] CMD enviado: G 1 830
[cnc_lib] CMD enviado: P 0 0
[cnc_lib] CMD enviado: G 0 829
[cnc_lib] CMD enviado: G 0 830
[cnc_lib] CMD enviado: U 0 0
[cnc_lib] Trazado completado (3 puntos)
[cnc_lib] Iniciando trazado: 2 puntos
[cnc_lib] CMD enviado: U 0 0
[cnc_lib] CMD enviado: G 0 830
[cnc_lib] CMD enviado: P 0 0
[cnc_lib] CMD enviado: G 1 830
[cnc_lib] CMD enviado: U 0 0
[cnc_lib] Trazado completado (2 puntos)
[cnc_lib] Iniciando trazado: 2 puntos
[cnc_lib] CMD enviado: U 0 0
[cnc_lib] CMD enviado: G 1 830
[cnc_lib] CMD enviado: P 0 0
[cnc_lib] CMD enviado: G 0 831
[cnc_lib] CMD enviado: U 0 0
[cnc_lib] Trazado completado (2 puntos)
[cnc_lib] Iniciando trazado: 2 puntos
[cnc_lib] CMD enviado: U 0 0
[cnc_lib] CMD enviado: G 0 831
[cnc_lib] CMD enviado: P 0 0
[cnc_lib] CMD enviado: G 0 830
[cnc_lib] CMD enviado: U 0 0
[cnc_lib] Trazado completado (2 puntos)
[cnc_lib] Iniciando trazado: 2 puntos
[cnc_lib] CMD enviado: U 0 0
[cnc_lib] CMD enviado: G 0 831
[cnc_lib] CMD enviado: P 0 0
[cnc_lib] CMD enviado: G 0 832
[cnc_lib] CMD enviado: U 0 0
[cnc_lib] Trazado completado (2 puntos)
[cnc_lib] Iniciando trazado: 3 puntos
[cnc_lib] CMD enviado: U 0 0
[cnc_lib] CMD enviado: G 0 839
[cnc_lib] CMD enviado: P 0 0
[cnc_lib] CMD enviado: G 0 838
[cnc_lib] CMD enviado: G 1 839
[cnc_lib] CMD enviado: U 0 0
[cnc_lib] Trazado completado (3 puntos)
[cnc_lib] Iniciando trazado: 37 puntos
[cnc_lib] CMD enviado: U 0 0
[cnc_lib] CMD enviado: G 1 839
[cnc_lib] CMD enviado: P 0 0
[cnc_lib] CMD enviado: G 264 839
[cnc_lib] CMD enviado: G 265 838
[cnc_lib] CMD enviado: G 266 838
[cnc_lib] CMD enviado: G 278 826
[cnc_lib] CMD enviado: G 279 826
[cnc_lib] CMD enviado: G 293 812
[cnc_lib] CMD enviado: G 294 812
[cnc_lib] CMD enviado: G 308 798
[cnc_lib] CMD enviado: G 309 798
[cnc_lib] CMD enviado: G 324 783
[cnc_lib] CMD enviado: G 325 783
[cnc_lib] CMD enviado: G 331 777
[cnc_lib] CMD enviado: G 473 777
[cnc_lib] CMD enviado: G 474 776
[cnc_lib] CMD enviado: G 475 776
[cnc_lib] CMD enviado: G 476 775
[cnc_lib] CMD enviado: G 477 775
[cnc_lib] CMD enviado: G 480 772
[cnc_lib] CMD enviado: G 481 772
[cnc_lib] CMD enviado: G 484 769
[cnc_lib] CMD enviado: G 485 769
[cnc_lib] CMD enviado: G 488 766
[cnc_lib] CMD enviado: G 489 766
[cnc_lib] CMD enviado: G 492 763
[cnc_lib] CMD enviado: G 493 763
[cnc_lib] CMD enviado: G 496 760
[cnc_lib] CMD enviado: G 497 760
[cnc_lib] CMD enviado: G 500 757
[cnc_lib] CMD enviado: G 501 757
[cnc_lib] CMD enviado: G 504 754
[cnc_lib] CMD enviado: G 505 754
[cnc_lib] CMD enviado: G 510 749
[cnc_lib] CMD enviado: G 510 720
[cnc_lib] CMD enviado: G 509 719
[cnc_lib] CMD enviado: G 510 718
[cnc_lib] CMD enviado: G 510 695
[cnc_lib] CMD enviado: U 0 0
[cnc_lib] Trazado completado (37 puntos)
[cnc_lib] Iniciando trazado: 38 puntos
[cnc_lib] CMD enviado: U 0 0
[cnc_lib] CMD enviado: G 523 695
[cnc_lib] CMD enviado: P 0 0
[cnc_lib] CMD enviado: G 523 756
[cnc_lib] CMD enviado: G 519 760
[cnc_lib] CMD enviado: G 518 760
[cnc_lib] CMD enviado: G 515 763
[cnc_lib] CMD enviado: G 514 763
[cnc_lib] CMD enviado: G 511 766
[cnc_lib] CMD enviado: G 510 766
[cnc_lib] CMD enviado: G 508 768
[cnc_lib] CMD enviado: G 507 768
[cnc_lib] CMD enviado: G 504 771
[cnc_lib] CMD enviado: G 503 771
[cnc_lib] CMD enviado: G 501 773
[cnc_lib] CMD enviado: G 500 773
[cnc_lib] CMD enviado: G 497 776
[cnc_lib] CMD enviado: G 496 776
[cnc_lib] CMD enviado: G 493 779
[cnc_lib] CMD enviado: G 492 779
[cnc_lib] CMD enviado: G 490 781
[cnc_lib] CMD enviado: G 489 781
[cnc_lib] CMD enviado: G 486 784
[cnc_lib] CMD enviado: G 485 784
[cnc_lib] CMD enviado: G 484 785
[cnc_lib] CMD enviado: G 483 785
[cnc_lib] CMD enviado: G 482 786
[cnc_lib] CMD enviado: G 336 786
[cnc_lib] CMD enviado: G 335 787
[cnc_lib] CMD enviado: G 334 787
[cnc_lib] CMD enviado: G 321 800
[cnc_lib] CMD enviado: G 320 800
[cnc_lib] CMD enviado: G 306 814
[cnc_lib] CMD enviado: G 305 814
[cnc_lib] CMD enviado: G 291 828
[cnc_lib] CMD enviado: G 290 828
[cnc_lib] CMD enviado: G 275 843
[cnc_lib] CMD enviado: G 274 843
[cnc_lib] CMD enviado: G 269 848
[cnc_lib] CMD enviado: G 1 848
[cnc_lib] CMD enviado: U 0 0
[cnc_lib] Trazado completado (38 puntos)
[cnc_lib] Iniciando trazado: 3 puntos
[cnc_lib] CMD enviado: U 0 0
[cnc_lib] CMD enviado: G 1 848
[cnc_lib] CMD enviado: P 0 0
[cnc_lib] CMD enviado: G 0 847
[cnc_lib] CMD enviado: G 0 848
[cnc_lib] CMD enviado: U 0 0
[cnc_lib] Trazado completado (3 puntos)
[cnc_lib] Iniciando trazado: 2 puntos
[cnc_lib] CMD enviado: U 0 0
[cnc_lib] CMD enviado: G 0 848
[cnc_lib] CMD enviado: P 0 0
[cnc_lib] CMD enviado: G 1 848
[cnc_lib] CMD enviado: U 0 0
[cnc_lib] Trazado completado (2 puntos)
[cnc_lib] Iniciando trazado: 2 puntos
[cnc_lib] CMD enviado: U 0 0
[cnc_lib] CMD enviado: G 1 848
[cnc_lib] CMD enviado: P 0 0
[cnc_lib] CMD enviado: G 0 849
[cnc_lib] CMD enviado: U 0 0
[cnc_lib] Trazado completado (2 puntos)
[cnc_lib] Iniciando trazado: 2 puntos
[cnc_lib] CMD enviado: U 0 0
[cnc_lib] CMD enviado: G 0 849
[cnc_lib] CMD enviado: P 0 0
[cnc_lib] CMD enviado: G 0 848
[cnc_lib] CMD enviado: U 0 0
[cnc_lib] Trazado completado (2 puntos)
[cnc_lib] Iniciando trazado: 2 puntos
[cnc_lib] CMD enviado: U 0 0
[cnc_lib] CMD enviado: G 0 849
[cnc_lib] CMD enviado: P 0 0
[cnc_lib] CMD enviado: G 0 850
[cnc_lib] CMD enviado: U 0 0
[cnc_lib] Trazado completado (2 puntos)
[cnc_lib] Iniciando trazado: 2 puntos
[cnc_lib] CMD enviado: U 0 0
[cnc_lib] CMD enviado: G 0 841
[cnc_lib] CMD enviado: P 0 0
[cnc_lib] CMD enviado: G 0 840
[cnc_lib] CMD enviado: U 0 0
[cnc_lib] Trazado completado (2 puntos)
[cnc_lib] Iniciando trazado: 2 puntos
[cnc_lib] CMD enviado: U 0 0
[cnc_lib] CMD enviado: G 0 840
[cnc_lib] CMD enviado: P 0 0
[cnc_lib] CMD enviado: G 0 839
[cnc_lib] CMD enviado: U 0 0
[cnc_lib] Trazado completado (2 puntos)
[cnc_lib] Iniciando trazado: 2 puntos
[cnc_lib] CMD enviado: U 0 0
[cnc_lib] CMD enviado: G 0 839
[cnc_lib] CMD enviado: P 0 0
[cnc_lib] CMD enviado: G 1 839
[cnc_lib] CMD enviado: U 0 0
[cnc_lib] Trazado completado (2 puntos)
[cnc_lib] Iniciando trazado: 2 puntos
[cnc_lib] CMD enviado: U 0 0
[cnc_lib] CMD enviado: G 1 839
[cnc_lib] CMD enviado: P 0 0
[cnc_lib] CMD enviado: G 0 840
[cnc_lib] CMD enviado: U 0 0
[cnc_lib] Trazado completado (2 puntos)
[cnc_lib] Iniciando trazado: 2 puntos
[cnc_lib] CMD enviado: U 0 0
[cnc_lib] CMD enviado: G 0 823
[cnc_lib] CMD enviado: P 0 0
[cnc_lib] CMD enviado: G 0 822
[cnc_lib] CMD enviado: U 0 0
[cnc_lib] Trazado completado (2 puntos)
[cnc_lib] Iniciando trazado: 2 puntos
[cnc_lib] CMD enviado: U 0 0
[cnc_lib] CMD enviado: G 0 822
[cnc_lib] CMD enviado: P 0 0
[cnc_lib] CMD enviado: G 0 821
[cnc_lib] CMD enviado: U 0 0
[cnc_lib] Trazado completado (2 puntos)
[cnc_lib] Iniciando trazado: 2 puntos
[cnc_lib] CMD enviado: U 0 0
[cnc_lib] CMD enviado: G 0 821
[cnc_lib] CMD enviado: P 0 0
[cnc_lib] CMD enviado: G 1 821
[cnc_lib] CMD enviado: U 0 0
[cnc_lib] Trazado completado (2 puntos)
[cnc_lib] Iniciando trazado: 2 puntos
[cnc_lib] CMD enviado: U 0 0
[cnc_lib] CMD enviado: G 1 821
[cnc_lib] CMD enviado: P 0 0
[cnc_lib] CMD enviado: G 0 822
[cnc_lib] CMD enviado: U 0 0
[cnc_lib] Trazado completado (2 puntos)
[cnc_lib] Iniciando trazado: 2 puntos
[cnc_lib] CMD enviado: U 0 0
[cnc_lib] CMD enviado: G 0 667
[cnc_lib] CMD enviado: P 0 0
[cnc_lib] CMD enviado: G 0 666
[cnc_lib] CMD enviado: U 0 0
[cnc_lib] Trazado completado (2 puntos)
[cnc_lib] Iniciando trazado: 2 puntos
[cnc_lib] CMD enviado: U 0 0
[cnc_lib] CMD enviado: G 0 649
[cnc_lib] CMD enviado: P 0 0
[cnc_lib] CMD enviado: G 0 648
[cnc_lib] CMD enviado: U 0 0
[cnc_lib] Trazado completado (2 puntos)
[cnc_lib] Iniciando trazado: 5 puntos
[cnc_lib] CMD enviado: U 0 0
[cnc_lib] CMD enviado: G 164 514
[cnc_lib] CMD enviado: P 0 0
[cnc_lib] CMD enviado: G 173 514
[cnc_lib] CMD enviado: G 174 513
[cnc_lib] CMD enviado: G 178 513
[cnc_lib] CMD enviado: G 179 514
[cnc_lib] CMD enviado: U 0 0
[cnc_lib] Trazado completado (5 puntos)
[cnc_lib] Iniciando trazado: 66 puntos
[cnc_lib] CMD enviado: U 0 0
[cnc_lib] CMD enviado: G 197 487
[cnc_lib] CMD enviado: P 0 0
[cnc_lib] CMD enviado: G 200 487
[cnc_lib] CMD enviado: G 204 491
[cnc_lib] CMD enviado: G 204 492
[cnc_lib] CMD enviado: G 206 494
[cnc_lib] CMD enviado: G 206 495
[cnc_lib] CMD enviado: G 207 496
[cnc_lib] CMD enviado: G 207 497
[cnc_lib] CMD enviado: G 208 498
[cnc_lib] CMD enviado: G 208 499
[cnc_lib] CMD enviado: G 209 500
[cnc_lib] CMD enviado: G 209 501
[cnc_lib] CMD enviado: G 210 502
[cnc_lib] CMD enviado: G 210 503
[cnc_lib] CMD enviado: G 212 505
[cnc_lib] CMD enviado: G 212 506
[cnc_lib] CMD enviado: G 213 507
[cnc_lib] CMD enviado: G 213 508
[cnc_lib] CMD enviado: G 214 509
[cnc_lib] CMD enviado: G 214 510
[cnc_lib] CMD enviado: G 215 511
[cnc_lib] CMD enviado: G 215 512
[cnc_lib] CMD enviado: G 216 513
[cnc_lib] CMD enviado: G 216 514
[cnc_lib] CMD enviado: G 218 516
[cnc_lib] CMD enviado: G 218 517
[cnc_lib] CMD enviado: G 219 518
[cnc_lib] CMD enviado: G 219 519
[cnc_lib] CMD enviado: G 220 520
[cnc_lib] CMD enviado: G 220 521
[cnc_lib] CMD enviado: G 221 522
[cnc_lib] CMD enviado: G 221 523
[cnc_lib] CMD enviado: G 223 525
[cnc_lib] CMD enviado: G 223 526
[cnc_lib] CMD enviado: G 229 532
[cnc_lib] CMD enviado: G 230 532
[cnc_lib] CMD enviado: G 235 537
[cnc_lib] CMD enviado: G 236 537
[cnc_lib] CMD enviado: G 240 541
[cnc_lib] CMD enviado: G 241 541
[cnc_lib] CMD enviado: G 246 546
[cnc_lib] CMD enviado: G 247 546
[cnc_lib] CMD enviado: G 252 551
[cnc_lib] CMD enviado: G 253 551
[cnc_lib] CMD enviado: G 257 555
[cnc_lib] CMD enviado: G 258 555
[cnc_lib] CMD enviado: G 263 560
[cnc_lib] CMD enviado: G 264 560
[cnc_lib] CMD enviado: G 269 565
[cnc_lib] CMD enviado: G 270 565
[cnc_lib] CMD enviado: G 274 569
[cnc_lib] CMD enviado: G 275 569
[cnc_lib] CMD enviado: G 280 574
[cnc_lib] CMD enviado: G 281 574
[cnc_lib] CMD enviado: G 286 579
[cnc_lib] CMD enviado: G 287 579
[cnc_lib] CMD enviado: G 292 584
[cnc_lib] CMD enviado: G 293 584
[cnc_lib] CMD enviado: G 297 588
[cnc_lib] CMD enviado: G 298 588
[cnc_lib] CMD enviado: G 299 589
[cnc_lib] CMD enviado: G 419 589
[cnc_lib] CMD enviado: G 420 590
[cnc_lib] CMD enviado: G 421 590
[cnc_lib] CMD enviado: G 422 589
[cnc_lib] CMD enviado: G 445 589
[cnc_lib] CMD enviado: U 0 0
[cnc_lib] Trazado completado (66 puntos)
[cnc_lib] Iniciando trazado: 92 puntos
[cnc_lib] CMD enviado: U 0 0
[cnc_lib] CMD enviado: G 445 576
[cnc_lib] CMD enviado: P 0 0
[cnc_lib] CMD enviado: G 301 576
[cnc_lib] CMD enviado: G 300 575
[cnc_lib] CMD enviado: G 299 575
[cnc_lib] CMD enviado: G 297 573
[cnc_lib] CMD enviado: G 296 573
[cnc_lib] CMD enviado: G 292 569
[cnc_lib] CMD enviado: G 291 569
[cnc_lib] CMD enviado: G 288 566
[cnc_lib] CMD enviado: G 287 566
[cnc_lib] CMD enviado: G 283 562
[cnc_lib] CMD enviado: G 282 562
[cnc_lib] CMD enviado: G 278 558
[cnc_lib] CMD enviado: G 277 558
[cnc_lib] CMD enviado: G 273 554
[cnc_lib] CMD enviado: G 272 554
[cnc_lib] CMD enviado: G 269 551
[cnc_lib] CMD enviado: G 268 551
[cnc_lib] CMD enviado: G 264 547
[cnc_lib] CMD enviado: G 263 547
[cnc_lib] CMD enviado: G 259 543
[cnc_lib] CMD enviado: G 258 543
[cnc_lib] CMD enviado: G 255 540
[cnc_lib] CMD enviado: G 254 540
[cnc_lib] CMD enviado: G 250 536
[cnc_lib] CMD enviado: G 249 536
[cnc_lib] CMD enviado: G 245 532
[cnc_lib] CMD enviado: G 244 532
[cnc_lib] CMD enviado: G 241 529
[cnc_lib] CMD enviado: G 240 529
[cnc_lib] CMD enviado: G 236 525
[cnc_lib] CMD enviado: G 235 525
[cnc_lib] CMD enviado: G 233 523
[cnc_lib] CMD enviado: G 233 522
[cnc_lib] CMD enviado: G 231 520
[cnc_lib] CMD enviado: G 231 519
[cnc_lib] CMD enviado: G 230 518
[cnc_lib] CMD enviado: G 230 517
[cnc_lib] CMD enviado: G 229 516
[cnc_lib] CMD enviado: G 229 515
[cnc_lib] CMD enviado: G 228 514
[cnc_lib] CMD enviado: G 228 513
[cnc_lib] CMD enviado: G 227 512
[cnc_lib] CMD enviado: G 227 510
[cnc_lib] CMD enviado: G 226 509
[cnc_lib] CMD enviado: G 226 508
[cnc_lib] CMD enviado: G 225 507
[cnc_lib] CMD enviado: G 225 506
[cnc_lib] CMD enviado: G 224 505
[cnc_lib] CMD enviado: G 224 504
[cnc_lib] CMD enviado: G 223 503
[cnc_lib] CMD enviado: G 223 502
[cnc_lib] CMD enviado: G 222 501
[cnc_lib] CMD enviado: G 222 500
[cnc_lib] CMD enviado: G 221 499
[cnc_lib] CMD enviado: G 221 498
[cnc_lib] CMD enviado: G 220 497
[cnc_lib] CMD enviado: G 220 496
[cnc_lib] CMD enviado: G 219 495
[cnc_lib] CMD enviado: G 219 494
[cnc_lib] CMD enviado: G 218 493
[cnc_lib] CMD enviado: G 218 492
[cnc_lib] CMD enviado: G 217 491
[cnc_lib] CMD enviado: G 217 490
[cnc_lib] CMD enviado: G 216 489
[cnc_lib] CMD enviado: G 216 488
[cnc_lib] CMD enviado: G 215 487
[cnc_lib] CMD enviado: G 215 486
[cnc_lib] CMD enviado: G 214 485
[cnc_lib] CMD enviado: G 214 484
[cnc_lib] CMD enviado: G 213 483
[cnc_lib] CMD enviado: G 213 482
[cnc_lib] CMD enviado: G 212 481
[cnc_lib] CMD enviado: G 212 480
[cnc_lib] CMD enviado: G 211 479
[cnc_lib] CMD enviado: G 211 478
[cnc_lib] CMD enviado: G 210 477
[cnc_lib] CMD enviado: G 210 476
[cnc_lib] CMD enviado: G 209 475
[cnc_lib] CMD enviado: G 209 474
[cnc_lib] CMD enviado: G 208 473
[cnc_lib] CMD enviado: G 208 472
[cnc_lib] CMD enviado: G 207 471
[cnc_lib] CMD enviado: G 207 470
[cnc_lib] CMD enviado: G 206 469
[cnc_lib] CMD enviado: G 206 468
[cnc_lib] CMD enviado: G 205 467
[cnc_lib] CMD enviado: G 205 466
[cnc_lib] CMD enviado: G 204 465
[cnc_lib] CMD enviado: G 204 464
[cnc_lib] CMD enviado: G 200 460
[cnc_lib] CMD enviado: G 197 460
[cnc_lib] CMD enviado: U 0 0
[cnc_lib] Trazado completado (92 puntos)
[cnc_lib] Iniciando trazado: 116 puntos
[cnc_lib] CMD enviado: U 0 0
[cnc_lib] CMD enviado: G 197 433
[cnc_lib] CMD enviado: P 0 0
[cnc_lib] CMD enviado: G 200 433
[cnc_lib] CMD enviado: G 203 436
[cnc_lib] CMD enviado: G 203 437
[cnc_lib] CMD enviado: G 204 438
[cnc_lib] CMD enviado: G 204 439
[cnc_lib] CMD enviado: G 205 440
[cnc_lib] CMD enviado: G 205 441
[cnc_lib] CMD enviado: G 206 442
[cnc_lib] CMD enviado: G 206 443
[cnc_lib] CMD enviado: G 207 444
[cnc_lib] CMD enviado: G 207 445
[cnc_lib] CMD enviado: G 208 446
[cnc_lib] CMD enviado: G 208 447
[cnc_lib] CMD enviado: G 209 448
[cnc_lib] CMD enviado: G 209 449
[cnc_lib] CMD enviado: G 210 450
[cnc_lib] CMD enviado: G 210 452
[cnc_lib] CMD enviado: G 211 453
[cnc_lib] CMD enviado: G 211 454
[cnc_lib] CMD enviado: G 212 455
[cnc_lib] CMD enviado: G 212 456
[cnc_lib] CMD enviado: G 213 457
[cnc_lib] CMD enviado: G 213 458
[cnc_lib] CMD enviado: G 214 459
[cnc_lib] CMD enviado: G 214 460
[cnc_lib] CMD enviado: G 215 461
[cnc_lib] CMD enviado: G 215 462
[cnc_lib] CMD enviado: G 216 463
[cnc_lib] CMD enviado: G 216 464
[cnc_lib] CMD enviado: G 217 465
[cnc_lib] CMD enviado: G 217 466
[cnc_lib] CMD enviado: G 218 467
[cnc_lib] CMD enviado: G 218 468
[cnc_lib] CMD enviado: G 219 469
[cnc_lib] CMD enviado: G 219 471
[cnc_lib] CMD enviado: G 220 472
[cnc_lib] CMD enviado: G 220 473
[cnc_lib] CMD enviado: G 221 474
[cnc_lib] CMD enviado: G 221 475
[cnc_lib] CMD enviado: G 222 476
[cnc_lib] CMD enviado: G 222 477
[cnc_lib] CMD enviado: G 223 478
[cnc_lib] CMD enviado: G 223 479
[cnc_lib] CMD enviado: G 224 480
[cnc_lib] CMD enviado: G 224 481
[cnc_lib] CMD enviado: G 225 482
[cnc_lib] CMD enviado: G 225 483
[cnc_lib] CMD enviado: G 226 484
[cnc_lib] CMD enviado: G 226 485
[cnc_lib] CMD enviado: G 227 486
[cnc_lib] CMD enviado: G 227 487
[cnc_lib] CMD enviado: G 228 488
[cnc_lib] CMD enviado: G 228 490
[cnc_lib] CMD enviado: G 229 491
[cnc_lib] CMD enviado: G 229 492
[cnc_lib] CMD enviado: G 230 493
[cnc_lib] CMD enviado: G 230 494
[cnc_lib] CMD enviado: G 231 495
[cnc_lib] CMD enviado: G 231 496
[cnc_lib] CMD enviado: G 232 497
[cnc_lib] CMD enviado: G 232 498
[cnc_lib] CMD enviado: G 233 499
[cnc_lib] CMD enviado: G 233 500
[cnc_lib] CMD enviado: G 234 501
[cnc_lib] CMD enviado: G 234 502
[cnc_lib] CMD enviado: G 235 503
[cnc_lib] CMD enviado: G 235 504
[cnc_lib] CMD enviado: G 236 505
[cnc_lib] CMD enviado: G 236 506
[cnc_lib] CMD enviado: G 237 507
[cnc_lib] CMD enviado: G 237 509
[cnc_lib] CMD enviado: G 238 510
[cnc_lib] CMD enviado: G 238 511
[cnc_lib] CMD enviado: G 239 512
[cnc_lib] CMD enviado: G 239 513
[cnc_lib] CMD enviado: G 240 514
[cnc_lib] CMD enviado: G 240 515
[cnc_lib] CMD enviado: G 241 516
[cnc_lib] CMD enviado: G 241 517
[cnc_lib] CMD enviado: G 246 522
[cnc_lib] CMD enviado: G 247 522
[cnc_lib] CMD enviado: G 250 525
[cnc_lib] CMD enviado: G 251 525
[cnc_lib] CMD enviado: G 255 529
[cnc_lib] CMD enviado: G 256 529
[cnc_lib] CMD enviado: G 259 532
[cnc_lib] CMD enviado: G 260 532
[cnc_lib] CMD enviado: G 263 535
[cnc_lib] CMD enviado: G 264 535
[cnc_lib] CMD enviado: G 268 539
[cnc_lib] CMD enviado: G 269 539
[cnc_lib] CMD enviado: G 272 542
[cnc_lib] CMD enviado: G 273 542
[cnc_lib] CMD enviado: G 276 545
[cnc_lib] CMD enviado: G 277 545
[cnc_lib] CMD enviado: G 281 549
[cnc_lib] CMD enviado: G 282 549
[cnc_lib] CMD enviado: G 285 552
[cnc_lib] CMD enviado: G 286 552
[cnc_lib] CMD enviado: G 290 556
[cnc_lib] CMD enviado: G 291 556
[cnc_lib] CMD enviado: G 294 559
[cnc_lib] CMD enviado: G 295 559
[cnc_lib] CMD enviado: G 297 561
[cnc_lib] CMD enviado: G 298 561
[cnc_lib] CMD enviado: G 299 562
[cnc_lib] CMD enviado: G 300 562
[cnc_lib] CMD enviado: G 301 563
[cnc_lib] CMD enviado: G 330 563
[cnc_lib] CMD enviado: G 331 562
[cnc_lib] CMD enviado: G 383 562
[cnc_lib] CMD enviado: G 384 563
[cnc_lib] CMD enviado: G 423 563
[cnc_lib] CMD enviado: G 424 562
[cnc_lib] CMD enviado: G 445 562
[cnc_lib] CMD enviado: U 0 0
[cnc_lib] Trazado completado (116 puntos)
[cnc_lib] Iniciando trazado: 126 puntos
[cnc_lib] CMD enviado: U 0 0
[cnc_lib] CMD enviado: G 445 549
[cnc_lib] CMD enviado: P 0 0
[cnc_lib] CMD enviado: G 299 549
[cnc_lib] CMD enviado: G 298 548
[cnc_lib] CMD enviado: G 297 548
[cnc_lib] CMD enviado: G 294 545
[cnc_lib] CMD enviado: G 293 545
[cnc_lib] CMD enviado: G 290 542
[cnc_lib] CMD enviado: G 289 542
[cnc_lib] CMD enviado: G 287 540
[cnc_lib] CMD enviado: G 286 540
[cnc_lib] CMD enviado: G 283 537
[cnc_lib] CMD enviado: G 282 537
[cnc_lib] CMD enviado: G 279 534
[cnc_lib] CMD enviado: G 278 534
[cnc_lib] CMD enviado: G 275 531
[cnc_lib] CMD enviado: G 274 531
[cnc_lib] CMD enviado: G 272 529
[cnc_lib] CMD enviado: G 271 529
[cnc_lib] CMD enviado: G 268 526
[cnc_lib] CMD enviado: G 267 526
[cnc_lib] CMD enviado: G 264 523
[cnc_lib] CMD enviado: G 263 523
[cnc_lib] CMD enviado: G 261 521
[cnc_lib] CMD enviado: G 260 521
[cnc_lib] CMD enviado: G 257 518
[cnc_lib] CMD enviado: G 256 518
[cnc_lib] CMD enviado: G 254 516
[cnc_lib] CMD enviado: G 253 516
[cnc_lib] CMD enviado: G 250 513
[cnc_lib] CMD enviado: G 250 511
[cnc_lib] CMD enviado: G 249 510
[cnc_lib] CMD enviado: G 249 509
[cnc_lib] CMD enviado: G 248 508
[cnc_lib] CMD enviado: G 248 507
[cnc_lib] CMD enviado: G 247 506
[cnc_lib] CMD enviado: G 247 505
[cnc_lib] CMD enviado: G 246 504
[cnc_lib] CMD enviado: G 246 503
[cnc_lib] CMD enviado: G 245 502
[cnc_lib] CMD enviado: G 245 501
[cnc_lib] CMD enviado: G 244 500
[cnc_lib] CMD enviado: G 244 498
[cnc_lib] CMD enviado: G 243 497
[cnc_lib] CMD enviado: G 243 496
[cnc_lib] CMD enviado: G 242 495
[cnc_lib] CMD enviado: G 242 494
[cnc_lib] CMD enviado: G 241 493
[cnc_lib] CMD enviado: G 241 492
[cnc_lib] CMD enviado: G 240 491
[cnc_lib] CMD enviado: G 240 490
[cnc_lib] CMD enviado: G 239 489
[cnc_lib] CMD enviado: G 239 487
[cnc_lib] CMD enviado: G 238 486
[cnc_lib] CMD enviado: G 238 485
[cnc_lib] CMD enviado: G 237 484
[cnc_lib] CMD enviado: G 237 483
[cnc_lib] CMD enviado: G 236 482
[cnc_lib] CMD enviado: G 236 481
[cnc_lib] CMD enviado: G 235 480
[cnc_lib] CMD enviado: G 235 479
[cnc_lib] CMD enviado: G 234 478
[cnc_lib] CMD enviado: G 234 477
[cnc_lib] CMD enviado: G 233 476
[cnc_lib] CMD enviado: G 233 474
[cnc_lib] CMD enviado: G 232 473
[cnc_lib] CMD enviado: G 232 472
[cnc_lib] CMD enviado: G 231 471
[cnc_lib] CMD enviado: G 231 470
[cnc_lib] CMD enviado: G 230 469
[cnc_lib] CMD enviado: G 230 468
[cnc_lib] CMD enviado: G 229 467
[cnc_lib] CMD enviado: G 229 466
[cnc_lib] CMD enviado: G 228 465
[cnc_lib] CMD enviado: G 228 463
[cnc_lib] CMD enviado: G 227 462
[cnc_lib] CMD enviado: G 227 461
[cnc_lib] CMD enviado: G 226 460
[cnc_lib] CMD enviado: G 226 459
[cnc_lib] CMD enviado: G 225 458
[cnc_lib] CMD enviado: G 225 457
[cnc_lib] CMD enviado: G 224 456
[cnc_lib] CMD enviado: G 224 455
[cnc_lib] CMD enviado: G 223 454
[cnc_lib] CMD enviado: G 223 453
[cnc_lib] CMD enviado: G 222 452
[cnc_lib] CMD enviado: G 222 450
[cnc_lib] CMD enviado: G 221 449
[cnc_lib] CMD enviado: G 221 448
[cnc_lib] CMD enviado: G 220 447
[cnc_lib] CMD enviado: G 220 446
[cnc_lib] CMD enviado: G 219 445
[cnc_lib] CMD enviado: G 219 444
[cnc_lib] CMD enviado: G 218 443
[cnc_lib] CMD enviado: G 218 442
[cnc_lib] CMD enviado: G 217 441
[cnc_lib] CMD enviado: G 217 440
[cnc_lib] CMD enviado: G 216 439
[cnc_lib] CMD enviado: G 216 437
[cnc_lib] CMD enviado: G 215 436
[cnc_lib] CMD enviado: G 215 435
[cnc_lib] CMD enviado: G 214 434
[cnc_lib] CMD enviado: G 214 433
[cnc_lib] CMD enviado: G 213 432
[cnc_lib] CMD enviado: G 213 431
[cnc_lib] CMD enviado: G 212 430
[cnc_lib] CMD enviado: G 212 428
[cnc_lib] CMD enviado: G 211 427
[cnc_lib] CMD enviado: G 211 426
[cnc_lib] CMD enviado: G 210 425
[cnc_lib] CMD enviado: G 210 424
[cnc_lib] CMD enviado: G 209 423
[cnc_lib] CMD enviado: G 209 422
[cnc_lib] CMD enviado: G 208 421
[cnc_lib] CMD enviado: G 208 420
[cnc_lib] CMD enviado: G 207 419
[cnc_lib] CMD enviado: G 207 418
[cnc_lib] CMD enviado: G 206 417
[cnc_lib] CMD enviado: G 206 415
[cnc_lib] CMD enviado: G 205 414
[cnc_lib] CMD enviado: G 205 413
[cnc_lib] CMD enviado: G 204 412
[cnc_lib] CMD enviado: G 204 411
[cnc_lib] CMD enviado: G 203 410
[cnc_lib] CMD enviado: G 203 409
[cnc_lib] CMD enviado: G 200 406
[cnc_lib] CMD enviado: G 197 406
[cnc_lib] CMD enviado: U 0 0
[cnc_lib] Trazado completado (126 puntos)
[cnc_lib] Iniciando trazado: 2 puntos
[cnc_lib] CMD enviado: U 0 0
[cnc_lib] CMD enviado: G 197 406
[cnc_lib] CMD enviado: P 0 0
[cnc_lib] CMD enviado: G 196 406
[cnc_lib] CMD enviado: U 0 0
[cnc_lib] Trazado completado (2 puntos)
[cnc_lib] Iniciando trazado: 14 puntos
[cnc_lib] CMD enviado: U 0 0
[cnc_lib] CMD enviado: G 196 406
[cnc_lib] CMD enviado: P 0 0
[cnc_lib] CMD enviado: G 190 400
[cnc_lib] CMD enviado: G 186 400
[cnc_lib] CMD enviado: G 182 404
[cnc_lib] CMD enviado: G 182 410
[cnc_lib] CMD enviado: G 184 412
[cnc_lib] CMD enviado: G 185 412
[cnc_lib] CMD enviado: G 186 413
[cnc_lib] CMD enviado: G 190 413
[cnc_lib] CMD enviado: G 191 412
[cnc_lib] CMD enviado: G 192 412
[cnc_lib] CMD enviado: G 194 410
[cnc_lib] CMD enviado: G 194 409
[cnc_lib] CMD enviado: G 196 407
[cnc_lib] CMD enviado: U 0 0
[cnc_lib] Trazado completado (14 puntos)
[cnc_lib] Iniciando trazado: 2 puntos
[cnc_lib] CMD enviado: U 0 0
[cnc_lib] CMD enviado: G 196 407
[cnc_lib] CMD enviado: P 0 0
[cnc_lib] CMD enviado: G 196 406
[cnc_lib] CMD enviado: U 0 0
[cnc_lib] Trazado completado (2 puntos)
[cnc_lib] Iniciando trazado: 2 puntos
[cnc_lib] CMD enviado: U 0 0
[cnc_lib] CMD enviado: G 197 406
[cnc_lib] CMD enviado: P 0 0
[cnc_lib] CMD enviado: G 196 407
[cnc_lib] CMD enviado: U 0 0
[cnc_lib] Trazado completado (2 puntos)
[cnc_lib] Iniciando trazado: 144 puntos
[cnc_lib] CMD enviado: U 0 0
[cnc_lib] CMD enviado: G 197 380
[cnc_lib] CMD enviado: P 0 0
[cnc_lib] CMD enviado: G 200 380
[cnc_lib] CMD enviado: G 203 383
[cnc_lib] CMD enviado: G 203 384
[cnc_lib] CMD enviado: G 204 385
[cnc_lib] CMD enviado: G 204 386
[cnc_lib] CMD enviado: G 205 387
[cnc_lib] CMD enviado: G 205 388
[cnc_lib] CMD enviado: G 206 389
[cnc_lib] CMD enviado: G 206 390
[cnc_lib] CMD enviado: G 207 391
[cnc_lib] CMD enviado: G 207 392
[cnc_lib] CMD enviado: G 208 393
[cnc_lib] CMD enviado: G 208 395
[cnc_lib] CMD enviado: G 209 396
[cnc_lib] CMD enviado: G 209 397
[cnc_lib] CMD enviado: G 210 398
[cnc_lib] CMD enviado: G 210 399
[cnc_lib] CMD enviado: G 211 400
[cnc_lib] CMD enviado: G 211 401
[cnc_lib] CMD enviado: G 212 402
[cnc_lib] CMD enviado: G 212 404
[cnc_lib] CMD enviado: G 213 405
[cnc_lib] CMD enviado: G 213 406
[cnc_lib] CMD enviado: G 214 407
[cnc_lib] CMD enviado: G 214 408
[cnc_lib] CMD enviado: G 215 409
[cnc_lib] CMD enviado: G 215 410
[cnc_lib] CMD enviado: G 216 411
[cnc_lib] CMD enviado: G 216 412
[cnc_lib] CMD enviado: G 217 413
[cnc_lib] CMD enviado: G 217 415
[cnc_lib] CMD enviado: G 218 416
[cnc_lib] CMD enviado: G 218 417
[cnc_lib] CMD enviado: G 219 418
[cnc_lib] CMD enviado: G 219 419
[cnc_lib] CMD enviado: G 220 420
[cnc_lib] CMD enviado: G 220 421
[cnc_lib] CMD enviado: G 221 422
[cnc_lib] CMD enviado: G 221 424
[cnc_lib] CMD enviado: G 222 425
[cnc_lib] CMD enviado: G 222 426
[cnc_lib] CMD enviado: G 223 427
[cnc_lib] CMD enviado: G 223 428
[cnc_lib] CMD enviado: G 224 429
[cnc_lib] CMD enviado: G 224 430
[cnc_lib] CMD enviado: G 225 431
[cnc_lib] CMD enviado: G 225 433
[cnc_lib] CMD enviado: G 226 434
[cnc_lib] CMD enviado: G 226 435
[cnc_lib] CMD enviado: G 227 436
[cnc_lib] CMD enviado: G 227 437
[cnc_lib] CMD enviado: G 228 438
[cnc_lib] CMD enviado: G 228 439
[cnc_lib] CMD enviado: G 229 440
[cnc_lib] CMD enviado: G 229 442
[cnc_lib] CMD enviado: G 230 443
[cnc_lib] CMD enviado: G 230 444
[cnc_lib] CMD enviado: G 231 445
[cnc_lib] CMD enviado: G 231 446
[cnc_lib] CMD enviado: G 232 447
[cnc_lib] CMD enviado: G 232 448
[cnc_lib] CMD enviado: G 233 449
[cnc_lib] CMD enviado: G 233 450
[cnc_lib] CMD enviado: G 234 451
[cnc_lib] CMD enviado: G 234 453
[cnc_lib] CMD enviado: G 235 454
[cnc_lib] CMD enviado: G 235 455
[cnc_lib] CMD enviado: G 236 456
[cnc_lib] CMD enviado: G 236 457
[cnc_lib] CMD enviado: G 237 458
[cnc_lib] CMD enviado: G 237 459
[cnc_lib] CMD enviado: G 238 460
[cnc_lib] CMD enviado: G 238 462
[cnc_lib] CMD enviado: G 239 463
[cnc_lib] CMD enviado: G 239 464
[cnc_lib] CMD enviado: G 240 465
[cnc_lib] CMD enviado: G 240 466
[cnc_lib] CMD enviado: G 241 467
[cnc_lib] CMD enviado: G 241 468
[cnc_lib] CMD enviado: G 242 469
[cnc_lib] CMD enviado: G 242 470
[cnc_lib] CMD enviado: G 243 471
[cnc_lib] CMD enviado: G 243 473
[cnc_lib] CMD enviado: G 244 474
[cnc_lib] CMD enviado: G 244 475
[cnc_lib] CMD enviado: G 245 476
[cnc_lib] CMD enviado: G 245 477
[cnc_lib] CMD enviado: G 246 478
[cnc_lib] CMD enviado: G 246 479
[cnc_lib] CMD enviado: G 247 480
[cnc_lib] CMD enviado: G 247 482
[cnc_lib] CMD enviado: G 248 483
[cnc_lib] CMD enviado: G 248 484
[cnc_lib] CMD enviado: G 249 485
[cnc_lib] CMD enviado: G 249 486
[cnc_lib] CMD enviado: G 250 487
[cnc_lib] CMD enviado: G 250 488
[cnc_lib] CMD enviado: G 251 489
[cnc_lib] CMD enviado: G 251 491
[cnc_lib] CMD enviado: G 252 492
[cnc_lib] CMD enviado: G 252 493
[cnc_lib] CMD enviado: G 253 494
[cnc_lib] CMD enviado: G 253 495
[cnc_lib] CMD enviado: G 254 496
[cnc_lib] CMD enviado: G 254 497
[cnc_lib] CMD enviado: G 255 498
[cnc_lib] CMD enviado: G 255 499
[cnc_lib] CMD enviado: G 256 500
[cnc_lib] CMD enviado: G 256 502
[cnc_lib] CMD enviado: G 257 503
[cnc_lib] CMD enviado: G 257 504
[cnc_lib] CMD enviado: G 258 505
[cnc_lib] CMD enviado: G 258 506
[cnc_lib] CMD enviado: G 259 507
[cnc_lib] CMD enviado: G 259 508
[cnc_lib] CMD enviado: G 263 512
[cnc_lib] CMD enviado: G 264 512
[cnc_lib] CMD enviado: G 266 514
[cnc_lib] CMD enviado: G 267 514
[cnc_lib] CMD enviado: G 269 516
[cnc_lib] CMD enviado: G 270 516
[cnc_lib] CMD enviado: G 272 518
[cnc_lib] CMD enviado: G 273 518
[cnc_lib] CMD enviado: G 275 520
[cnc_lib] CMD enviado: G 276 520
[cnc_lib] CMD enviado: G 278 522
[cnc_lib] CMD enviado: G 279 522
[cnc_lib] CMD enviado: G 281 524
[cnc_lib] CMD enviado: G 282 524
[cnc_lib] CMD enviado: G 284 526
[cnc_lib] CMD enviado: G 285 526
[cnc_lib] CMD enviado: G 287 528
[cnc_lib] CMD enviado: G 288 528
[cnc_lib] CMD enviado: G 290 530
[cnc_lib] CMD enviado: G 291 530
[cnc_lib] CMD enviado: G 293 532
[cnc_lib] CMD enviado: G 294 532
[cnc_lib] CMD enviado: G 296 534
[cnc_lib] CMD enviado: G 297 534
[cnc_lib] CMD enviado: G 298 535
[cnc_lib] CMD enviado: G 300 535
[cnc_lib] CMD enviado: G 301 536
[cnc_lib] CMD enviado: G 445 536
[cnc_lib] CMD enviado: U 0 0
[cnc_lib] Trazado completado (144 puntos)
[cnc_lib] Iniciando trazado: 14 puntos
[cnc_lib] CMD enviado: U 0 0
[cnc_lib] CMD enviado: G 456 694
[cnc_lib] CMD enviado: P 0 0
[cnc_lib] CMD enviado: G 456 722
[cnc_lib] CMD enviado: G 455 723
[cnc_lib] CMD enviado: G 455 724
[cnc_lib] CMD enviado: G 454 725
[cnc_lib] CMD enviado: G 453 725
[cnc_lib] CMD enviado: G 451 727
[cnc_lib] CMD enviado: G 450 727
[cnc_lib] CMD enviado: G 448 729
[cnc_lib] CMD enviado: G 447 729
[cnc_lib] CMD enviado: G 445 731
[cnc_lib] CMD enviado: G 444 731
[cnc_lib] CMD enviado: G 443 732
[cnc_lib] CMD enviado: G 420 732
[cnc_lib] CMD enviado: U 0 0
[cnc_lib] Trazado completado (14 puntos)
[cnc_lib] Iniciando trazado: 8 puntos
[cnc_lib] CMD enviado: U 0 0
[cnc_lib] CMD enviado: G 420 732
[cnc_lib] CMD enviado: P 0 0
[cnc_lib] CMD enviado: G 415 727
[cnc_lib] CMD enviado: G 414 727
[cnc_lib] CMD enviado: G 413 726
[cnc_lib] CMD enviado: G 409 726
[cnc_lib] CMD enviado: G 406 729
[cnc_lib] CMD enviado: G 405 729
[cnc_lib] CMD enviado: G 402 732
[cnc_lib] CMD enviado: U 0 0
[cnc_lib] Trazado completado (8 puntos)
[cnc_lib] Iniciando trazado: 26 puntos
[cnc_lib] CMD enviado: U 0 0
[cnc_lib] CMD enviado: G 402 732
[cnc_lib] CMD enviado: P 0 0
[cnc_lib] CMD enviado: G 279 732
[cnc_lib] CMD enviado: G 278 733
[cnc_lib] CMD enviado: G 277 733
[cnc_lib] CMD enviado: G 274 736
[cnc_lib] CMD enviado: G 273 736
[cnc_lib] CMD enviado: G 266 743
[cnc_lib] CMD enviado: G 265 743
[cnc_lib] CMD enviado: G 259 749
[cnc_lib] CMD enviado: G 258 749
[cnc_lib] CMD enviado: G 252 755
[cnc_lib] CMD enviado: G 251 755
[cnc_lib] CMD enviado: G 246 760
[cnc_lib] CMD enviado: G 245 760
[cnc_lib] CMD enviado: G 239 766
[cnc_lib] CMD enviado: G 238 766
[cnc_lib] CMD enviado: G 232 772
[cnc_lib] CMD enviado: G 231 772
[cnc_lib] CMD enviado: G 225 778
[cnc_lib] CMD enviado: G 224 778
[cnc_lib] CMD enviado: G 218 784
[cnc_lib] CMD enviado: G 217 784
[cnc_lib] CMD enviado: G 216 785
[cnc_lib] CMD enviado: G 214 785
[cnc_lib] CMD enviado: G 213 786
[cnc_lib] CMD enviado: G 197 786
[cnc_lib] CMD enviado: U 0 0
[cnc_lib] Trazado completado (26 puntos)
[cnc_lib] Iniciando trazado: 6 puntos
[cnc_lib] CMD enviado: U 0 0
[cnc_lib] CMD enviado: G 197 786
[cnc_lib] CMD enviado: P 0 0
[cnc_lib] CMD enviado: G 192 781
[cnc_lib] CMD enviado: G 191 781
[cnc_lib] CMD enviado: G 189 779
[cnc_lib] CMD enviado: G 186 779
[cnc_lib] CMD enviado: G 179 786
[cnc_lib] CMD enviado: U 0 0
[cnc_lib] Trazado completado (6 puntos)
[cnc_lib] Iniciando trazado: 9 puntos
[cnc_lib] CMD enviado: U 0 0
[cnc_lib] CMD enviado: G 179 786
[cnc_lib] CMD enviado: P 0 0
[cnc_lib] CMD enviado: G 176 786
[cnc_lib] CMD enviado: G 175 785
[cnc_lib] CMD enviado: G 174 785
[cnc_lib] CMD enviado: G 173 786
[cnc_lib] CMD enviado: G 166 786
[cnc_lib] CMD enviado: G 165 785
[cnc_lib] CMD enviado: G 164 785
[cnc_lib] CMD enviado: G 163 784
[cnc_lib] CMD enviado: U 0 0
[cnc_lib] Trazado completado (9 puntos)
[cnc_lib] Iniciando trazado: 4 puntos
[cnc_lib] CMD enviado: U 0 0
[cnc_lib] CMD enviado: G 179 786
[cnc_lib] CMD enviado: P 0 0
[cnc_lib] CMD enviado: G 185 792
[cnc_lib] CMD enviado: G 191 792
[cnc_lib] CMD enviado: G 197 786
[cnc_lib] CMD enviado: U 0 0
[cnc_lib] Trazado completado (4 puntos)
[cnc_lib] Iniciando trazado: 8 puntos
[cnc_lib] CMD enviado: U 0 0
[cnc_lib] CMD enviado: G 402 732
[cnc_lib] CMD enviado: P 0 0
[cnc_lib] CMD enviado: G 409 739
[cnc_lib] CMD enviado: G 413 739
[cnc_lib] CMD enviado: G 414 738
[cnc_lib] CMD enviado: G 415 738
[cnc_lib] CMD enviado: G 419 734
[cnc_lib] CMD enviado: G 419 733
[cnc_lib] CMD enviado: G 420 732
[cnc_lib] CMD enviado: U 0 0
[cnc_lib] Trazado completado (8 puntos)
[cnc_lib] Iniciando trazado: 20 puntos
[cnc_lib] CMD enviado: U 0 0
[cnc_lib] CMD enviado: G 537 695
[cnc_lib] CMD enviado: P 0 0
[cnc_lib] CMD enviado: G 537 716
[cnc_lib] CMD enviado: G 536 717
[cnc_lib] CMD enviado: G 536 719
[cnc_lib] CMD enviado: G 537 720
[cnc_lib] CMD enviado: G 537 721
[cnc_lib] CMD enviado: G 536 722
[cnc_lib] CMD enviado: G 536 744
[cnc_lib] CMD enviado: G 537 745
[cnc_lib] CMD enviado: G 537 773
[cnc_lib] CMD enviado: G 536 774
[cnc_lib] CMD enviado: G 536 777
[cnc_lib] CMD enviado: G 532 781
[cnc_lib] CMD enviado: G 531 781
[cnc_lib] CMD enviado: G 526 786
[cnc_lib] CMD enviado: G 525 786
[cnc_lib] CMD enviado: G 520 791
[cnc_lib] CMD enviado: G 519 791
[cnc_lib] CMD enviado: G 510 800
[cnc_lib] CMD enviado: G 510 855
[cnc_lib] CMD enviado: U 0 0
[cnc_lib] Trazado completado (20 puntos)
[cnc_lib] Iniciando trazado: 2 puntos
[cnc_lib] CMD enviado: U 0 0
[cnc_lib] CMD enviado: G 510 855
[cnc_lib] CMD enviado: P 0 0
[cnc_lib] CMD enviado: G 509 856
[cnc_lib] CMD enviado: U 0 0
[cnc_lib] Trazado completado (2 puntos)
[cnc_lib] Iniciando trazado: 2 puntos
[cnc_lib] CMD enviado: U 0 0
[cnc_lib] CMD enviado: G 509 856
[cnc_lib] CMD enviado: P 0 0
[cnc_lib] CMD enviado: G 508 856
[cnc_lib] CMD enviado: U 0 0
[cnc_lib] Trazado completado (2 puntos)
[cnc_lib] Iniciando trazado: 2 puntos
[cnc_lib] CMD enviado: U 0 0
[cnc_lib] CMD enviado: G 509 856
[cnc_lib] CMD enviado: P 0 0
[cnc_lib] CMD enviado: G 510 856
[cnc_lib] CMD enviado: U 0 0
[cnc_lib] Trazado completado (2 puntos)
[cnc_lib] Iniciando trazado: 2 puntos
[cnc_lib] CMD enviado: U 0 0
[cnc_lib] CMD enviado: G 510 856
[cnc_lib] CMD enviado: P 0 0
[cnc_lib] CMD enviado: G 510 855
[cnc_lib] CMD enviado: U 0 0
[cnc_lib] Trazado completado (2 puntos)
[cnc_lib] Iniciando trazado: 3 puntos
[cnc_lib] CMD enviado: U 0 0
[cnc_lib] CMD enviado: G 510 855
[cnc_lib] CMD enviado: P 0 0
[cnc_lib] CMD enviado: G 511 856
[cnc_lib] CMD enviado: G 510 856
[cnc_lib] CMD enviado: U 0 0
[cnc_lib] Trazado completado (3 puntos)
[cnc_lib] Iniciando trazado: 2 puntos
[cnc_lib] CMD enviado: U 0 0
[cnc_lib] CMD enviado: G 517 856
[cnc_lib] CMD enviado: P 0 0
[cnc_lib] CMD enviado: G 518 856
[cnc_lib] CMD enviado: U 0 0
[cnc_lib] Trazado completado (2 puntos)
[cnc_lib] Iniciando trazado: 2 puntos
[cnc_lib] CMD enviado: U 0 0
[cnc_lib] CMD enviado: G 518 856
[cnc_lib] CMD enviado: P 0 0
[cnc_lib] CMD enviado: G 519 855
[cnc_lib] CMD enviado: U 0 0
[cnc_lib] Trazado completado (2 puntos)
[cnc_lib] Iniciando trazado: 10 puntos
[cnc_lib] CMD enviado: U 0 0
[cnc_lib] CMD enviado: G 519 855
[cnc_lib] CMD enviado: P 0 0
[cnc_lib] CMD enviado: G 519 804
[cnc_lib] CMD enviado: G 527 796
[cnc_lib] CMD enviado: G 528 796
[cnc_lib] CMD enviado: G 534 790
[cnc_lib] CMD enviado: G 535 790
[cnc_lib] CMD enviado: G 541 784
[cnc_lib] CMD enviado: G 542 784
[cnc_lib] CMD enviado: G 550 776
[cnc_lib] CMD enviado: G 550 695
[cnc_lib] CMD enviado: U 0 0
[cnc_lib] Trazado completado (10 puntos)
[cnc_lib] Iniciando trazado: 18 puntos
[cnc_lib] CMD enviado: U 0 0
[cnc_lib] CMD enviado: G 563 695
[cnc_lib] CMD enviado: P 0 0
[cnc_lib] CMD enviado: G 563 776
[cnc_lib] CMD enviado: G 562 777
[cnc_lib] CMD enviado: G 562 778
[cnc_lib] CMD enviado: G 558 782
[cnc_lib] CMD enviado: G 557 782
[cnc_lib] CMD enviado: G 551 788
[cnc_lib] CMD enviado: G 550 788
[cnc_lib] CMD enviado: G 543 795
[cnc_lib] CMD enviado: G 542 795
[cnc_lib] CMD enviado: G 535 802
[cnc_lib] CMD enviado: G 534 802
[cnc_lib] CMD enviado: G 528 808
[cnc_lib] CMD enviado: G 528 811
[cnc_lib] CMD enviado: G 527 812
[cnc_lib] CMD enviado: G 527 820
[cnc_lib] CMD enviado: G 528 821
[cnc_lib] CMD enviado: G 528 855
[cnc_lib] CMD enviado: U 0 0
[cnc_lib] Trazado completado (18 puntos)
[cnc_lib] Iniciando trazado: 2 puntos
[cnc_lib] CMD enviado: U 0 0
[cnc_lib] CMD enviado: G 528 855
[cnc_lib] CMD enviado: P 0 0
[cnc_lib] CMD enviado: G 527 856
[cnc_lib] CMD enviado: U 0 0
[cnc_lib] Trazado completado (2 puntos)
[cnc_lib] Iniciando trazado: 2 puntos
[cnc_lib] CMD enviado: U 0 0
[cnc_lib] CMD enviado: G 527 856
[cnc_lib] CMD enviado: P 0 0
[cnc_lib] CMD enviado: G 526 856
[cnc_lib] CMD enviado: U 0 0
[cnc_lib] Trazado completado (2 puntos)
[cnc_lib] Iniciando trazado: 2 puntos
[cnc_lib] CMD enviado: U 0 0
[cnc_lib] CMD enviado: G 527 856
[cnc_lib] CMD enviado: P 0 0
[cnc_lib] CMD enviado: G 528 856
[cnc_lib] CMD enviado: U 0 0
[cnc_lib] Trazado completado (2 puntos)
[cnc_lib] Iniciando trazado: 2 puntos
[cnc_lib] CMD enviado: U 0 0
[cnc_lib] CMD enviado: G 528 856
[cnc_lib] CMD enviado: P 0 0
[cnc_lib] CMD enviado: G 528 855
[cnc_lib] CMD enviado: U 0 0
[cnc_lib] Trazado completado (2 puntos)
[cnc_lib] Iniciando trazado: 3 puntos
[cnc_lib] CMD enviado: U 0 0
[cnc_lib] CMD enviado: G 528 855
[cnc_lib] CMD enviado: P 0 0
[cnc_lib] CMD enviado: G 529 856
[cnc_lib] CMD enviado: G 528 856
[cnc_lib] CMD enviado: U 0 0
[cnc_lib] Trazado completado (3 puntos)
[cnc_lib] Iniciando trazado: 2 puntos
[cnc_lib] CMD enviado: U 0 0
[cnc_lib] CMD enviado: G 535 856
[cnc_lib] CMD enviado: P 0 0
[cnc_lib] CMD enviado: G 536 856
[cnc_lib] CMD enviado: U 0 0
[cnc_lib] Trazado completado (2 puntos)
[cnc_lib] Iniciando trazado: 2 puntos
[cnc_lib] CMD enviado: U 0 0
[cnc_lib] CMD enviado: G 536 856
[cnc_lib] CMD enviado: P 0 0
[cnc_lib] CMD enviado: G 537 855
[cnc_lib] CMD enviado: U 0 0
[cnc_lib] Trazado completado (2 puntos)
[cnc_lib] Iniciando trazado: 17 puntos
[cnc_lib] CMD enviado: U 0 0
[cnc_lib] CMD enviado: G 537 855
[cnc_lib] CMD enviado: P 0 0
[cnc_lib] CMD enviado: G 537 820
[cnc_lib] CMD enviado: G 536 819
[cnc_lib] CMD enviado: G 536 816
[cnc_lib] CMD enviado: G 537 815
[cnc_lib] CMD enviado: G 537 813
[cnc_lib] CMD enviado: G 548 802
[cnc_lib] CMD enviado: G 549 802
[cnc_lib] CMD enviado: G 557 794
[cnc_lib] CMD enviado: G 558 794
[cnc_lib] CMD enviado: G 566 786
[cnc_lib] CMD enviado: G 567 786
[cnc_lib] CMD enviado: G 577 776
[cnc_lib] CMD enviado: G 577 720
[cnc_lib] CMD enviado: G 576 719
[cnc_lib] CMD enviado: G 577 718
[cnc_lib] CMD enviado: G 577 695
[cnc_lib] CMD enviado: U 0 0
[cnc_lib] Trazado completado (17 puntos)
[cnc_lib] Iniciando trazado: 16 puntos
[cnc_lib] CMD enviado: U 0 0
[cnc_lib] CMD enviado: G 590 695
[cnc_lib] CMD enviado: P 0 0
[cnc_lib] CMD enviado: G 590 776
[cnc_lib] CMD enviado: G 589 777
[cnc_lib] CMD enviado: G 589 778
[cnc_lib] CMD enviado: G 583 784
[cnc_lib] CMD enviado: G 583 785
[cnc_lib] CMD enviado: G 582 786
[cnc_lib] CMD enviado: G 582 787
[cnc_lib] CMD enviado: G 581 788
[cnc_lib] CMD enviado: G 581 803
[cnc_lib] CMD enviado: G 580 804
[cnc_lib] CMD enviado: G 580 805
[cnc_lib] CMD enviado: G 555 830
[cnc_lib] CMD enviado: G 555 832
[cnc_lib] CMD enviado: G 554 833
[cnc_lib] CMD enviado: G 554 855
[cnc_lib] CMD enviado: U 0 0
[cnc_lib] Trazado completado (16 puntos)
[cnc_lib] Iniciando trazado: 3 puntos
[cnc_lib] CMD enviado: U 0 0
[cnc_lib] CMD enviado: G 554 855
[cnc_lib] CMD enviado: P 0 0
[cnc_lib] CMD enviado: G 553 856
[cnc_lib] CMD enviado: G 554 856
[cnc_lib] CMD enviado: U 0 0
[cnc_lib] Trazado completado (3 puntos)
[cnc_lib] Iniciando trazado: 2 puntos
[cnc_lib] CMD enviado: U 0 0
[cnc_lib] CMD enviado: G 554 856
[cnc_lib] CMD enviado: P 0 0
[cnc_lib] CMD enviado: G 554 855
[cnc_lib] CMD enviado: U 0 0
[cnc_lib] Trazado completado (2 puntos)
[cnc_lib] Iniciando trazado: 3 puntos
[cnc_lib] CMD enviado: U 0 0
[cnc_lib] CMD enviado: G 554 855
[cnc_lib] CMD enviado: P 0 0
[cnc_lib] CMD enviado: G 555 856
[cnc_lib] CMD enviado: G 554 856
[cnc_lib] CMD enviado: U 0 0
[cnc_lib] Trazado completado (3 puntos)
[cnc_lib] Iniciando trazado: 2 puntos
[cnc_lib] CMD enviado: U 0 0
[cnc_lib] CMD enviado: G 537 856
[cnc_lib] CMD enviado: P 0 0
[cnc_lib] CMD enviado: G 537 855
[cnc_lib] CMD enviado: U 0 0
[cnc_lib] Trazado completado (2 puntos)
[cnc_lib] Iniciando trazado: 3 puntos
[cnc_lib] CMD enviado: U 0 0
[cnc_lib] CMD enviado: G 537 855
[cnc_lib] CMD enviado: P 0 0
[cnc_lib] CMD enviado: G 538 856
[cnc_lib] CMD enviado: G 537 856
[cnc_lib] CMD enviado: U 0 0
[cnc_lib] Trazado completado (3 puntos)
[cnc_lib] Iniciando trazado: 2 puntos
[cnc_lib] CMD enviado: U 0 0
[cnc_lib] CMD enviado: G 537 856
[cnc_lib] CMD enviado: P 0 0
[cnc_lib] CMD enviado: G 536 856
[cnc_lib] CMD enviado: U 0 0
[cnc_lib] Trazado completado (2 puntos)
[cnc_lib] Iniciando trazado: 2 puntos
[cnc_lib] CMD enviado: U 0 0
[cnc_lib] CMD enviado: G 519 856
[cnc_lib] CMD enviado: P 0 0
[cnc_lib] CMD enviado: G 519 855
[cnc_lib] CMD enviado: U 0 0
[cnc_lib] Trazado completado (2 puntos)
[cnc_lib] Iniciando trazado: 3 puntos
[cnc_lib] CMD enviado: U 0 0
[cnc_lib] CMD enviado: G 519 855
[cnc_lib] CMD enviado: P 0 0
[cnc_lib] CMD enviado: G 520 856
[cnc_lib] CMD enviado: G 519 856
[cnc_lib] CMD enviado: U 0 0
[cnc_lib] Trazado completado (3 puntos)
[cnc_lib] Iniciando trazado: 2 puntos
[cnc_lib] CMD enviado: U 0 0
[cnc_lib] CMD enviado: G 519 856
[cnc_lib] CMD enviado: P 0 0
[cnc_lib] CMD enviado: G 518 856
[cnc_lib] CMD enviado: U 0 0
[cnc_lib] Trazado completado (2 puntos)
[cnc_lib] Iniciando trazado: 2 puntos
[cnc_lib] CMD enviado: U 0 0
[cnc_lib] CMD enviado: G 579 856
[cnc_lib] CMD enviado: P 0 0
[cnc_lib] CMD enviado: G 580 856
[cnc_lib] CMD enviado: U 0 0
[cnc_lib] Trazado completado (2 puntos)
[cnc_lib] Iniciando trazado: 2 puntos
[cnc_lib] CMD enviado: U 0 0
[cnc_lib] CMD enviado: G 580 856
[cnc_lib] CMD enviado: P 0 0
[cnc_lib] CMD enviado: G 581 855
[cnc_lib] CMD enviado: U 0 0
[cnc_lib] Trazado completado (2 puntos)
[cnc_lib] Iniciando trazado: 2 puntos
[cnc_lib] CMD enviado: U 0 0
[cnc_lib] CMD enviado: G 581 855
[cnc_lib] CMD enviado: P 0 0
[cnc_lib] CMD enviado: G 581 839
[cnc_lib] CMD enviado: U 0 0
[cnc_lib] Trazado completado (2 puntos)
[cnc_lib] Iniciando trazado: 2 puntos
[cnc_lib] CMD enviado: U 0 0
[cnc_lib] CMD enviado: G 581 855
[cnc_lib] CMD enviado: P 0 0
[cnc_lib] CMD enviado: G 581 856
[cnc_lib] CMD enviado: U 0 0
[cnc_lib] Trazado completado (2 puntos)
[cnc_lib] Iniciando trazado: 3 puntos
[cnc_lib] CMD enviado: U 0 0
[cnc_lib] CMD enviado: G 581 856
[cnc_lib] CMD enviado: P 0 0
[cnc_lib] CMD enviado: G 582 856
[cnc_lib] CMD enviado: G 581 855
[cnc_lib] CMD enviado: U 0 0
[cnc_lib] Trazado completado (3 puntos)
[cnc_lib] Iniciando trazado: 2 puntos
[cnc_lib] CMD enviado: U 0 0
[cnc_lib] CMD enviado: G 581 856
[cnc_lib] CMD enviado: P 0 0
[cnc_lib] CMD enviado: G 580 856
[cnc_lib] CMD enviado: U 0 0
[cnc_lib] Trazado completado (2 puntos)
[cnc_lib] Iniciando trazado: 2 puntos
[cnc_lib] CMD enviado: U 0 0
[cnc_lib] CMD enviado: G 602 856
[cnc_lib] CMD enviado: P 0 0
[cnc_lib] CMD enviado: G 603 856
[cnc_lib] CMD enviado: U 0 0
[cnc_lib] Trazado completado (2 puntos)
[cnc_lib] Iniciando trazado: 2 puntos
[cnc_lib] CMD enviado: U 0 0
[cnc_lib] CMD enviado: G 603 856
[cnc_lib] CMD enviado: P 0 0
[cnc_lib] CMD enviado: G 604 855
[cnc_lib] CMD enviado: U 0 0
[cnc_lib] Trazado completado (2 puntos)
[cnc_lib] Iniciando trazado: 27 puntos
[cnc_lib] CMD enviado: U 0 0
[cnc_lib] CMD enviado: G 604 855
[cnc_lib] CMD enviado: P 0 0
[cnc_lib] CMD enviado: G 604 832
[cnc_lib] CMD enviado: G 603 831
[cnc_lib] CMD enviado: G 603 830
[cnc_lib] CMD enviado: G 602 829
[cnc_lib] CMD enviado: G 602 827
[cnc_lib] CMD enviado: G 601 826
[cnc_lib] CMD enviado: G 601 825
[cnc_lib] CMD enviado: G 600 824
[cnc_lib] CMD enviado: G 600 823
[cnc_lib] CMD enviado: G 599 822
[cnc_lib] CMD enviado: G 599 821
[cnc_lib] CMD enviado: G 597 819
[cnc_lib] CMD enviado: G 597 818
[cnc_lib] CMD enviado: G 596 817
[cnc_lib] CMD enviado: G 596 815
[cnc_lib] CMD enviado: G 595 814
[cnc_lib] CMD enviado: G 595 790
[cnc_lib] CMD enviado: G 602 783
[cnc_lib] CMD enviado: G 602 782
[cnc_lib] CMD enviado: G 603 781
[cnc_lib] CMD enviado: G 603 722
[cnc_lib] CMD enviado: G 604 721
[cnc_lib] CMD enviado: G 603 720
[cnc_lib] CMD enviado: G 603 717
[cnc_lib] CMD enviado: G 604 716
[cnc_lib] CMD enviado: G 604 695
[cnc_lib] CMD enviado: U 0 0
[cnc_lib] Trazado completado (27 puntos)
[cnc_lib] Iniciando trazado: 2 puntos
[cnc_lib] CMD enviado: U 0 0
[cnc_lib] CMD enviado: G 617 695
[cnc_lib] CMD enviado: P 0 0
[cnc_lib] CMD enviado: G 617 786
[cnc_lib] CMD enviado: U 0 0
[cnc_lib] Trazado completado (2 puntos)
[cnc_lib] Iniciando trazado: 2 puntos
[cnc_lib] CMD enviado: U 0 0
[cnc_lib] CMD enviado: G 617 786
[cnc_lib] CMD enviado: P 0 0
[cnc_lib] CMD enviado: G 616 787
[cnc_lib] CMD enviado: U 0 0
[cnc_lib] Trazado completado (2 puntos)
[cnc_lib] Iniciando trazado: 2 puntos
[cnc_lib] CMD enviado: U 0 0
[cnc_lib] CMD enviado: G 616 787
[cnc_lib] CMD enviado: P 0 0
[cnc_lib] CMD enviado: G 617 787
[cnc_lib] CMD enviado: U 0 0
[cnc_lib] Trazado completado (2 puntos)
[cnc_lib] Iniciando trazado: 2 puntos
[cnc_lib] CMD enviado: U 0 0
[cnc_lib] CMD enviado: G 617 787
[cnc_lib] CMD enviado: P 0 0
[cnc_lib] CMD enviado: G 617 786
[cnc_lib] CMD enviado: U 0 0
[cnc_lib] Trazado completado (2 puntos)
[cnc_lib] Iniciando trazado: 2 puntos
[cnc_lib] CMD enviado: U 0 0
[cnc_lib] CMD enviado: G 617 786
[cnc_lib] CMD enviado: P 0 0
[cnc_lib] CMD enviado: G 618 787
[cnc_lib] CMD enviado: U 0 0
[cnc_lib] Trazado completado (2 puntos)
[cnc_lib] Iniciando trazado: 12 puntos
[cnc_lib] CMD enviado: U 0 0
[cnc_lib] CMD enviado: G 618 787
[cnc_lib] CMD enviado: P 0 0
[cnc_lib] CMD enviado: G 622 791
[cnc_lib] CMD enviado: G 622 792
[cnc_lib] CMD enviado: G 624 794
[cnc_lib] CMD enviado: G 624 796
[cnc_lib] CMD enviado: G 622 798
[cnc_lib] CMD enviado: G 622 799
[cnc_lib] CMD enviado: G 620 801
[cnc_lib] CMD enviado: G 614 801
[cnc_lib] CMD enviado: G 610 797
[cnc_lib] CMD enviado: G 610 793
[cnc_lib] CMD enviado: G 616 787
[cnc_lib] CMD enviado: U 0 0
[cnc_lib] Trazado completado (12 puntos)
[cnc_lib] Iniciando trazado: 2 puntos
[cnc_lib] CMD enviado: U 0 0
[cnc_lib] CMD enviado: G 617 787
[cnc_lib] CMD enviado: P 0 0
[cnc_lib] CMD enviado: G 618 787
[cnc_lib] CMD enviado: U 0 0
[cnc_lib] Trazado completado (2 puntos)
[cnc_lib] Iniciando trazado: 9 puntos
[cnc_lib] CMD enviado: U 0 0
[cnc_lib] CMD enviado: G 646 813
[cnc_lib] CMD enviado: P 0 0
[cnc_lib] CMD enviado: G 646 812
[cnc_lib] CMD enviado: G 645 811
[cnc_lib] CMD enviado: G 645 807
[cnc_lib] CMD enviado: G 644 806
[cnc_lib] CMD enviado: G 644 720
[cnc_lib] CMD enviado: G 643 719
[cnc_lib] CMD enviado: G 644 718
[cnc_lib] CMD enviado: G 644 695
[cnc_lib] CMD enviado: U 0 0
[cnc_lib] Trazado completado (9 puntos)
[cnc_lib] Iniciando trazado: 20 puntos
[cnc_lib] CMD enviado: U 0 0
[cnc_lib] CMD enviado: G 657 695
[cnc_lib] CMD enviado: P 0 0
[cnc_lib] CMD enviado: G 657 786
[cnc_lib] CMD enviado: G 658 787
[cnc_lib] CMD enviado: G 658 789
[cnc_lib] CMD enviado: G 659 790
[cnc_lib] CMD enviado: G 659 791
[cnc_lib] CMD enviado: G 660 792
[cnc_lib] CMD enviado: G 660 793
[cnc_lib] CMD enviado: G 661 794
[cnc_lib] CMD enviado: G 661 795
[cnc_lib] CMD enviado: G 662 796
[cnc_lib] CMD enviado: G 662 797
[cnc_lib] CMD enviado: G 663 798
[cnc_lib] CMD enviado: G 663 799
[cnc_lib] CMD enviado: G 664 800
[cnc_lib] CMD enviado: G 664 801
[cnc_lib] CMD enviado: G 665 802
[cnc_lib] CMD enviado: G 665 803
[cnc_lib] CMD enviado: G 666 804
[cnc_lib] CMD enviado: G 666 855
[cnc_lib] CMD enviado: U 0 0
[cnc_lib] Trazado completado (20 puntos)
[cnc_lib] Iniciando trazado: 2 puntos
[cnc_lib] CMD enviado: U 0 0
[cnc_lib] CMD enviado: G 666 855
[cnc_lib] CMD enviado: P 0 0
[cnc_lib] CMD enviado: G 665 856
[cnc_lib] CMD enviado: U 0 0
[cnc_lib] Trazado completado (2 puntos)
[cnc_lib] Iniciando trazado: 2 puntos
[cnc_lib] CMD enviado: U 0 0
[cnc_lib] CMD enviado: G 665 856
[cnc_lib] CMD enviado: P 0 0
[cnc_lib] CMD enviado: G 664 856
[cnc_lib] CMD enviado: U 0 0
[cnc_lib] Trazado completado (2 puntos)
[cnc_lib] Iniciando trazado: 2 puntos
[cnc_lib] CMD enviado: U 0 0
[cnc_lib] CMD enviado: G 665 856
[cnc_lib] CMD enviado: P 0 0
[cnc_lib] CMD enviado: G 666 856
[cnc_lib] CMD enviado: U 0 0
[cnc_lib] Trazado completado (2 puntos)
[cnc_lib] Iniciando trazado: 2 puntos
[cnc_lib] CMD enviado: U 0 0
[cnc_lib] CMD enviado: G 666 856
[cnc_lib] CMD enviado: P 0 0
[cnc_lib] CMD enviado: G 666 855
[cnc_lib] CMD enviado: U 0 0
[cnc_lib] Trazado completado (2 puntos)
[cnc_lib] Iniciando trazado: 3 puntos
[cnc_lib] CMD enviado: U 0 0
[cnc_lib] CMD enviado: G 666 855
[cnc_lib] CMD enviado: P 0 0
[cnc_lib] CMD enviado: G 667 856
[cnc_lib] CMD enviado: G 666 856
[cnc_lib] CMD enviado: U 0 0
[cnc_lib] Trazado completado (3 puntos)
[cnc_lib] Iniciando trazado: 3 puntos
[cnc_lib] CMD enviado: U 0 0
[cnc_lib] CMD enviado: G 679 856
[cnc_lib] CMD enviado: P 0 0
[cnc_lib] CMD enviado: G 678 856
[cnc_lib] CMD enviado: G 679 855
[cnc_lib] CMD enviado: U 0 0
[cnc_lib] Trazado completado (3 puntos)
[cnc_lib] Iniciando trazado: 29 puntos
[cnc_lib] CMD enviado: U 0 0
[cnc_lib] CMD enviado: G 679 855
[cnc_lib] CMD enviado: P 0 0
[cnc_lib] CMD enviado: G 679 794
[cnc_lib] CMD enviado: G 678 793
[cnc_lib] CMD enviado: G 678 792
[cnc_lib] CMD enviado: G 677 791
[cnc_lib] CMD enviado: G 677 790
[cnc_lib] CMD enviado: G 676 789
[cnc_lib] CMD enviado: G 676 788
[cnc_lib] CMD enviado: G 675 787
[cnc_lib] CMD enviado: G 675 786
[cnc_lib] CMD enviado: G 674 785
[cnc_lib] CMD enviado: G 674 784
[cnc_lib] CMD enviado: G 673 783
[cnc_lib] CMD enviado: G 673 782
[cnc_lib] CMD enviado: G 672 781
[cnc_lib] CMD enviado: G 672 780
[cnc_lib] CMD enviado: G 671 779
[cnc_lib] CMD enviado: G 671 775
[cnc_lib] CMD enviado: G 670 774
[cnc_lib] CMD enviado: G 670 767
[cnc_lib] CMD enviado: G 671 766
[cnc_lib] CMD enviado: G 671 760
[cnc_lib] CMD enviado: G 670 759
[cnc_lib] CMD enviado: G 670 722
[cnc_lib] CMD enviado: G 671 721
[cnc_lib] CMD enviado: G 670 720
[cnc_lib] CMD enviado: G 670 717
[cnc_lib] CMD enviado: G 671 716
[cnc_lib] CMD enviado: G 671 695
[cnc_lib] CMD enviado: U 0 0
[cnc_lib] Trazado completado (29 puntos)
[cnc_lib] Iniciando trazado: 20 puntos
[cnc_lib] CMD enviado: U 0 0
[cnc_lib] CMD enviado: G 684 695
[cnc_lib] CMD enviado: P 0 0
[cnc_lib] CMD enviado: G 684 769
[cnc_lib] CMD enviado: G 685 770
[cnc_lib] CMD enviado: G 685 771
[cnc_lib] CMD enviado: G 686 772
[cnc_lib] CMD enviado: G 686 773
[cnc_lib] CMD enviado: G 687 774
[cnc_lib] CMD enviado: G 687 775
[cnc_lib] CMD enviado: G 688 776
[cnc_lib] CMD enviado: G 688 777
[cnc_lib] CMD enviado: G 689 778
[cnc_lib] CMD enviado: G 689 779
[cnc_lib] CMD enviado: G 690 780
[cnc_lib] CMD enviado: G 690 781
[cnc_lib] CMD enviado: G 691 782
[cnc_lib] CMD enviado: G 691 783
[cnc_lib] CMD enviado: G 692 784
[cnc_lib] CMD enviado: G 692 786
[cnc_lib] CMD enviado: G 693 787
[cnc_lib] CMD enviado: G 693 855
[cnc_lib] CMD enviado: U 0 0
[cnc_lib] Trazado completado (20 puntos)
[cnc_lib] Iniciando trazado: 2 puntos
[cnc_lib] CMD enviado: U 0 0
[cnc_lib] CMD enviado: G 693 855
[cnc_lib] CMD enviado: P 0 0
[cnc_lib] CMD enviado: G 692 856
[cnc_lib] CMD enviado: U 0 0
[cnc_lib] Trazado completado (2 puntos)
[cnc_lib] Iniciando trazado: 2 puntos
[cnc_lib] CMD enviado: U 0 0
[cnc_lib] CMD enviado: G 692 856
[cnc_lib] CMD enviado: P 0 0
[cnc_lib] CMD enviado: G 691 856
[cnc_lib] CMD enviado: U 0 0
[cnc_lib] Trazado completado (2 puntos)
[cnc_lib] Iniciando trazado: 2 puntos
[cnc_lib] CMD enviado: U 0 0
[cnc_lib] CMD enviado: G 692 856
[cnc_lib] CMD enviado: P 0 0
[cnc_lib] CMD enviado: G 693 856
[cnc_lib] CMD enviado: U 0 0
[cnc_lib] Trazado completado (2 puntos)
[cnc_lib] Iniciando trazado: 2 puntos
[cnc_lib] CMD enviado: U 0 0
[cnc_lib] CMD enviado: G 693 856
[cnc_lib] CMD enviado: P 0 0
[cnc_lib] CMD enviado: G 693 855
[cnc_lib] CMD enviado: U 0 0
[cnc_lib] Trazado completado (2 puntos)
[cnc_lib] Iniciando trazado: 3 puntos
[cnc_lib] CMD enviado: U 0 0
[cnc_lib] CMD enviado: G 693 855
[cnc_lib] CMD enviado: P 0 0
[cnc_lib] CMD enviado: G 694 856
[cnc_lib] CMD enviado: G 693 856
[cnc_lib] CMD enviado: U 0 0
[cnc_lib] Trazado completado (3 puntos)
[cnc_lib] Iniciando trazado: 2 puntos
[cnc_lib] CMD enviado: U 0 0
[cnc_lib] CMD enviado: G 704 856
[cnc_lib] CMD enviado: P 0 0
[cnc_lib] CMD enviado: G 705 856
[cnc_lib] CMD enviado: U 0 0
[cnc_lib] Trazado completado (2 puntos)
[cnc_lib] Iniciando trazado: 2 puntos
[cnc_lib] CMD enviado: U 0 0
[cnc_lib] CMD enviado: G 705 856
[cnc_lib] CMD enviado: P 0 0
[cnc_lib] CMD enviado: G 706 855
[cnc_lib] CMD enviado: U 0 0
[cnc_lib] Trazado completado (2 puntos)
[cnc_lib] Iniciando trazado: 30 puntos
[cnc_lib] CMD enviado: U 0 0
[cnc_lib] CMD enviado: G 706 855
[cnc_lib] CMD enviado: P 0 0
[cnc_lib] CMD enviado: G 706 850
[cnc_lib] CMD enviado: G 712 844
[cnc_lib] CMD enviado: G 713 844
[cnc_lib] CMD enviado: G 715 842
[cnc_lib] CMD enviado: G 716 842
[cnc_lib] CMD enviado: G 718 840
[cnc_lib] CMD enviado: G 719 840
[cnc_lib] CMD enviado: G 720 839
[cnc_lib] CMD enviado: G 970 839
[cnc_lib] CMD enviado: G 971 838
[cnc_lib] CMD enviado: G 972 838
[cnc_lib] CMD enviado: G 973 837
[cnc_lib] CMD enviado: G 974 837
[cnc_lib] CMD enviado: G 975 836
[cnc_lib] CMD enviado: G 976 836
[cnc_lib] CMD enviado: G 978 834
[cnc_lib] CMD enviado: G 979 834
[cnc_lib] CMD enviado: G 981 832
[cnc_lib] CMD enviado: G 982 832
[cnc_lib] CMD enviado: G 983 831
[cnc_lib] CMD enviado: G 984 831
[cnc_lib] CMD enviado: G 986 829
[cnc_lib] CMD enviado: G 987 829
[cnc_lib] CMD enviado: G 988 828
[cnc_lib] CMD enviado: G 989 828
[cnc_lib] CMD enviado: G 990 827
[cnc_lib] CMD enviado: G 991 827
[cnc_lib] CMD enviado: G 992 826
[cnc_lib] CMD enviado: G 998 826
[cnc_lib] CMD enviado: U 0 0
[cnc_lib] Trazado completado (30 puntos)
[cnc_lib] Iniciando trazado: 3 puntos
[cnc_lib] CMD enviado: U 0 0
[cnc_lib] CMD enviado: G 998 826
[cnc_lib] CMD enviado: P 0 0
[cnc_lib] CMD enviado: G 999 825
[cnc_lib] CMD enviado: G 999 826
[cnc_lib] CMD enviado: U 0 0
[cnc_lib] Trazado completado (3 puntos)
[cnc_lib] Iniciando trazado: 2 puntos
[cnc_lib] CMD enviado: U 0 0
[cnc_lib] CMD enviado: G 999 826
[cnc_lib] CMD enviado: P 0 0
[cnc_lib] CMD enviado: G 998 826
[cnc_lib] CMD enviado: U 0 0
[cnc_lib] Trazado completado (2 puntos)
[cnc_lib] Iniciando trazado: 2 puntos
[cnc_lib] CMD enviado: U 0 0
[cnc_lib] CMD enviado: G 998 826
[cnc_lib] CMD enviado: P 0 0
[cnc_lib] CMD enviado: G 999 827
[cnc_lib] CMD enviado: U 0 0
[cnc_lib] Trazado completado (2 puntos)
[cnc_lib] Iniciando trazado: 2 puntos
[cnc_lib] CMD enviado: U 0 0
[cnc_lib] CMD enviado: G 999 827
[cnc_lib] CMD enviado: P 0 0
[cnc_lib] CMD enviado: G 999 826
[cnc_lib] CMD enviado: U 0 0
[cnc_lib] Trazado completado (2 puntos)
[cnc_lib] Iniciando trazado: 2 puntos
[cnc_lib] CMD enviado: U 0 0
[cnc_lib] CMD enviado: G 999 827
[cnc_lib] CMD enviado: P 0 0
[cnc_lib] CMD enviado: G 999 828
[cnc_lib] CMD enviado: U 0 0
[cnc_lib] Trazado completado (2 puntos)
[cnc_lib] Iniciando trazado: 2 puntos
[cnc_lib] CMD enviado: U 0 0
[cnc_lib] CMD enviado: G 999 814
[cnc_lib] CMD enviado: P 0 0
[cnc_lib] CMD enviado: G 999 813
[cnc_lib] CMD enviado: U 0 0
[cnc_lib] Trazado completado (2 puntos)
[cnc_lib] Iniciando trazado: 2 puntos
[cnc_lib] CMD enviado: U 0 0
[cnc_lib] CMD enviado: G 999 813
[cnc_lib] CMD enviado: P 0 0
[cnc_lib] CMD enviado: G 998 812
[cnc_lib] CMD enviado: U 0 0
[cnc_lib] Trazado completado (2 puntos)
[cnc_lib] Iniciando trazado: 46 puntos
[cnc_lib] CMD enviado: U 0 0
[cnc_lib] CMD enviado: G 998 812
[cnc_lib] CMD enviado: P 0 0
[cnc_lib] CMD enviado: G 993 812
[cnc_lib] CMD enviado: G 992 813
[cnc_lib] CMD enviado: G 991 813
[cnc_lib] CMD enviado: G 990 814
[cnc_lib] CMD enviado: G 989 814
[cnc_lib] CMD enviado: G 987 816
[cnc_lib] CMD enviado: G 986 816
[cnc_lib] CMD enviado: G 984 818
[cnc_lib] CMD enviado: G 983 818
[cnc_lib] CMD enviado: G 981 820
[cnc_lib] CMD enviado: G 980 820
[cnc_lib] CMD enviado: G 978 822
[cnc_lib] CMD enviado: G 977 822
[cnc_lib] CMD enviado: G 975 824
[cnc_lib] CMD enviado: G 974 824
[cnc_lib] CMD enviado: G 972 826
[cnc_lib] CMD enviado: G 971 826
[cnc_lib] CMD enviado: G 969 828
[cnc_lib] CMD enviado: G 968 828
[cnc_lib] CMD enviado: G 966 830
[cnc_lib] CMD enviado: G 718 830
[cnc_lib] CMD enviado: G 717 829
[cnc_lib] CMD enviado: G 716 829
[cnc_lib] CMD enviado: G 714 827
[cnc_lib] CMD enviado: G 713 827
[cnc_lib] CMD enviado: G 711 825
[cnc_lib] CMD enviado: G 710 825
[cnc_lib] CMD enviado: G 706 821
[cnc_lib] CMD enviado: G 706 777
[cnc_lib] CMD enviado: G 705 776
[cnc_lib] CMD enviado: G 705 774
[cnc_lib] CMD enviado: G 704 773
[cnc_lib] CMD enviado: G 704 772
[cnc_lib] CMD enviado: G 702 770
[cnc_lib] CMD enviado: G 702 769
[cnc_lib] CMD enviado: G 701 768
[cnc_lib] CMD enviado: G 701 767
[cnc_lib] CMD enviado: G 700 766
[cnc_lib] CMD enviado: G 700 765
[cnc_lib] CMD enviado: G 699 764
[cnc_lib] CMD enviado: G 699 763
[cnc_lib] CMD enviado: G 698 762
[cnc_lib] CMD enviado: G 698 759
[cnc_lib] CMD enviado: G 697 758
[cnc_lib] CMD enviado: G 697 695
[cnc_lib] CMD enviado: U 0 0
[cnc_lib] Trazado completado (46 puntos)
[cnc_lib] Iniciando trazado: 53 puntos
[cnc_lib] CMD enviado: U 0 0
[cnc_lib] CMD enviado: G 711 694
[cnc_lib] CMD enviado: P 0 0
[cnc_lib] CMD enviado: G 711 719
[cnc_lib] CMD enviado: G 710 720
[cnc_lib] CMD enviado: G 711 721
[cnc_lib] CMD enviado: G 711 752
[cnc_lib] CMD enviado: G 712 753
[cnc_lib] CMD enviado: G 712 754
[cnc_lib] CMD enviado: G 713 755
[cnc_lib] CMD enviado: G 713 756
[cnc_lib] CMD enviado: G 714 757
[cnc_lib] CMD enviado: G 714 758
[cnc_lib] CMD enviado: G 715 759
[cnc_lib] CMD enviado: G 715 760
[cnc_lib] CMD enviado: G 716 761
[cnc_lib] CMD enviado: G 716 762
[cnc_lib] CMD enviado: G 717 763
[cnc_lib] CMD enviado: G 717 764
[cnc_lib] CMD enviado: G 718 765
[cnc_lib] CMD enviado: G 718 766
[cnc_lib] CMD enviado: G 719 767
[cnc_lib] CMD enviado: G 719 769
[cnc_lib] CMD enviado: G 720 770
[cnc_lib] CMD enviado: G 720 813
[cnc_lib] CMD enviado: G 722 815
[cnc_lib] CMD enviado: G 723 815
[cnc_lib] CMD enviado: G 725 817
[cnc_lib] CMD enviado: G 726 817
[cnc_lib] CMD enviado: G 728 819
[cnc_lib] CMD enviado: G 729 819
[cnc_lib] CMD enviado: G 730 820
[cnc_lib] CMD enviado: G 731 820
[cnc_lib] CMD enviado: G 732 821
[cnc_lib] CMD enviado: G 961 821
[cnc_lib] CMD enviado: G 962 820
[cnc_lib] CMD enviado: G 963 820
[cnc_lib] CMD enviado: G 964 819
[cnc_lib] CMD enviado: G 965 819
[cnc_lib] CMD enviado: G 967 817
[cnc_lib] CMD enviado: G 968 817
[cnc_lib] CMD enviado: G 970 815
[cnc_lib] CMD enviado: G 971 815
[cnc_lib] CMD enviado: G 973 813
[cnc_lib] CMD enviado: G 973 812
[cnc_lib] CMD enviado: G 974 811
[cnc_lib] CMD enviado: G 974 670
[cnc_lib] CMD enviado: G 975 669
[cnc_lib] CMD enviado: G 975 668
[cnc_lib] CMD enviado: G 976 667
[cnc_lib] CMD enviado: G 976 666
[cnc_lib] CMD enviado: G 978 664
[cnc_lib] CMD enviado: G 978 663
[cnc_lib] CMD enviado: G 985 656
[cnc_lib] CMD enviado: G 998 656
[cnc_lib] CMD enviado: U 0 0
[cnc_lib] Trazado completado (53 puntos)
[cnc_lib] Iniciando trazado: 3 puntos
[cnc_lib] CMD enviado: U 0 0
[cnc_lib] CMD enviado: G 998 656
[cnc_lib] CMD enviado: P 0 0
[cnc_lib] CMD enviado: G 999 655
[cnc_lib] CMD enviado: G 999 656
[cnc_lib] CMD enviado: U 0 0
[cnc_lib] Trazado completado (3 puntos)
[cnc_lib] Iniciando trazado: 2 puntos
[cnc_lib] CMD enviado: U 0 0
[cnc_lib] CMD enviado: G 999 656
[cnc_lib] CMD enviado: P 0 0
[cnc_lib] CMD enviado: G 998 656
[cnc_lib] CMD enviado: U 0 0
[cnc_lib] Trazado completado (2 puntos)
[cnc_lib] Iniciando trazado: 2 puntos
[cnc_lib] CMD enviado: U 0 0
[cnc_lib] CMD enviado: G 998 656
[cnc_lib] CMD enviado: P 0 0
[cnc_lib] CMD enviado: G 999 657
[cnc_lib] CMD enviado: U 0 0
[cnc_lib] Trazado completado (2 puntos)
[cnc_lib] Iniciando trazado: 2 puntos
[cnc_lib] CMD enviado: U 0 0
[cnc_lib] CMD enviado: G 999 657
[cnc_lib] CMD enviado: P 0 0
[cnc_lib] CMD enviado: G 999 656
[cnc_lib] CMD enviado: U 0 0
[cnc_lib] Trazado completado (2 puntos)
[cnc_lib] Iniciando trazado: 2 puntos
[cnc_lib] CMD enviado: U 0 0
[cnc_lib] CMD enviado: G 999 657
[cnc_lib] CMD enviado: P 0 0
[cnc_lib] CMD enviado: G 999 658
[cnc_lib] CMD enviado: U 0 0
[cnc_lib] Trazado completado (2 puntos)
[cnc_lib] Iniciando trazado: 2 puntos
[cnc_lib] CMD enviado: U 0 0
[cnc_lib] CMD enviado: G 999 627
[cnc_lib] CMD enviado: P 0 0
[cnc_lib] CMD enviado: G 999 626
[cnc_lib] CMD enviado: U 0 0
[cnc_lib] Trazado completado (2 puntos)
[cnc_lib] Iniciando trazado: 2 puntos
[cnc_lib] CMD enviado: U 0 0
[cnc_lib] CMD enviado: G 999 626
[cnc_lib] CMD enviado: P 0 0
[cnc_lib] CMD enviado: G 998 625
[cnc_lib] CMD enviado: U 0 0
[cnc_lib] Trazado completado (2 puntos)
[cnc_lib] Iniciando trazado: 2 puntos
[cnc_lib] CMD enviado: U 0 0
[cnc_lib] CMD enviado: G 998 625
[cnc_lib] CMD enviado: P 0 0
[cnc_lib] CMD enviado: G 999 625
[cnc_lib] CMD enviado: U 0 0
[cnc_lib] Trazado completado (2 puntos)
[cnc_lib] Iniciando trazado: 2 puntos
[cnc_lib] CMD enviado: U 0 0
[cnc_lib] CMD enviado: G 999 625
[cnc_lib] CMD enviado: P 0 0
[cnc_lib] CMD enviado: G 999 626
[cnc_lib] CMD enviado: U 0 0
[cnc_lib] Trazado completado (2 puntos)
[cnc_lib] Iniciando trazado: 3 puntos
[cnc_lib] CMD enviado: U 0 0
[cnc_lib] CMD enviado: G 999 812
[cnc_lib] CMD enviado: P 0 0
[cnc_lib] CMD enviado: G 999 811
[cnc_lib] CMD enviado: G 998 812
[cnc_lib] CMD enviado: U 0 0
[cnc_lib] Trazado completado (3 puntos)
[cnc_lib] Iniciando trazado: 2 puntos
[cnc_lib] CMD enviado: U 0 0
[cnc_lib] CMD enviado: G 998 812
[cnc_lib] CMD enviado: P 0 0
[cnc_lib] CMD enviado: G 999 812
[cnc_lib] CMD enviado: U 0 0
[cnc_lib] Trazado completado (2 puntos)
[cnc_lib] Iniciando trazado: 2 puntos
[cnc_lib] CMD enviado: U 0 0
[cnc_lib] CMD enviado: G 999 812
[cnc_lib] CMD enviado: P 0 0
[cnc_lib] CMD enviado: G 999 813
[cnc_lib] CMD enviado: U 0 0
[cnc_lib] Trazado completado (2 puntos)
[cnc_lib] Iniciando trazado: 2 puntos
[cnc_lib] CMD enviado: U 0 0
[cnc_lib] CMD enviado: G 706 855
[cnc_lib] CMD enviado: P 0 0
[cnc_lib] CMD enviado: G 706 856
[cnc_lib] CMD enviado: U 0 0
[cnc_lib] Trazado completado (2 puntos)
[cnc_lib] Iniciando trazado: 3 puntos
[cnc_lib] CMD enviado: U 0 0
[cnc_lib] CMD enviado: G 706 856
[cnc_lib] CMD enviado: P 0 0
[cnc_lib] CMD enviado: G 707 856
[cnc_lib] CMD enviado: G 706 855
[cnc_lib] CMD enviado: U 0 0
[cnc_lib] Trazado completado (3 puntos)
[cnc_lib] Iniciando trazado: 2 puntos
[cnc_lib] CMD enviado: U 0 0
[cnc_lib] CMD enviado: G 706 856
[cnc_lib] CMD enviado: P 0 0
[cnc_lib] CMD enviado: G 705 856
[cnc_lib] CMD enviado: U 0 0
[cnc_lib] Trazado completado (2 puntos)
[cnc_lib] Iniciando trazado: 2 puntos
[cnc_lib] CMD enviado: U 0 0
[cnc_lib] CMD enviado: G 679 856
[cnc_lib] CMD enviado: P 0 0
[cnc_lib] CMD enviado: G 679 855
[cnc_lib] CMD enviado: U 0 0
[cnc_lib] Trazado completado (2 puntos)
[cnc_lib] Iniciando trazado: 3 puntos
[cnc_lib] CMD enviado: U 0 0
[cnc_lib] CMD enviado: G 679 855
[cnc_lib] CMD enviado: P 0 0
[cnc_lib] CMD enviado: G 680 856
[cnc_lib] CMD enviado: G 679 856
[cnc_lib] CMD enviado: U 0 0
[cnc_lib] Trazado completado (3 puntos)
[cnc_lib] Iniciando trazado: 2 puntos
[cnc_lib] CMD enviado: U 0 0
[cnc_lib] CMD enviado: G 632 856
[cnc_lib] CMD enviado: P 0 0
[cnc_lib] CMD enviado: G 631 856
[cnc_lib] CMD enviado: U 0 0
[cnc_lib] Trazado completado (2 puntos)
[cnc_lib] Iniciando trazado: 2 puntos
[cnc_lib] CMD enviado: U 0 0
[cnc_lib] CMD enviado: G 631 856
[cnc_lib] CMD enviado: P 0 0
[cnc_lib] CMD enviado: G 630 855
[cnc_lib] CMD enviado: U 0 0
[cnc_lib] Trazado completado (2 puntos)
[cnc_lib] Iniciando trazado: 12 puntos
[cnc_lib] CMD enviado: U 0 0
[cnc_lib] CMD enviado: G 630 855
[cnc_lib] CMD enviado: P 0 0
[cnc_lib] CMD enviado: G 630 810
[cnc_lib] CMD enviado: G 631 809
[cnc_lib] CMD enviado: G 631 807
[cnc_lib] CMD enviado: G 635 803
[cnc_lib] CMD enviado: G 635 783
[cnc_lib] CMD enviado: G 634 782
[cnc_lib] CMD enviado: G 634 781
[cnc_lib] CMD enviado: G 631 778
[cnc_lib] CMD enviado: G 631 776
[cnc_lib] CMD enviado: G 630 775
[cnc_lib] CMD enviado: G 630 695
[cnc_lib] CMD enviado: U 0 0
[cnc_lib] Trazado completado (12 puntos)
[cnc_lib] Iniciando trazado: 2 puntos
[cnc_lib] CMD enviado: U 0 0
[cnc_lib] CMD enviado: G 646 813
[cnc_lib] CMD enviado: P 0 0
[cnc_lib] CMD enviado: G 646 814
[cnc_lib] CMD enviado: U 0 0
[cnc_lib] Trazado completado (2 puntos)
[cnc_lib] Iniciando trazado: 2 puntos
[cnc_lib] CMD enviado: U 0 0
[cnc_lib] CMD enviado: G 646 814
[cnc_lib] CMD enviado: P 0 0
[cnc_lib] CMD enviado: G 647 814
[cnc_lib] CMD enviado: U 0 0
[cnc_lib] Trazado completado (2 puntos)
[cnc_lib] Iniciando trazado: 2 puntos
[cnc_lib] CMD enviado: U 0 0
[cnc_lib] CMD enviado: G 647 814
[cnc_lib] CMD enviado: P 0 0
[cnc_lib] CMD enviado: G 646 813
[cnc_lib] CMD enviado: U 0 0
[cnc_lib] Trazado completado (2 puntos)
[cnc_lib] Iniciando trazado: 16 puntos
[cnc_lib] CMD enviado: U 0 0
[cnc_lib] CMD enviado: G 646 814
[cnc_lib] CMD enviado: P 0 0
[cnc_lib] CMD enviado: G 645 815
[cnc_lib] CMD enviado: G 645 816
[cnc_lib] CMD enviado: G 642 819
[cnc_lib] CMD enviado: G 642 825
[cnc_lib] CMD enviado: G 645 828
[cnc_lib] CMD enviado: G 651 828
[cnc_lib] CMD enviado: G 654 825
[cnc_lib] CMD enviado: G 654 824
[cnc_lib] CMD enviado: G 655 823
[cnc_lib] CMD enviado: G 655 821
[cnc_lib] CMD enviado: G 654 820
[cnc_lib] CMD enviado: G 654 819
[cnc_lib] CMD enviado: G 650 815
[cnc_lib] CMD enviado: G 648 815
[cnc_lib] CMD enviado: G 647 814
[cnc_lib] CMD enviado: U 0 0
[cnc_lib] Trazado completado (16 puntos)
[cnc_lib] Iniciando trazado: 2 puntos
[cnc_lib] CMD enviado: U 0 0
[cnc_lib] CMD enviado: G 630 855
[cnc_lib] CMD enviado: P 0 0
[cnc_lib] CMD enviado: G 629 856
[cnc_lib] CMD enviado: U 0 0
[cnc_lib] Trazado completado (2 puntos)
[cnc_lib] Iniciando trazado: 2 puntos
[cnc_lib] CMD enviado: U 0 0
[cnc_lib] CMD enviado: G 629 856
[cnc_lib] CMD enviado: P 0 0
[cnc_lib] CMD enviado: G 628 856
[cnc_lib] CMD enviado: U 0 0
[cnc_lib] Trazado completado (2 puntos)
[cnc_lib] Iniciando trazado: 2 puntos
[cnc_lib] CMD enviado: U 0 0
[cnc_lib] CMD enviado: G 629 856
[cnc_lib] CMD enviado: P 0 0
[cnc_lib] CMD enviado: G 630 856
[cnc_lib] CMD enviado: U 0 0
[cnc_lib] Trazado completado (2 puntos)
[cnc_lib] Iniciando trazado: 2 puntos
[cnc_lib] CMD enviado: U 0 0
[cnc_lib] CMD enviado: G 630 856
[cnc_lib] CMD enviado: P 0 0
[cnc_lib] CMD enviado: G 630 855
[cnc_lib] CMD enviado: U 0 0
[cnc_lib] Trazado completado (2 puntos)
[cnc_lib] Iniciando trazado: 2 puntos
[cnc_lib] CMD enviado: U 0 0
[cnc_lib] CMD enviado: G 630 856
[cnc_lib] CMD enviado: P 0 0
[cnc_lib] CMD enviado: G 631 856
[cnc_lib] CMD enviado: U 0 0
[cnc_lib] Trazado completado (2 puntos)
[cnc_lib] Iniciando trazado: 2 puntos
[cnc_lib] CMD enviado: U 0 0
[cnc_lib] CMD enviado: G 604 856
[cnc_lib] CMD enviado: P 0 0
[cnc_lib] CMD enviado: G 604 855
[cnc_lib] CMD enviado: U 0 0
[cnc_lib] Trazado completado (2 puntos)
[cnc_lib] Iniciando trazado: 3 puntos
[cnc_lib] CMD enviado: U 0 0
[cnc_lib] CMD enviado: G 604 855
[cnc_lib] CMD enviado: P 0 0
[cnc_lib] CMD enviado: G 605 856
[cnc_lib] CMD enviado: G 604 856
[cnc_lib] CMD enviado: U 0 0
[cnc_lib] Trazado completado (3 puntos)
[cnc_lib] Iniciando trazado: 2 puntos
[cnc_lib] CMD enviado: U 0 0
[cnc_lib] CMD enviado: G 604 856
[cnc_lib] CMD enviado: P 0 0
[cnc_lib] CMD enviado: G 603 856
[cnc_lib] CMD enviado: U 0 0
[cnc_lib] Trazado completado (2 puntos)
[cnc_lib] Iniciando trazado: 2 puntos
[cnc_lib] CMD enviado: U 0 0
[cnc_lib] CMD enviado: G 354 171
[cnc_lib] CMD enviado: P 0 0
[cnc_lib] CMD enviado: G 354 170
[cnc_lib] CMD enviado: U 0 0
[cnc_lib] Trazado completado (2 puntos)
[cnc_lib] Iniciando trazado: 2 puntos
[cnc_lib] CMD enviado: U 0 0
[cnc_lib] CMD enviado: G 354 171
[cnc_lib] CMD enviado: P 0 0
[cnc_lib] CMD enviado: G 353 171
[cnc_lib] CMD enviado: U 0 0
[cnc_lib] Trazado completado (2 puntos)
[cnc_lib] Iniciando trazado: 18 puntos
[cnc_lib] CMD enviado: U 0 0
[cnc_lib] CMD enviado: G 353 171
[cnc_lib] CMD enviado: P 0 0
[cnc_lib] CMD enviado: G 351 173
[cnc_lib] CMD enviado: G 350 173
[cnc_lib] CMD enviado: G 349 174
[cnc_lib] CMD enviado: G 349 175
[cnc_lib] CMD enviado: G 347 177
[cnc_lib] CMD enviado: G 347 181
[cnc_lib] CMD enviado: G 351 185
[cnc_lib] CMD enviado: G 357 185
[cnc_lib] CMD enviado: G 359 183
[cnc_lib] CMD enviado: G 359 182
[cnc_lib] CMD enviado: G 360 181
[cnc_lib] CMD enviado: G 360 177
[cnc_lib] CMD enviado: G 359 176
[cnc_lib] CMD enviado: G 359 175
[cnc_lib] CMD enviado: G 356 172
[cnc_lib] CMD enviado: G 355 172
[cnc_lib] CMD enviado: G 354 171
[cnc_lib] CMD enviado: U 0 0
[cnc_lib] Trazado completado (18 puntos)
[cnc_lib] Iniciando trazado: 2 puntos
[cnc_lib] CMD enviado: U 0 0
[cnc_lib] CMD enviado: G 402 54
[cnc_lib] CMD enviado: P 0 0
[cnc_lib] CMD enviado: G 402 53
[cnc_lib] CMD enviado: U 0 0
[cnc_lib] Trazado completado (2 puntos)
[cnc_lib] Iniciando trazado: 7 puntos
[cnc_lib] CMD enviado: U 0 0
[cnc_lib] CMD enviado: G 402 53
[cnc_lib] CMD enviado: P 0 0
[cnc_lib] CMD enviado: G 400 51
[cnc_lib] CMD enviado: G 399 51
[cnc_lib] CMD enviado: G 377 29
[cnc_lib] CMD enviado: G 377 28
[cnc_lib] CMD enviado: G 376 27
[cnc_lib] CMD enviado: G 376 1
[cnc_lib] CMD enviado: U 0 0
[cnc_lib] Trazado completado (7 puntos)
[cnc_lib] Iniciando trazado: 2 puntos
[cnc_lib] CMD enviado: U 0 0
[cnc_lib] CMD enviado: G 376 1
[cnc_lib] CMD enviado: P 0 0
[cnc_lib] CMD enviado: G 375 0
[cnc_lib] CMD enviado: U 0 0
[cnc_lib] Trazado completado (2 puntos)
[cnc_lib] Iniciando trazado: 2 puntos
[cnc_lib] CMD enviado: U 0 0
[cnc_lib] CMD enviado: G 375 0
[cnc_lib] CMD enviado: P 0 0
[cnc_lib] CMD enviado: G 374 0
[cnc_lib] CMD enviado: U 0 0
[cnc_lib] Trazado completado (2 puntos)
[cnc_lib] Iniciando trazado: 2 puntos
[cnc_lib] CMD enviado: U 0 0
[cnc_lib] CMD enviado: G 375 0
[cnc_lib] CMD enviado: P 0 0
[cnc_lib] CMD enviado: G 376 0
[cnc_lib] CMD enviado: U 0 0
[cnc_lib] Trazado completado (2 puntos)
[cnc_lib] Iniciando trazado: 3 puntos
[cnc_lib] CMD enviado: U 0 0
[cnc_lib] CMD enviado: G 376 0
[cnc_lib] CMD enviado: P 0 0
[cnc_lib] CMD enviado: G 377 0
[cnc_lib] CMD enviado: G 376 1
[cnc_lib] CMD enviado: U 0 0
[cnc_lib] Trazado completado (3 puntos)
[cnc_lib] Iniciando trazado: 2 puntos
[cnc_lib] CMD enviado: U 0 0
[cnc_lib] CMD enviado: G 376 1
[cnc_lib] CMD enviado: P 0 0
[cnc_lib] CMD enviado: G 376 0
[cnc_lib] CMD enviado: U 0 0
[cnc_lib] Trazado completado (2 puntos)
[cnc_lib] Iniciando trazado: 2 puntos
[cnc_lib] CMD enviado: U 0 0
[cnc_lib] CMD enviado: G 402 53
[cnc_lib] CMD enviado: P 0 0
[cnc_lib] CMD enviado: G 403 53
[cnc_lib] CMD enviado: U 0 0
[cnc_lib] Trazado completado (2 puntos)
[cnc_lib] Iniciando trazado: 18 puntos
[cnc_lib] CMD enviado: U 0 0
[cnc_lib] CMD enviado: G 403 53
[cnc_lib] CMD enviado: P 0 0
[cnc_lib] CMD enviado: G 404 53
[cnc_lib] CMD enviado: G 405 52
[cnc_lib] CMD enviado: G 409 52
[cnc_lib] CMD enviado: G 410 53
[cnc_lib] CMD enviado: G 411 53
[cnc_lib] CMD enviado: G 412 54
[cnc_lib] CMD enviado: G 412 55
[cnc_lib] CMD enviado: G 413 56
[cnc_lib] CMD enviado: G 413 62
[cnc_lib] CMD enviado: G 411 64
[cnc_lib] CMD enviado: G 410 64
[cnc_lib] CMD enviado: G 409 65
[cnc_lib] CMD enviado: G 405 65
[cnc_lib] CMD enviado: G 401 61
[cnc_lib] CMD enviado: G 401 56
[cnc_lib] CMD enviado: G 402 55
[cnc_lib] CMD enviado: G 402 54
[cnc_lib] CMD enviado: U 0 0
[cnc_lib] Trazado completado (18 puntos)
[cnc_lib] Iniciando trazado: 2 puntos
[cnc_lib] CMD enviado: U 0 0
[cnc_lib] CMD enviado: G 402 54
[cnc_lib] CMD enviado: P 0 0
[cnc_lib] CMD enviado: G 403 53
[cnc_lib] CMD enviado: U 0 0
[cnc_lib] Trazado completado (2 puntos)
[cnc_lib] Iniciando trazado: 2 puntos
[cnc_lib] CMD enviado: U 0 0
[cnc_lib] CMD enviado: G 455 82
[cnc_lib] CMD enviado: P 0 0
[cnc_lib] CMD enviado: G 456 82
[cnc_lib] CMD enviado: U 0 0
[cnc_lib] Trazado completado (2 puntos)
[cnc_lib] Iniciando trazado: 2 puntos
[cnc_lib] CMD enviado: U 0 0
[cnc_lib] CMD enviado: G 456 82
[cnc_lib] CMD enviado: P 0 0
[cnc_lib] CMD enviado: G 456 81
[cnc_lib] CMD enviado: U 0 0
[cnc_lib] Trazado completado (2 puntos)
[cnc_lib] Iniciando trazado: 2 puntos
[cnc_lib] CMD enviado: U 0 0
[cnc_lib] CMD enviado: G 456 81
[cnc_lib] CMD enviado: P 0 0
[cnc_lib] CMD enviado: G 457 82
[cnc_lib] CMD enviado: U 0 0
[cnc_lib] Trazado completado (2 puntos)
[cnc_lib] Iniciando trazado: 16 puntos
[cnc_lib] CMD enviado: U 0 0
[cnc_lib] CMD enviado: G 457 82
[cnc_lib] CMD enviado: P 0 0
[cnc_lib] CMD enviado: G 459 84
[cnc_lib] CMD enviado: G 460 84
[cnc_lib] CMD enviado: G 461 85
[cnc_lib] CMD enviado: G 461 86
[cnc_lib] CMD enviado: G 462 87
[cnc_lib] CMD enviado: G 462 88
[cnc_lib] CMD enviado: G 463 89
[cnc_lib] CMD enviado: G 463 91
[cnc_lib] CMD enviado: G 462 92
[cnc_lib] CMD enviado: G 462 93
[cnc_lib] CMD enviado: G 459 96
[cnc_lib] CMD enviado: G 454 96
[cnc_lib] CMD enviado: G 449 91
[cnc_lib] CMD enviado: G 449 88
[cnc_lib] CMD enviado: G 455 82
[cnc_lib] CMD enviado: U 0 0
[cnc_lib] Trazado completado (16 puntos)
[cnc_lib] Iniciando trazado: 2 puntos
[cnc_lib] CMD enviado: U 0 0
[cnc_lib] CMD enviado: G 456 82
[cnc_lib] CMD enviado: P 0 0
[cnc_lib] CMD enviado: G 457 82
[cnc_lib] CMD enviado: U 0 0
[cnc_lib] Trazado completado (2 puntos)
[cnc_lib] Iniciando trazado: 3 puntos
[cnc_lib] CMD enviado: U 0 0
[cnc_lib] CMD enviado: G 479 104
[cnc_lib] CMD enviado: P 0 0
[cnc_lib] CMD enviado: G 482 107
[cnc_lib] CMD enviado: G 483 107
[cnc_lib] CMD enviado: U 0 0
[cnc_lib] Trazado completado (3 puntos)
[cnc_lib] Iniciando trazado: 2 puntos
[cnc_lib] CMD enviado: U 0 0
[cnc_lib] CMD enviado: G 501 71
[cnc_lib] CMD enviado: P 0 0
[cnc_lib] CMD enviado: G 501 70
[cnc_lib] CMD enviado: U 0 0
[cnc_lib] Trazado completado (2 puntos)
[cnc_lib] Iniciando trazado: 3 puntos
[cnc_lib] CMD enviado: U 0 0
[cnc_lib] CMD enviado: G 496 48
[cnc_lib] CMD enviado: P 0 0
[cnc_lib] CMD enviado: G 499 48
[cnc_lib] CMD enviado: G 500 47
[cnc_lib] CMD enviado: U 0 0
[cnc_lib] Trazado completado (3 puntos)
[cnc_lib] Iniciando trazado: 2 puntos
[cnc_lib] CMD enviado: U 0 0
[cnc_lib] CMD enviado: G 500 47
[cnc_lib] CMD enviado: P 0 0
[cnc_lib] CMD enviado: G 501 46
[cnc_lib] CMD enviado: U 0 0
[cnc_lib] Trazado completado (2 puntos)
[cnc_lib] Iniciando trazado: 2 puntos
[cnc_lib] CMD enviado: U 0 0
[cnc_lib] CMD enviado: G 501 46
[cnc_lib] CMD enviado: P 0 0
[cnc_lib] CMD enviado: G 501 47
[cnc_lib] CMD enviado: U 0 0
[cnc_lib] Trazado completado (2 puntos)
[cnc_lib] Iniciando trazado: 2 puntos
[cnc_lib] CMD enviado: U 0 0
[cnc_lib] CMD enviado: G 501 47
[cnc_lib] CMD enviado: P 0 0
[cnc_lib] CMD enviado: G 500 47
[cnc_lib] CMD enviado: U 0 0
[cnc_lib] Trazado completado (2 puntos)
[cnc_lib] Iniciando trazado: 2 puntos
[cnc_lib] CMD enviado: U 0 0
[cnc_lib] CMD enviado: G 501 47
[cnc_lib] CMD enviado: P 0 0
[cnc_lib] CMD enviado: G 502 47
[cnc_lib] CMD enviado: U 0 0
[cnc_lib] Trazado completado (2 puntos)
[cnc_lib] CMD enviado: U 0 0
[cnc_lib] CMD enviado: G 0 0
[cnc_lib] Device cerrado.
Trazado CNC completado
