# CNC paths optimized: 134
path 0 points=171
  298 193
  297 193
  296 192
  295 192
  294 191
  293 191
  292 190
  291 189
  290 189
  289 188
  288 187
  287 187
  286 186
  285 186
  284 185
  283 184
  282 184
  281 183
  280 182
  279 182
  278 181
  277 180
  276 179
  275 178
  274 177
  273 176
  272 175
  272 174
  271 173
  270 172
  270 171
  269 170
  269 169
  269 168
  268 167
  268 166
  267 165
  267 164
  267 163
  267 162
  267 161
  266 160
  266 159
  266 158
  267 157
  267 156
  267 155
  267 154
  267 153
  267 152
  267 151
  267 150
  268 149
  268 148
  268 147
  269 146
  269 145
  270 144
  270 143
  271 142
  271 141
  272 140
  273 139
  274 138
  274 137
  275 136
  276 135
  277 134
  278 134
  279 133
  280 132
  281 131
  282 131
  283 130
  284 130
  285 130
  286 130
  287 129
  288 129
  289 129
  290 129
  291 128
  292 128
  293 128
  294 127
  295 127
  296 127
  297 127
  298 127
  299 127
  300 128
  301 128
  302 128
  303 128
  304 129
  305 129
  306 129
  307 129
  308 130
  309 130
  310 131
  311 131
  312 132
  313 133
  314 134
  315 134
  316 135
  317 136
  318 137
  319 137
  320 138
  321 139
  321 140
  322 141
  323 142
  323 143
  324 144
  325 145
  325 146
  325 147
  326 148
  326 149
  327 150
  327 151
  327 152
  328 153
  328 154
  328 155
  328 156
  328 157
  328 158
  328 159
  328 160
  328 161
  328 162
  328 163
  328 164
  327 165
  327 166
  327 167
  326 168
  326 169
  325 170
  325 171
  324 172
  324 173
  323 174
  322 175
  321 176
  320 177
  320 178
  319 179
  318 179
  317 180
  316 181
  315 182
  314 183
  313 183
  312 184
  311 185
  310 186
  309 187
  308 187
  307 188
  306 189
  305 190
  304 190
  303 191
  302 191
  301 192
  300 193
path 1 points=2
  300 193
  299 193
path 2 points=2
  299 193
  298 193
path 3 points=2
  298 193
  299 194
path 4 points=2
  299 194
  299 193
path 5 points=2
  300 193
  299 194
path 6 points=550
  299 194
  299 195
  299 196
  300 197
  300 198
  300 199
  300 200
  300 201
  300 202
  300 203
  300 204
  300 205
  300 206
  300 207
  300 208
  300 209
  300 210
  300 211
  300 212
  300 213
  300 214
  300 215
  300 216
  300 217
  300 218
  300 219
  300 220
  300 221
  300 222
  300 223
  300 224
  300 225
  300 226
  300 227
  300 228
  300 229
  300 230
  300 231
  300 232
  300 233
  300 234
  300 235
  300 236
  300 237
  300 238
  300 239
  300 240
  300 241
  300 242
  300 243
  300 244
  300 245
  300 246
  300 247
  300 248
  300 249
  300 250
  300 251
  300 252
  300 253
  300 254
  300 255
  300 256
  300 257
  300 258
  300 259
  300 260
  300 261
  300 262
  300 263
  300 264
  300 265
  300 266
  300 267
  300 268
  300 269
  300 270
  300 271
  300 272
  300 273
  300 274
  300 275
  300 276
  300 277
  300 278
  300 279
  300 280
  300 281
  300 282
  300 283
  300 284
  300 285
  300 286
  300 287
  300 288
  300 289
  300 290
  300 291
  300 292
  300 293
  300 294
  300 295
  300 296
  300 297
  300 298
  300 299
  300 300
  300 301
  300 302
  300 303
  300 304
  300 305
  300 306
  300 307
  300 308
  300 309
  300 310
  300 311
  300 312
  300 313
  300 314
  300 315
  300 316
  300 317
  300 318
  300 319
  300 320
  300 321
  300 322
  300 323
  300 324
  300 325
  300 326
  300 327
  300 328
  300 329
  300 330
  300 331
  300 332
  300 333
  300 334
  300 335
  300 336
  300 337
  300 338
  300 339
  300 340
  300 341
  300 342
  300 343
  300 344
  300 345
  300 346
  300 347
  300 348
  300 349
  300 350
  300 351
  300 352
  300 353
  300 354
  300 355
  300 356
  300 357
  300 358
  300 359
  300 360
  300 361
  300 362
  300 363
  300 364
  300 365
  300 366
  300 367
  300 368
  300 369
  300 370
  300 371
  300 372
  300 373
  300 374
  300 375
  300 376
  300 377
  300 378
  300 379
  300 380
  300 381
  300 382
  300 383
  300 384
  300 385
  300 386
  300 387
  300 388
  300 389
  300 390
  300 391
  300 392
  300 393
  300 394
  300 395
  300 396
  300 397
  300 398
  300 399
  300 400
  300 401
  300 402
  300 403
  300 404
  300 405
  300 406
  300 407
  301 408
  301 409
  302 410
  303 411
  303 412
  304 413
  304 414
  305 415
  306 416
  306 417
  307 418
  308 419
  309 420
  310 421
  311 422
  312 423
  313 424
  314 425
  315 426
  316 427
  317 428
  318 429
  319 430
  320 431
  321 432
  322 433
  323 434
  324 435
  325 436
  326 437
  327 438
  328 439
  329 440
  330 441
  331 442
  332 443
  333 444
  334 445
  335 446
  336 447
  337 448
  338 449
  339 450
  340 451
  341 452
  342 453
  343 454
  344 455
  345 456
  346 457
  347 458
  348 459
  349 460
  350 461
  351 462
  352 463
  353 464
  354 465
  355 466
  356 467
  357 468
  358 469
  359 470
  360 471
  361 472
  362 473
  363 474
  364 475
  365 476
  366 477
  367 478
  368 479
  369 480
  370 481
  371 482
  372 483
  373 484
  374 485
  375 486
  376 487
  377 488
  378 488
  379 489
  380 490
  381 491
  382 492
  383 493
  384 494
  385 495
  386 496
  387 497
  388 498
  389 499
  390 500
  391 501
  392 502
  393 503
  394 504
  395 505
  396 506
  397 507
  398 508
  399 509
  400 510
  401 511
  402 512
  403 513
  404 514
  405 515
  406 516
  407 517
  408 518
  409 519
  410 520
  411 521
  412 522
  413 523
  414 524
  415 525
  416 526
  417 527
  418 528
  419 529
  420 530
  421 531
  422 532
  423 533
  424 534
  425 535
  426 536
  427 537
  428 538
  429 539
  430 539
  431 540
  432 541
  433 542
  434 543
  435 544
  436 545
  437 546
  438 547
  439 548
  440 549
  441 550
  442 551
  443 552
  444 553
  445 554
  446 555
  447 556
  448 557
  449 558
  450 559
  451 560
  452 561
  453 562
  454 563
  455 564
  456 565
  457 566
  458 567
  459 568
  460 569
  461 570
  462 571
  463 572
  464 573
  465 574
  466 575
  467 576
  468 577
  469 578
  470 579
  471 580
  472 581
  473 582
  474 583
  475 584
  476 585
  477 586
  478 587
  479 588
  480 589
  481 590
  482 591
  483 592
  484 593
  485 594
  486 595
  487 596
  488 597
  489 598
  490 599
  490 600
  491 601
  492 602
  492 603
  493 604
  494 605
  494 606
  495 607
  495 608
  496 609
  496 610
  496 611
  496 612
  496 613
  496 614
  496 615
  496 616
  496 617
  496 618
  496 619
  496 620
  496 621
  496 622
  496 623
  496 624
  496 625
  496 626
  496 627
  496 628
  496 629
  496 630
  496 631
  496 632
  496 633
  496 634
  496 635
  496 636
  496 637
  496 638
  496 639
  496 640
  496 641
  496 642
  496 643
  496 644
  496 645
  496 646
  496 647
  496 648
  496 649
  496 650
  496 651
  496 652
  496 653
  496 654
  496 655
  496 656
  496 657
  496 658
  496 659
  496 660
  496 661
  496 662
  496 663
  496 664
  496 665
  496 666
  496 667
  496 668
  496 669
  496 670
  496 671
  496 672
  496 673
  496 674
  496 675
  496 676
  496 677
  496 678
  496 679
  496 680
  496 681
  496 682
  496 683
  496 684
  496 685
  496 686
  496 687
  496 688
  496 689
  496 690
  496 691
  496 692
  496 693
  496 694
  496 695
  496 696
  496 697
  496 698
  496 699
  496 700
  496 701
  496 702
  496 703
  496 704
  496 705
  496 706
  496 707
  496 708
  496 709
  496 710
  496 711
  496 712
  496 713
  496 714
  496 715
  496 716
  496 717
  496 718
  496 719
  496 720
  496 721
  496 722
  496 723
  496 724
  496 725
  496 726
  496 727
  496 728
  496 729
  496 730
  496 731
  496 732
  496 733
  496 734
  496 735
  496 736
  496 737
  496 738
  496 739
  496 740
  496 741
path 7 points=2226
  557 741
  557 740
  557 739
  557 738
  557 737
  557 736
  557 735
  557 734
  557 733
  557 732
  557 731
  557 730
  557 729
  557 728
  557 727
  557 726
  557 725
  557 724
  557 723
  557 722
  557 721
  557 720
  557 719
  557 718
  557 717
  557 716
  557 715
  557 714
  557 713
  557 712
  557 711
  557 710
  557 709
  557 708
  557 707
  557 706
  557 705
  557 704
  557 703
  557 702
  557 701
  557 700
  557 699
  557 698
  557 697
  557 696
  557 695
  557 694
  557 693
  557 692
  557 691
  557 690
  557 689
  557 688
  557 687
  557 686
  557 685
  557 684
  557 683
  557 682
  557 681
  557 680
  557 679
  557 678
  557 677
  557 676
  557 675
  557 674
  557 673
  557 672
  557 671
  557 670
  557 669
  557 668
  557 667
  557 666
  557 665
  557 664
  557 663
  557 662
  557 661
  557 660
  557 659
  557 658
  557 657
  557 656
  557 655
  557 654
  557 653
  557 652
  557 651
  557 650
  557 649
  557 648
  557 647
  557 646
  557 645
  557 644
  557 643
  557 642
  557 641
  557 640
  557 639
  557 638
  557 637
  557 636
  557 635
  557 634
  557 633
  557 632
  557 631
  557 630
  557 629
  557 628
  557 627
  557 626
  557 625
  557 624
  557 623
  557 622
  557 621
  557 620
  557 619
  557 618
  557 617
  557 616
  557 615
  557 614
  557 613
  557 612
  557 611
  557 610
  557 609
  557 608
  557 607
  557 606
  557 605
  557 604
  558 603
  558 602
  558 601
  558 600
  558 599
  558 598
  558 597
  558 596
  558 595
  558 594
  558 593
  558 592
  558 591
  558 590
  558 589
  558 588
  558 587
  558 586
  558 585
  557 584
  557 583
  557 582
  556 581
  556 580
  555 579
  555 578
  554 577
  553 576
  552 575
  552 574
  551 573
  550 572
  549 571
  548 570
  547 569
  546 568
  545 567
  544 566
  543 565
  542 564
  541 563
  540 562
  539 561
  538 560
  537 559
  536 558
  535 557
  534 556
  533 555
  532 554
  531 553
  530 552
  529 551
  528 550
  527 549
  526 548
  525 547
  524 546
  523 545
  522 544
  521 543
  520 542
  519 541
  518 540
  517 539
  516 538
  515 537
  514 537
  513 536
  512 535
  512 534
  511 533
  510 532
  510 531
  509 530
  509 529
  508 528
  508 527
  507 526
  507 525
  506 524
  506 523
  506 522
  506 521
  506 520
  506 519
  506 518
  506 517
  506 516
  506 515
  506 514
  506 513
  506 512
  506 511
  506 510
  506 509
  506 508
  506 507
  506 506
  506 505
  506 504
  506 503
  506 502
  506 501
  506 500
  506 499
  506 498
  506 497
  506 496
  506 495
  506 494
  506 493
  506 492
  506 491
  506 490
  506 489
  506 488
  506 487
  506 486
  506 485
  506 484
  506 483
  506 482
  506 481
  506 480
  506 479
  506 478
  506 477
  506 476
  506 475
  506 474
  506 473
  506 472
  506 471
  506 470
  506 469
  506 468
  506 467
  506 466
  506 465
  506 464
  506 463
  506 462
  506 461
  506 460
  506 459
  506 458
  506 457
  506 456
  506 455
  506 454
  506 453
  506 452
  506 451
  506 450
  506 449
  506 448
  506 447
  506 446
  506 445
  506 444
  506 443
  506 442
  506 441
  506 440
  506 439
  506 438
  506 437
  506 436
  506 435
  506 434
  506 433
  506 432
  506 431
  506 430
  506 429
  506 428
  506 427
  506 426
  506 425
  506 424
  506 423
  506 422
  506 421
  506 420
  506 419
  506 418
  506 417
  506 416
  506 415
  506 414
  506 413
  506 412
  506 411
  506 410
  506 409
  506 408
  506 407
  506 406
  506 405
  506 404
  506 403
  506 402
  506 401
  506 400
  506 399
  506 398
  506 397
  506 396
  506 395
  506 394
  506 393
  506 392
  506 391
  506 390
  506 389
  506 388
  506 387
  506 386
  506 385
  506 384
  506 383
  506 382
  506 381
  506 380
  506 379
  506 378
  506 377
  506 376
  506 375
  506 374
  506 373
  506 372
  506 371
  506 370
  506 369
  506 368
  506 367
  506 366
  506 365
  506 364
  506 363
  506 362
  506 361
  506 360
  506 359
  506 358
  506 357
  506 356
  506 355
  506 354
  506 353
  506 352
  506 351
  506 350
  506 349
  506 348
  506 347
  506 346
  506 345
  506 344
  506 343
  506 342
  506 341
  506 340
  506 339
  506 338
  506 337
  506 336
  506 335
  506 334
  506 333
  506 332
  506 331
  506 330
  506 329
  506 328
  506 327
  506 326
  506 325
  506 324
  506 323
  506 322
  506 321
  506 320
  506 319
  506 318
  506 317
  506 316
  506 315
  506 314
  506 313
  506 312
  506 311
  506 310
  506 309
  506 308
  506 307
  506 306
  506 305
  506 304
  506 303
  506 302
  506 301
  506 300
  506 299
  506 298
  506 297
  506 296
  506 295
  506 294
  506 293
  506 292
  506 291
  506 290
  506 289
  506 288
  506 287
  506 286
  506 285
  506 284
  506 283
  506 282
  506 281
  506 280
  506 279
  506 278
  506 277
  506 276
  506 275
  506 274
  506 273
  506 272
  506 271
  506 270
  506 269
  506 268
  506 267
  506 266
  506 265
  506 264
  506 263
  506 262
  506 261
  506 260
  506 259
  506 258
  506 257
  506 256
  506 255
  506 254
  506 253
  506 252
  506 251
  506 250
  506 249
  506 248
  506 247
  506 246
  506 245
  506 244
  506 243
  506 242
  506 241
  506 240
  506 239
  506 238
  506 237
  506 236
  506 235
  506 234
  506 233
  506 232
  506 231
  506 230
  506 229
  506 228
  506 227
  506 226
  506 225
  506 224
  506 223
  506 222
  506 221
  506 220
  506 219
  506 218
  506 217
  506 216
  506 215
  506 214
  506 213
  506 212
  506 211
  506 210
  506 209
  506 208
  506 207
  506 206
  506 205
  506 204
  506 203
  506 202
  506 201
  506 200
  506 199
  506 198
  506 197
  506 196
  506 195
  506 194
  506 193
  506 192
  506 191
  506 190
  506 189
  506 188
  506 187
  506 186
  506 185
  507 184
  507 183
  507 182
  507 181
  506 180
  506 179
  506 178
  506 177
  506 176
  506 175
  506 174
  506 173
  506 172
  506 171
  506 170
  506 169
  506 168
  506 167
  506 166
  506 165
  506 164
  506 163
  506 162
  506 161
  506 160
  506 159
  506 158
  506 157
  506 156
  506 155
  506 154
  506 153
  506 152
  506 151
  506 150
  506 149
  506 148
  506 147
  506 146
  506 145
  506 144
  506 143
  506 142
  506 141
  506 140
  506 139
  506 138
  506 137
  506 136
  506 135
  506 134
  506 133
  506 132
  506 131
  506 130
  506 129
  506 128
  506 127
  506 126
  506 125
  506 124
  506 123
  506 122
  506 121
  506 120
  506 119
  506 118
  506 117
  506 116
  506 115
  506 114
  506 113
  506 112
  506 111
  506 110
  506 109
  506 108
  506 107
  506 106
  506 105
  506 104
  506 103
  506 102
  506 101
  506 100
  505 99
  505 98
  504 97
  504 96
  503 95
  503 94
  502 93
  501 92
  501 91
  500 90
  499 89
  498 88
  497 87
  496 86
  495 85
  494 84
  493 83
  492 82
  491 81
  490 80
  489 79
  488 78
  487 77
  486 76
  485 75
  484 74
  483 73
  482 72
  481 71
  480 70
  479 69
  478 68
  477 67
  476 66
  475 65
  474 64
  473 64
  472 63
  471 62
  470 62
  469 61
  468 61
  467 60
  466 60
  465 59
  464 59
  463 58
  462 58
  461 58
  460 58
  459 58
  458 58
  457 58
  456 58
  455 58
  454 58
  453 58
  452 58
  451 58
  450 58
  449 58
  448 58
  447 58
  446 58
  445 58
  444 58
  443 58
  442 58
  441 58
  440 58
  439 58
  438 58
  437 58
  436 58
  435 58
  434 58
  433 58
  432 58
  431 58
  430 58
  429 58
  428 58
  427 58
  426 58
  425 58
  424 58
  423 58
  422 58
  421 58
  420 58
  419 58
  418 58
  417 58
  416 58
  415 58
  414 58
  413 58
  412 58
  411 58
  410 58
  409 58
  408 58
  407 58
  406 58
  405 58
  404 58
  403 58
  402 58
  401 58
  400 58
  399 58
  398 58
  397 58
  396 58
  395 58
  394 58
  393 58
  392 58
  391 58
  390 58
  389 58
  388 58
  387 58
  386 58
  385 58
  384 58
  383 58
  382 58
  381 58
  380 58
  379 58
  378 58
  377 58
  376 58
  375 58
  374 58
  373 58
  372 58
  371 58
  370 58
  369 58
  368 58
  367 58
  366 58
  365 58
  364 58
  363 58
  362 58
  361 58
  360 58
  359 58
  358 58
  357 58
  356 58
  355 58
  354 58
  353 58
  352 58
  351 58
  350 58
  349 58
  348 58
  347 58
  346 58
  345 58
  344 58
  343 58
  342 58
  341 58
  340 58
  339 58
  338 58
  337 58
  336 58
  335 58
  334 58
  333 58
  332 59
  331 59
  330 59
  329 59
  328 59
  327 59
  326 59
  325 59
  324 59
  323 59
  322 59
  321 59
  320 59
  319 59
  318 59
  317 59
  316 59
  315 59
  314 59
  313 59
  312 59
  311 59
  310 59
  309 59
  308 59
  307 59
  306 59
  305 59
  304 59
  303 59
  302 59
  301 59
  300 59
  299 59
  298 59
  297 59
  296 59
  295 59
  294 59
  293 59
  292 59
  291 59
  290 59
  289 59
  288 59
  287 59
  286 59
  285 59
  284 59
  283 59
  282 59
  281 59
  280 59
  279 59
  278 59
  277 59
  276 59
  275 59
  274 59
  273 59
  272 59
  271 59
  270 59
  269 59
  268 59
  267 59
  266 59
  265 59
  264 59
  263 59
  262 59
  261 59
  260 59
  259 59
  258 59
  257 59
  256 59
  255 59
  254 59
  253 59
  252 59
  251 59
  250 59
  249 59
  248 59
  247 59
  246 59
  245 59
  244 59
  243 59
  242 59
  241 59
  240 59
  239 59
  238 59
  237 59
  236 59
  235 59
  234 59
  233 59
  232 59
  231 59
  230 59
  229 59
  228 59
  227 59
  226 59
  225 59
  224 59
  223 59
  222 59
  221 59
  220 59
  219 59
  218 59
  217 59
  216 59
  215 59
  214 59
  213 59
  212 59
  211 59
  210 59
  209 59
  208 59
  207 59
  206 59
  205 59
  204 59
  203 59
  202 59
  201 59
  200 59
  199 59
  198 59
  197 59
  196 59
  195 59
  194 59
  193 59
  192 59
  191 59
  190 59
  189 60
  188 60
  187 60
  186 61
  185 61
  184 62
  183 63
  182 64
  181 64
  180 65
  179 66
  178 67
  177 68
  176 69
  175 70
  174 71
  173 72
  172 73
  171 74
  170 75
  169 76
  168 77
  167 78
  166 79
  165 80
  164 81
  163 82
  162 83
  161 84
  160 85
  159 86
  158 87
  157 88
  156 89
  155 90
  154 91
  153 92
  152 93
  151 94
  150 95
  149 96
  148 97
  147 98
  146 99
  146 100
  145 101
  144 102
  143 103
  142 104
  141 105
  140 106
  139 107
  138 108
  137 109
  136 110
  135 111
  134 112
  133 113
  132 114
  131 115
  130 116
  129 117
  128 117
  127 118
  126 119
  125 120
  124 121
  123 122
  122 123
  122 124
  121 125
  120 126
  119 127
  119 128
  118 129
  118 130
  118 131
  117 132
  117 133
  116 134
  116 135
  116 136
  116 137
  116 138
  116 139
  116 140
  116 141
  116 142
  116 143
  116 144
  116 145
  116 146
  116 147
  116 148
  116 149
  116 150
  116 151
  116 152
  116 153
  116 154
  116 155
  116 156
  116 157
  116 158
  116 159
  116 160
  116 161
  116 162
  116 163
  116 164
  116 165
  116 166
  116 167
  116 168
  116 169
  116 170
  116 171
  116 172
  116 173
  116 174
  116 175
  116 176
  116 177
  116 178
  116 179
  116 180
  116 181
  116 182
  116 183
  116 184
  116 185
  116 186
  116 187
  116 188
  116 189
  116 190
  116 191
  116 192
  116 193
  116 194
  116 195
  116 196
  116 197
  116 198
  116 199
  116 200
  116 201
  116 202
  116 203
  116 204
  116 205
  116 206
  116 207
  116 208
  116 209
  116 210
  116 211
  116 212
  116 213
  116 214
  116 215
  116 216
  116 217
  116 218
  116 219
  116 220
  116 221
  116 222
  116 223
  116 224
  116 225
  116 226
  116 227
  116 228
  116 229
  116 230
  116 231
  116 232
  116 233
  116 234
  116 235
  116 236
  116 237
  116 238
  116 239
  116 240
  116 241
  116 242
  116 243
  116 244
  116 245
  116 246
  116 247
  116 248
  116 249
  116 250
  116 251
  116 252
  116 253
  116 254
  116 255
  116 256
  116 257
  116 258
  116 259
  116 260
  116 261
  116 262
  116 263
  116 264
  116 265
  116 266
  116 267
  116 268
  116 269
  116 270
  116 271
  116 272
  116 273
  116 274
  116 275
  116 276
  116 277
  116 278
  116 279
  116 280
  116 281
  116 282
  116 283
  116 284
  116 285
  116 286
  116 287
  116 288
  116 289
  116 290
  116 291
  116 292
  116 293
  116 294
  116 295
  116 296
  116 297
  116 298
  116 299
  116 300
  116 301
  116 302
  116 303
  116 304
  116 305
  116 306
  116 307
  116 308
  116 309
  116 310
  116 311
  116 312
  116 313
  116 314
  116 315
  116 316
  116 317
  116 318
  116 319
  116 320
  116 321
  116 322
  116 323
  116 324
  116 325
  116 326
  116 327
  116 328
  116 329
  116 330
  116 331
  116 332
  116 333
  116 334
  116 335
  116 336
  116 337
  116 338
  116 339
  116 340
  116 341
  116 342
  116 343
  116 344
  116 345
  116 346
  116 347
  116 348
  116 349
  116 350
  116 351
  116 352
  116 353
  116 354
  116 355
  116 356
  116 357
  116 358
  116 359
  116 360
  116 361
  116 362
  116 363
  116 364
  116 365
  116 366
  116 367
  116 368
  116 369
  116 370
  116 371
  116 372
  116 373
  116 374
  116 375
  116 376
  116 377
  116 378
  116 379
  116 380
  116 381
  116 382
  116 383
  116 384
  116 385
  116 386
  116 387
  116 388
  116 389
  116 390
  116 391
  116 392
  116 393
  116 394
  116 395
  116 396
  116 397
  116 398
  116 399
  116 400
  116 401
  116 402
  116 403
  116 404
  116 405
  116 406
  116 407
  116 408
  116 409
  116 410
  116 411
  116 412
  116 413
  116 414
  116 415
  116 416
  116 417
  116 418
  116 419
  116 420
  116 421
  116 422
  116 423
  116 424
  116 425
  116 426
  116 427
  116 428
  116 429
  116 430
  116 431
  116 432
  116 433
  116 434
  116 435
  116 436
  116 437
  116 438
  116 439
  116 440
  116 441
  116 442
  116 443
  116 444
  116 445
  116 446
  116 447
  116 448
  116 449
  116 450
  116 451
  116 452
  116 453
  116 454
  116 455
  116 456
  116 457
  116 458
  116 459
  116 460
  116 461
  116 462
  116 463
  116 464
  116 465
  116 466
  116 467
  116 468
  116 469
  116 470
  116 471
  116 472
  116 473
  116 474
  116 475
  116 476
  116 477
  116 478
  116 479
  116 480
  116 481
  116 482
  116 483
  116 484
  116 485
  116 486
  116 487
  116 488
  116 489
  116 490
  116 491
  116 492
  115 493
  115 494
  114 495
  114 496
  113 497
  112 498
  112 499
  111 500
  110 501
  109 502
  108 503
  108 504
  107 505
  106 506
  105 507
  104 508
  103 509
  102 510
  101 511
  100 512
  99 513
  98 514
  97 515
  96 516
  96 517
  95 518
  94 519
  93 520
  92 521
  91 522
  90 523
  89 524
  88 525
  87 526
  86 527
  85 528
  84 529
  83 530
  82 531
  81 532
  80 533
  79 534
  78 535
  77 536
  76 537
  75 538
  74 539
  73 540
  72 541
  71 542
  70 543
  69 544
  68 545
  67 546
  66 547
  66 548
  65 549
  64 550
  64 551
  63 552
  62 553
  62 554
  61 555
  61 556
  60 557
  60 558
  59 559
  59 560
  59 561
  59 562
  59 563
  59 564
  59 565
  59 566
  59 567
  59 568
  59 569
  59 570
  59 571
  59 572
  59 573
  59 574
  59 575
  59 576
  59 577
  59 578
  59 579
  59 580
  59 581
  59 582
  59 583
  59 584
  59 585
  59 586
  59 587
  59 588
  59 589
  59 590
  59 591
  59 592
  59 593
  59 594
  59 595
  59 596
  59 597
  59 598
  59 599
  59 600
  59 601
  59 602
  59 603
  59 604
  59 605
  59 606
  59 607
  59 608
  59 609
  59 610
  59 611
  59 612
  59 613
  59 614
  59 615
  59 616
  59 617
  59 618
  59 619
  59 620
  59 621
  59 622
  59 623
  59 624
  59 625
  59 626
  59 627
  59 628
  59 629
  59 630
  59 631
  59 632
  59 633
  59 634
  59 635
  59 636
  59 637
  59 638
  59 639
  59 640
  59 641
  59 642
  59 643
  59 644
  59 645
  59 646
  59 647
  59 648
  59 649
  59 650
  59 651
  59 652
  59 653
  59 654
  59 655
  59 656
  59 657
  59 658
  59 659
  59 660
  59 661
  59 662
  59 663
  59 664
  59 665
  59 666
  59 667
  59 668
  59 669
  59 670
  59 671
  59 672
  59 673
  59 674
  59 675
  59 676
  59 677
  59 678
  59 679
  59 680
  59 681
  59 682
  59 683
  59 684
  59 685
  59 686
  59 687
  59 688
  59 689
  59 690
  59 691
  59 692
  59 693
  59 694
  59 695
  59 696
  59 697
  59 698
  59 699
  59 700
  59 701
  59 702
  59 703
  59 704
  59 705
  59 706
  59 707
  59 708
  59 709
  59 710
  59 711
  59 712
  59 713
  59 714
  59 715
  59 716
  59 717
  59 718
  59 719
  59 720
  59 721
  59 722
  59 723
  59 724
  59 725
  59 726
  59 727
  59 728
  59 729
  59 730
  59 731
  59 732
  59 733
  59 734
  59 735
  59 736
  59 737
  59 738
  59 739
  59 740
  59 741
  59 742
  59 743
  59 744
  59 745
  59 746
  59 747
  59 748
  59 749
  59 750
  59 751
  59 752
  59 753
  59 754
  59 755
  59 756
  59 757
  59 758
  59 759
  59 760
  59 761
  59 762
  59 763
  59 764
  59 765
  59 766
  59 767
  59 768
  59 769
  59 770
  59 771
  59 772
  59 773
  59 774
  59 775
  59 776
  59 777
  59 778
  59 779
  59 780
  59 781
  59 782
  59 783
  59 784
  59 785
  59 786
  59 787
  59 788
  59 789
  59 790
  59 791
  59 792
  59 793
  59 794
  59 795
  59 796
  59 797
  59 798
  59 799
  59 800
  59 801
  59 802
  60 803
  60 804
  60 805
  60 806
  60 807
  61 808
  61 809
  62 810
  62 811
  63 812
  64 813
  64 814
  65 815
  65 816
  66 817
  67 818
  68 819
  69 820
  70 821
  71 822
  72 823
  73 824
  74 825
  75 826
  76 827
  77 828
  78 829
  79 830
  80 831
  81 832
  82 833
  83 834
  84 835
  85 836
  86 837
  87 838
  88 839
  89 840
  90 841
  91 842
  92 843
  93 844
  94 845
  95 846
  96 847
  97 848
  98 849
  99 850
  100 851
  101 852
  102 853
  103 854
  104 855
  105 856
  106 857
  107 858
  108 859
  109 860
  110 861
  111 862
  112 863
  113 864
  114 865
  115 866
  116 867
  117 868
  118 869
  119 870
  120 871
  121 872
  122 873
  123 874
  124 875
  125 876
  126 877
  127 878
  128 879
  129 880
  130 881
  131 882
  132 883
  133 884
  134 885
  135 886
  136 887
  137 888
  138 889
  139 890
  140 891
  141 892
  142 893
  143 894
  144 895
  145 896
  146 897
  147 898
  148 899
  149 900
  150 901
  151 902
  152 903
  153 904
  154 905
  155 906
  156 907
  157 908
  158 909
  159 910
  160 911
  161 912
  162 913
  163 914
  164 915
  165 916
  166 917
  167 918
  168 919
  169 920
  170 921
  171 922
  172 923
  173 924
  174 925
  175 926
  176 927
  177 928
  178 929
  179 930
  180 931
  181 931
  182 932
  183 933
  184 934
  185 934
  186 935
  187 936
  188 936
  189 937
  190 937
  191 938
  192 938
  193 938
  194 938
  195 938
  196 938
  197 938
  198 938
  199 938
  200 938
  201 938
  202 938
  203 938
  204 938
  205 938
  206 938
  207 938
  208 938
  209 938
  210 938
  211 938
  212 938
  213 938
  214 938
  215 938
  216 938
  217 938
  218 938
  219 938
  220 938
  221 938
  222 938
  223 938
  224 938
  225 939
  226 939
  227 939
  228 939
  229 939
  230 939
  231 939
  232 939
  233 939
  234 939
  235 938
  236 938
  237 938
  238 938
  239 938
  240 938
  241 938
  242 938
  243 938
  244 938
  245 938
  246 938
  247 938
  248 938
  249 938
  250 938
  251 938
  252 938
  253 938
  254 938
  255 938
  256 938
  257 938
  258 938
  259 938
  260 938
  261 938
  262 938
  263 938
  264 938
  265 938
  266 938
  267 938
  268 938
  269 938
  270 938
  271 938
  272 938
  273 938
  274 938
  275 938
  276 938
  277 938
  278 938
  279 938
  280 938
  281 938
  282 938
  283 938
  284 938
  285 938
  286 938
  287 938
  288 938
  289 938
  290 938
  291 938
  292 938
  293 938
  294 938
  295 938
  296 938
  297 938
  298 938
  299 938
  300 938
  301 938
  302 938
  303 938
  304 938
  305 938
  306 938
  307 938
  308 938
  309 938
  310 938
  311 938
  312 938
  313 938
  314 938
  315 938
  316 938
  317 938
  318 938
  319 938
  320 938
  321 938
  322 938
  323 938
  324 938
  325 938
  326 938
  327 938
  328 938
  329 938
  330 938
  331 938
  332 938
  333 938
  334 938
  335 938
  336 938
  337 938
  338 938
  339 938
  340 938
  341 938
  342 938
  343 938
  344 938
  345 938
  346 938
  347 938
  348 938
  349 938
  350 938
  351 938
  352 938
  353 938
  354 938
  355 938
  356 939
  357 939
  358 939
  359 939
  360 939
  361 939
  362 939
  363 939
  364 939
  365 939
  366 939
  367 939
  368 939
  369 939
  370 939
  371 939
  372 939
  373 939
  374 939
  375 939
  376 939
  377 939
  378 939
  379 939
  380 939
  381 939
  382 939
  383 939
  384 939
  385 939
  386 939
  387 939
  388 939
  389 939
  390 939
  391 939
  392 939
  393 939
  394 939
  395 939
  396 939
  397 939
  398 939
  399 939
  400 939
  401 939
  402 939
  403 939
  404 939
  405 939
  406 939
  407 939
  408 939
  409 939
  410 939
  411 939
  412 939
  413 939
  414 939
  415 939
  416 939
  417 939
  418 939
  419 939
  420 939
  421 939
  422 939
  423 939
  424 939
  425 939
  426 939
  427 939
  428 939
  429 939
  430 939
  431 939
  432 939
  433 939
  434 939
  435 939
  436 939
  437 939
  438 939
  439 939
  440 939
  441 939
  442 939
  443 939
  444 939
  445 939
  446 939
  447 939
  448 939
  449 939
  450 939
  451 939
  452 939
  453 939
  454 939
  455 939
  456 939
  457 939
  458 939
  459 939
  460 939
  461 939
  462 939
  463 939
  464 939
  465 939
  466 939
  467 939
  468 939
  469 939
  470 939
  471 939
  472 939
  473 939
  474 939
  475 939
  476 939
  477 939
  478 939
  479 939
  480 939
  481 939
  482 939
  483 939
  484 939
  485 939
  486 938
  487 938
  488 937
  489 937
  490 936
  491 936
  492 935
  493 934
  493 933
  493 932
  494 931
  494 930
  495 929
  495 928
  496 927
  496 926
  496 925
  496 924
  496 923
  496 922
  496 921
  496 920
  496 919
  496 918
  496 917
  496 916
  496 915
  496 914
  496 913
  496 912
  496 911
  496 910
  496 909
  496 908
  496 907
  496 906
  496 905
  496 904
  496 903
  496 902
  496 901
  496 900
  496 899
  496 898
  496 897
  496 896
  496 895
  496 894
  496 893
  496 892
  496 891
  496 890
  496 889
  496 888
  496 887
  496 886
  496 885
  496 884
  496 883
  496 882
  496 881
  496 880
  496 879
  496 878
  496 877
  496 876
  496 875
  496 874
  496 873
  496 872
  496 871
  496 870
  496 869
  496 868
  496 867
  496 866
  496 865
  496 864
  496 863
  496 862
  496 861
path 8 points=85
  553 856
  554 856
  555 857
  556 858
  557 859
  558 860
  559 861
  559 862
  559 863
  559 864
  559 865
  559 866
  559 867
  559 868
  558 869
  558 870
  558 871
  558 872
  558 873
  558 874
  558 875
  558 876
  558 877
  558 878
  558 879
  558 880
  558 881
  558 882
  558 883
  558 884
  558 885
  558 886
  558 887
  558 888
  558 889
  558 890
  558 891
  558 892
  558 893
  558 894
  558 895
  558 896
  558 897
  558 898
  558 899
  558 900
  558 901
  558 902
  558 903
  558 904
  558 905
  558 906
  558 907
  558 908
  558 909
  558 910
  558 911
  558 912
  558 913
  558 914
  558 915
  558 916
  558 917
  558 918
  558 919
  558 920
  558 921
  558 922
  558 923
  558 924
  558 925
  558 926
  558 927
  558 928
  558 929
  558 930
  558 931
  558 932
  558 933
  559 934
  559 935
  559 936
  559 937
  559 938
  559 939
path 9 points=1334
  615 861
  615 862
  615 863
  615 864
  615 865
  615 866
  615 867
  615 868
  615 869
  615 870
  615 871
  615 872
  615 873
  615 874
  615 875
  615 876
  615 877
  615 878
  615 879
  615 880
  615 881
  615 882
  615 883
  615 884
  615 885
  615 886
  615 887
  615 888
  615 889
  615 890
  615 891
  615 892
  615 893
  615 894
  615 895
  615 896
  615 897
  615 898
  615 899
  615 900
  615 901
  615 902
  615 903
  615 904
  615 905
  615 906
  615 907
  615 908
  615 909
  615 910
  615 911
  615 912
  615 913
  615 914
  615 915
  615 916
  615 917
  615 918
  615 919
  615 920
  615 921
  615 922
  615 923
  615 924
  615 925
  615 926
  615 927
  615 928
  615 929
  615 930
  615 931
  615 932
  615 933
  615 934
  615 935
  615 936
  615 937
  615 938
  615 939
  615 940
  615 941
  615 942
  616 943
  616 944
  617 945
  617 946
  618 947
  619 948
  619 949
  620 950
  620 951
  621 952
  622 953
  623 954
  624 955
  625 956
  626 956
  627 957
  628 957
  629 958
  630 958
  631 959
  632 959
  633 960
  634 960
  635 960
  636 960
  637 960
  638 960
  639 960
  640 960
  641 960
  642 960
  643 960
  644 960
  645 960
  646 960
  647 960
  648 960
  649 960
  650 960
  651 960
  652 960
  653 960
  654 960
  655 960
  656 960
  657 960
  658 960
  659 960
  660 960
  661 960
  662 960
  663 960
  664 960
  665 960
  666 960
  667 960
  668 960
  669 960
  670 960
  671 960
  672 960
  673 960
  674 960
  675 960
  676 960
  677 960
  678 960
  679 960
  680 960
  681 960
  682 960
  683 960
  684 960
  685 960
  686 960
  687 960
  688 960
  689 960
  690 960
  691 960
  692 960
  693 960
  694 960
  695 960
  696 960
  697 960
  698 960
  699 960
  700 960
  701 960
  702 960
  703 960
  704 960
  705 960
  706 960
  707 960
  708 960
  709 960
  710 960
  711 960
  712 960
  713 960
  714 960
  715 960
  716 960
  717 960
  718 960
  719 960
  720 960
  721 960
  722 960
  723 960
  724 960
  725 960
  726 960
  727 960
  728 960
  729 960
  730 960
  731 960
  732 960
  733 960
  734 960
  735 960
  736 960
  737 960
  738 960
  739 960
  740 960
  741 960
  742 960
  743 960
  744 960
  745 960
  746 960
  747 960
  748 960
  749 960
  750 960
  751 960
  752 960
  753 960
  754 960
  755 960
  756 960
  757 960
  758 960
  759 960
  760 960
  761 960
  762 960
  763 960
  764 960
  765 960
  766 960
  767 960
  768 960
  769 960
  770 960
  771 960
  772 960
  773 960
  774 960
  775 960
  776 960
  777 960
  778 960
  779 960
  780 960
  781 960
  782 960
  783 960
  784 960
  785 960
  786 960
  787 960
  788 960
  789 960
  790 960
  791 960
  792 960
  793 960
  794 960
  795 960
  796 960
  797 960
  798 960
  799 960
  800 960
  801 960
  802 960
  803 960
  804 960
  805 960
  806 960
  807 960
  808 960
  809 960
  810 960
  811 960
  812 960
  813 960
  814 960
  815 960
  816 960
  817 960
  818 960
  819 960
  820 960
  821 960
  822 960
  823 960
  824 960
  825 960
  826 960
  827 960
  828 960
  829 960
  830 960
  831 960
  832 960
  833 960
  834 960
  835 960
  836 960
  837 960
  838 960
  839 960
  840 960
  841 960
  842 960
  843 960
  844 960
  845 960
  846 960
  847 960
  848 960
  849 960
  850 960
  851 960
  852 960
  853 960
  854 960
  855 960
  856 960
  857 960
  858 960
  859 960
  860 960
  861 960
  862 960
  863 960
  864 960
  865 960
  866 960
  867 960
  868 960
  869 960
  870 960
  871 960
  872 960
  873 960
  874 960
  875 960
  876 960
  877 960
  878 960
  879 960
  880 960
  881 960
  882 960
  883 960
  884 960
  885 960
  886 960
  887 960
  888 960
  889 960
  890 960
  891 960
  892 960
  893 960
  894 960
  895 960
  896 960
  897 960
  898 960
  899 960
  900 960
  901 960
  902 960
  903 960
  904 960
  905 960
  906 960
  907 960
  908 960
  909 960
  910 960
  911 960
  912 960
  913 960
  914 960
  915 960
  916 960
  917 960
  918 960
  919 960
  920 960
  921 960
  922 960
  923 960
  924 960
  925 960
  926 960
  927 960
  928 960
  929 960
  930 960
  931 960
  932 960
  933 960
  934 960
  935 960
  936 960
  937 960
  938 960
  939 960
  940 960
  941 960
  942 960
  943 960
  944 960
  945 960
  946 960
  947 960
  948 960
  949 960
  950 960
  951 960
  952 960
  953 960
  954 960
  955 960
  956 960
  957 960
  958 960
  959 960
  960 960
  961 960
  962 960
  963 960
  964 960
  965 960
  966 960
  967 960
  968 960
  969 960
  970 960
  971 960
  972 960
  973 960
  974 960
  975 960
  976 960
  977 960
  978 960
  979 960
  980 960
  981 960
  982 960
  983 960
  984 960
  985 960
  986 960
  987 960
  988 960
  989 960
  990 960
  991 960
  992 960
  993 960
  994 960
  995 960
  996 960
  997 960
  998 960
  999 960
  1000 960
  1001 960
  1002 960
  1003 960
  1004 960
  1005 960
  1006 960
  1007 960
  1008 960
  1009 960
  1010 960
  1011 960
  1012 960
  1013 960
  1014 960
  1015 960
  1016 960
  1017 960
  1018 960
  1019 960
  1020 960
  1021 960
  1022 960
  1023 960
  1024 960
  1025 960
  1026 960
  1027 960
  1028 960
  1029 960
  1030 960
  1031 960
  1032 960
  1033 960
  1034 960
  1035 960
  1036 960
  1037 960
  1038 960
  1039 960
  1040 960
  1041 960
  1042 960
  1043 960
  1044 960
  1045 960
  1046 960
  1047 960
  1048 960
  1049 960
  1050 960
  1051 960
  1052 960
  1053 960
  1054 960
  1055 960
  1056 960
  1057 960
  1058 960
  1059 960
  1060 960
  1061 960
  1062 960
  1063 960
  1064 960
  1065 960
  1066 960
  1067 960
  1068 960
  1069 960
  1070 960
  1071 960
  1072 960
  1073 960
  1074 960
  1075 960
  1076 960
  1077 960
  1078 960
  1079 960
  1080 960
  1081 960
  1082 960
  1083 960
  1084 960
  1085 960
  1086 960
  1087 960
  1088 960
  1089 960
  1090 960
  1091 960
  1092 960
  1093 960
  1094 960
  1095 960
  1096 960
  1097 960
  1098 960
  1099 960
  1100 960
  1101 960
  1102 960
  1103 960
  1104 960
  1105 960
  1106 960
  1107 960
  1108 960
  1109 960
  1110 960
  1111 960
  1112 960
  1113 960
  1114 960
  1115 960
  1116 960
  1117 960
  1118 960
  1119 960
  1120 960
  1121 960
  1122 960
  1123 960
  1124 960
  1125 960
  1126 960
  1127 960
  1128 960
  1129 960
  1130 960
  1131 960
  1132 960
  1133 960
  1134 960
  1135 960
  1136 960
  1137 960
  1138 960
  1139 960
  1140 960
  1141 960
  1142 960
  1143 960
  1144 960
  1145 960
  1146 960
  1147 960
  1148 960
  1149 960
  1150 960
  1151 960
  1152 960
  1153 960
  1154 960
  1155 960
  1156 960
  1157 960
  1158 960
  1159 960
  1160 960
  1161 960
  1162 960
  1163 960
  1164 960
  1165 960
  1166 960
  1167 960
  1168 960
  1169 960
  1170 960
  1171 960
  1172 960
  1173 960
  1174 960
  1175 960
  1176 960
  1177 960
  1178 960
  1179 960
  1180 960
  1181 960
  1182 960
  1183 960
  1184 960
  1185 960
  1186 960
  1187 960
  1188 960
  1189 960
  1190 960
  1191 960
  1192 960
  1193 960
  1194 960
  1195 960
  1196 960
  1197 960
  1198 960
  1199 960
  1200 960
  1201 960
  1202 960
  1203 960
  1204 960
  1205 960
  1206 960
  1207 960
  1208 960
  1209 960
  1210 960
  1211 960
  1212 960
  1213 960
  1214 960
  1215 960
  1216 960
  1217 960
  1218 960
  1219 960
  1220 960
  1221 960
  1222 960
  1223 960
  1224 960
  1225 960
  1226 960
  1227 960
  1228 960
  1229 960
  1230 960
  1231 960
  1232 960
  1233 960
  1234 960
  1235 960
  1236 960
  1237 960
  1238 960
  1239 960
  1240 960
  1241 960
  1242 960
  1243 960
  1244 960
  1245 960
  1246 960
  1247 960
  1248 960
  1249 960
  1250 960
  1251 960
  1252 960
  1253 960
  1254 960
  1255 960
  1256 960
  1257 960
  1258 960
  1259 960
  1260 960
  1261 960
  1262 960
  1263 960
  1264 960
  1265 960
  1266 960
  1267 960
  1268 960
  1269 960
  1270 960
  1271 960
  1272 960
  1273 960
  1274 960
  1275 960
  1276 960
  1277 960
  1278 960
  1279 960
  1280 960
  1281 960
  1282 960
  1283 960
  1284 960
  1285 960
  1286 960
  1287 960
  1288 960
  1289 960
  1290 960
  1291 960
  1292 960
  1293 960
  1294 960
  1295 960
  1296 960
  1297 960
  1298 959
  1299 959
  1300 958
  1301 958
  1302 958
  1303 957
  1304 956
  1305 955
  1306 955
  1307 954
  1308 953
  1309 952
  1310 951
  1311 950
  1312 949
  1313 948
  1314 947
  1315 946
  1316 945
  1317 944
  1318 943
  1319 942
  1320 941
  1321 940
  1322 939
  1323 938
  1324 937
  1325 936
  1326 935
  1327 934
  1328 933
  1329 932
  1330 931
  1331 930
  1332 929
  1333 928
  1334 927
  1335 926
  1336 925
  1337 924
  1338 923
  1339 922
  1340 921
  1341 920
  1342 919
  1343 918
  1344 917
  1345 916
  1346 915
  1347 914
  1348 913
  1349 912
  1350 911
  1351 910
  1352 909
  1353 908
  1354 907
  1355 906
  1356 905
  1357 904
  1358 903
  1359 902
  1360 901
  1361 900
  1362 899
  1363 898
  1364 897
  1365 896
  1366 895
  1367 894
  1368 893
  1369 892
  1370 891
  1371 890
  1372 889
  1373 888
  1374 887
  1375 886
  1376 885
  1377 884
  1378 883
  1379 882
  1379 881
  1380 880
  1381 879
  1382 878
  1383 877
  1384 876
  1385 875
  1386 874
  1387 873
  1388 872
  1389 871
  1390 870
  1391 869
  1392 868
  1393 867
  1394 866
  1395 865
  1396 864
  1397 863
  1398 862
  1399 861
  1399 860
  1400 859
  1401 858
  1401 857
  1402 856
  1402 855
  1403 854
  1403 853
  1403 852
  1404 851
  1404 850
  1404 849
  1404 848
  1404 847
  1404 846
  1404 845
  1404 844
  1404 843
  1404 842
  1404 841
  1404 840
  1404 839
  1404 838
  1404 837
  1404 836
  1404 835
  1404 834
  1404 833
  1404 832
  1404 831
  1404 830
  1404 829
  1404 828
  1404 827
  1404 826
  1404 825
  1404 824
  1404 823
  1404 822
  1404 821
  1404 820
  1404 819
  1404 818
  1404 817
  1404 816
  1404 815
  1404 814
  1404 813
  1404 812
  1404 811
  1404 810
  1404 809
  1404 808
  1404 807
  1404 806
  1404 805
  1404 804
  1404 803
  1404 802
  1404 801
  1404 800
  1404 799
  1404 798
  1404 797
  1404 796
  1404 795
  1404 794
  1404 793
  1404 792
  1404 791
  1404 790
  1404 789
  1404 788
  1404 787
  1404 786
  1404 785
  1404 784
  1404 783
  1404 782
  1404 781
  1404 780
  1404 779
  1404 778
  1404 777
  1404 776
  1404 775
  1404 774
  1404 773
  1404 772
  1404 771
  1404 770
  1404 769
  1404 768
  1404 767
  1404 766
  1404 765
  1404 764
  1404 763
  1404 762
  1404 761
  1404 760
  1404 759
  1404 758
  1404 757
  1404 756
  1404 755
  1404 754
  1404 753
  1404 752
  1404 751
  1404 750
  1404 749
  1404 748
  1404 747
  1404 746
  1404 745
  1404 744
  1404 743
  1404 742
  1404 741
  1404 740
  1404 739
  1404 738
  1404 737
  1404 736
  1404 735
  1404 734
  1404 733
  1404 732
  1404 731
  1404 730
  1404 729
  1404 728
  1404 727
  1404 726
  1404 725
  1404 724
  1404 723
  1404 722
  1404 721
  1404 720
  1404 719
  1404 718
  1404 717
  1404 716
  1404 715
  1404 714
  1404 713
  1404 712
  1404 711
  1404 710
  1404 709
  1404 708
  1404 707
  1404 706
  1404 705
  1404 704
  1404 703
  1404 702
  1404 701
  1404 700
  1404 699
  1404 698
  1404 697
  1404 696
  1404 695
  1404 694
  1404 693
  1404 692
  1404 691
  1404 690
  1404 689
  1404 688
  1404 687
  1404 686
  1404 685
  1404 684
  1404 683
  1404 682
  1404 681
  1404 680
  1404 679
  1404 678
  1404 677
  1404 676
  1404 675
  1404 674
  1404 673
  1404 672
  1404 671
  1404 670
  1404 669
  1404 668
  1404 667
  1404 666
  1404 665
  1404 664
  1403 663
  1403 662
  1403 661
  1402 660
  1402 659
  1401 658
  1401 657
  1400 656
  1400 655
  1399 654
  1398 653
  1397 652
  1396 651
  1395 650
  1394 649
  1393 648
  1392 647
  1391 646
  1390 645
  1389 644
  1388 643
  1387 642
  1386 641
  1385 640
  1384 639
  1383 638
  1382 637
  1381 636
  1380 635
  1379 634
  1379 633
  1378 632
  1377 631
  1376 630
  1375 629
  1374 628
  1373 627
  1372 626
  1371 626
  1370 625
  1369 624
  1368 623
  1367 623
  1366 622
  1365 621
  1364 621
  1363 620
  1362 620
  1361 619
  1360 619
  1359 618
  1358 618
  1357 617
  1356 617
  1355 617
  1354 617
  1353 617
  1352 617
  1351 617
  1350 617
  1349 617
  1348 617
  1347 617
  1346 617
  1345 617
  1344 617
  1343 617
  1342 617
  1341 617
  1340 617
  1339 617
  1338 617
  1337 617
  1336 617
  1335 617
  1334 617
  1333 617
  1332 617
  1331 617
  1330 617
  1329 617
  1328 617
  1327 617
  1326 617
  1325 617
  1324 617
  1323 617
  1322 617
  1321 617
  1320 617
  1319 617
  1318 617
  1317 617
  1316 617
  1315 617
  1314 617
  1313 617
  1312 617
  1311 617
  1310 617
  1309 617
  1308 617
  1307 617
  1306 617
  1305 617
  1304 617
  1303 617
  1302 617
  1301 617
  1300 617
  1299 617
  1298 617
  1297 617
  1296 617
  1295 617
  1294 617
  1293 617
  1292 617
  1291 617
  1290 617
  1289 617
  1288 617
  1287 617
  1286 617
  1285 617
  1284 617
  1283 617
  1282 617
  1281 617
  1280 617
  1279 617
  1278 617
  1277 617
  1276 617
  1275 617
  1274 617
  1273 617
  1272 617
  1271 617
  1270 617
  1269 617
  1268 617
  1267 617
  1266 617
  1265 617
  1264 617
  1263 617
  1262 617
  1261 617
  1260 617
  1259 617
  1258 617
  1257 617
  1256 617
  1255 617
  1254 617
  1253 617
  1252 617
  1251 617
  1250 617
  1249 617
  1248 617
  1247 617
  1246 617
  1245 617
  1244 617
  1243 617
  1242 617
  1241 617
  1240 617
  1239 616
  1238 616
  1237 615
  1236 615
  1235 614
  1234 614
  1233 614
  1232 613
  1231 613
  1230 612
  1229 611
  1228 610
  1227 609
  1226 608
  1225 607
  1224 606
  1223 605
  1222 604
  1221 603
  1220 602
  1219 601
  1218 600
  1217 599
  1216 598
  1215 597
  1214 596
  1213 595
  1212 594
  1211 594
  1210 593
  1209 592
  1208 591
  1207 590
  1206 589
  1205 588
  1204 587
  1203 586
  1203 585
  1202 584
  1201 583
  1200 582
  1200 581
  1199 580
  1198 579
  1198 578
  1197 577
  1197 576
  1196 575
  1196 574
  1196 573
  1196 572
  1196 571
  1196 570
  1196 569
  1196 568
  1196 567
  1196 566
  1196 565
  1196 564
  1196 563
  1196 562
  1196 561
  1196 560
  1196 559
  1196 558
  1196 557
  1196 556
  1196 555
  1196 554
  1196 553
  1196 552
  1196 551
  1196 550
  1196 549
  1197 548
  1197 547
  1197 546
  1197 545
  1197 544
  1197 543
  1197 542
  1197 541
  1197 540
  1197 539
  1197 538
  1197 537
  1197 536
  1197 535
  1197 534
  1197 533
  1197 532
  1197 531
  1197 530
  1196 529
  1196 528
  1196 527
path 10 points=2
  1196 527
  1195 526
path 11 points=168
  1195 526
  1194 525
  1193 525
  1192 524
  1191 524
  1190 523
  1189 523
  1188 522
  1187 521
  1186 521
  1185 520
  1184 519
  1183 519
  1182 518
  1181 518
  1180 517
  1179 517
  1178 516
  1177 515
  1176 514
  1175 514
  1174 513
  1173 512
  1172 511
  1172 510
  1171 509
  1170 508
  1169 507
  1169 506
  1168 505
  1168 504
  1167 503
  1167 502
  1166 501
  1166 500
  1166 499
  1165 498
  1165 497
  1165 496
  1165 495
  1165 494
  1165 493
  1165 492
  1165 491
  1165 490
  1165 489
  1165 488
  1165 487
  1165 486
  1165 485
  1165 484
  1165 483
  1165 482
  1165 481
  1165 480
  1166 479
  1166 478
  1167 477
  1168 476
  1169 475
  1169 474
  1170 473
  1171 472
  1172 471
  1172 470
  1173 469
  1174 468
  1175 468
  1176 467
  1177 466
  1178 465
  1179 465
  1180 464
  1181 463
  1182 462
  1183 462
  1184 462
  1185 461
  1186 461
  1187 461
  1188 461
  1189 460
  1190 460
  1191 460
  1192 460
  1193 460
  1194 460
  1195 460
  1196 460
  1197 461
  1198 461
  1199 461
  1200 461
  1201 462
  1202 462
  1203 462
  1204 463
  1205 463
  1206 464
  1207 464
  1208 465
  1209 466
  1210 467
  1211 467
  1212 468
  1213 469
  1214 470
  1215 471
  1216 472
  1216 473
  1217 474
  1218 475
  1219 476
  1220 477
  1221 478
  1221 479
  1222 480
  1223 481
  1223 482
  1223 483
  1223 484
  1223 485
  1224 486
  1224 487
  1224 488
  1224 489
  1224 490
  1224 491
  1224 492
  1224 493
  1224 494
  1224 495
  1224 496
  1224 497
  1223 498
  1223 499
  1223 500
  1222 501
  1222 502
  1222 503
  1221 504
  1221 505
  1220 506
  1219 507
  1218 508
  1218 509
  1217 510
  1216 511
  1215 512
  1214 513
  1213 514
  1212 514
  1211 515
  1210 516
  1209 517
  1208 518
  1207 518
  1206 519
  1205 520
  1204 521
  1203 521
  1202 522
  1201 523
  1200 523
  1199 524
  1198 525
  1197 525
  1196 526
path 12 points=2
  1196 526
  1195 526
path 13 points=2
  1196 526
  1196 527
path 14 points=475
  1272 712
  1271 712
  1270 712
  1269 712
  1268 713
  1267 713
  1266 713
  1265 713
  1264 713
  1263 713
  1262 713
  1261 713
  1260 713
  1259 713
  1258 713
  1257 713
  1256 713
  1255 713
  1254 713
  1253 713
  1252 713
  1251 713
  1250 713
  1249 713
  1248 713
  1247 713
  1246 713
  1245 713
  1244 713
  1243 712
  1242 712
  1241 712
  1240 711
  1239 710
  1238 710
  1237 709
  1236 709
  1235 708
  1234 708
  1233 707
  1232 706
  1231 705
  1230 704
  1229 703
  1228 702
  1227 701
  1226 700
  1225 699
  1224 698
  1223 697
  1222 696
  1221 695
  1220 694
  1219 693
  1218 692
  1217 691
  1216 690
  1215 689
  1214 688
  1213 687
  1212 686
  1211 685
  1210 684
  1209 683
  1208 682
  1207 681
  1206 680
  1205 679
  1204 678
  1203 677
  1202 676
  1201 675
  1200 674
  1199 673
  1198 672
  1197 672
  1196 671
  1195 670
  1194 669
  1193 668
  1192 667
  1191 666
  1190 665
  1189 664
  1188 663
  1187 662
  1186 661
  1185 660
  1184 659
  1183 658
  1182 657
  1181 656
  1180 655
  1179 654
  1178 653
  1177 652
  1176 651
  1175 650
  1174 649
  1173 648
  1172 647
  1171 646
  1170 645
  1169 644
  1168 643
  1167 642
  1166 641
  1165 640
  1164 639
  1163 638
  1162 637
  1161 636
  1160 635
  1159 634
  1158 633
  1157 632
  1156 631
  1155 630
  1154 629
  1153 628
  1152 627
  1151 626
  1150 625
  1149 624
  1148 623
  1147 622
  1146 621
  1145 620
  1144 619
  1143 618
  1142 617
  1141 616
  1140 615
  1139 614
  1138 613
  1137 612
  1136 611
  1135 610
  1134 609
  1133 608
  1132 607
  1131 606
  1130 605
  1129 604
  1128 603
  1127 602
  1126 601
  1125 600
  1124 599
  1123 598
  1122 597
  1121 596
  1120 595
  1119 594
  1118 593
  1117 592
  1116 591
  1115 590
  1114 589
  1113 588
  1112 587
  1111 586
  1110 585
  1109 584
  1108 583
  1107 582
  1106 581
  1105 580
  1104 579
  1103 578
  1102 578
  1101 577
  1100 576
  1099 576
  1098 575
  1097 574
  1096 574
  1095 573
  1094 573
  1093 573
  1092 573
  1091 573
  1090 573
  1089 573
  1088 573
  1087 573
  1086 573
  1085 573
  1084 573
  1083 573
  1082 573
  1081 573
  1080 573
  1079 573
  1078 573
  1077 573
  1076 573
  1075 573
  1074 573
  1073 573
  1072 573
  1071 573
  1070 573
  1069 573
  1068 573
  1067 573
  1066 573
  1065 573
  1064 573
  1063 573
  1062 573
  1061 573
  1060 573
  1059 573
  1058 573
  1057 573
  1056 573
  1055 573
  1054 573
  1053 573
  1052 573
  1051 573
  1050 573
  1049 573
  1048 573
  1047 573
  1046 573
  1045 573
  1044 573
  1043 573
  1042 573
  1041 573
  1040 573
  1039 573
  1038 573
  1037 573
  1036 573
  1035 573
  1034 573
  1033 573
  1032 573
  1031 573
  1030 573
  1029 573
  1028 573
  1027 573
  1026 573
  1025 573
  1024 573
  1023 573
  1022 573
  1021 573
  1020 573
  1019 573
  1018 573
  1017 573
  1016 573
  1015 573
  1014 573
  1013 573
  1012 573
  1011 573
  1010 573
  1009 573
  1008 573
  1007 573
  1006 573
  1005 573
  1004 573
  1003 573
  1002 573
  1001 573
  1000 573
  999 573
  998 573
  997 573
  996 573
  995 573
  994 573
  993 573
  992 573
  991 573
  990 573
  989 573
  988 573
  987 573
  986 573
  985 573
  984 573
  983 573
  982 573
  981 573
  980 573
  979 573
  978 573
  977 573
  976 573
  975 573
  974 573
  973 573
  972 573
  971 573
  970 573
  969 573
  968 573
  967 573
  966 573
  965 573
  964 573
  963 573
  962 573
  961 573
  960 573
  959 573
  958 573
  957 573
  956 573
  955 573
  954 573
  953 573
  952 573
  951 573
  950 573
  949 573
  948 573
  947 573
  946 573
  945 573
  944 573
  943 573
  942 573
  941 573
  940 573
  939 573
  938 573
  937 573
  936 573
  935 573
  934 573
  933 573
  932 573
  931 573
  930 573
  929 573
  928 573
  927 573
  926 573
  925 573
  924 573
  923 573
  922 573
  921 573
  920 574
  919 574
  918 575
  917 575
  916 576
  915 576
  914 577
  913 578
  912 578
  911 579
  910 580
  909 581
  908 582
  907 583
  906 584
  905 585
  904 586
  903 587
  902 588
  901 589
  900 590
  899 591
  898 592
  897 593
  896 594
  895 595
  894 595
  893 596
  892 596
  891 597
  890 597
  889 598
  888 598
  887 598
  886 598
  885 599
  884 599
  883 599
  882 599
  881 599
  880 599
  879 599
  878 599
  877 599
  876 599
  875 599
  874 599
  873 599
  872 599
  871 599
  870 599
  869 599
  868 599
  867 599
  866 599
  865 599
  864 599
  863 599
  862 599
  861 599
  860 599
  859 599
  858 599
  857 599
  856 599
  855 599
  854 599
  853 599
  852 599
  851 599
  850 599
  849 599
  848 599
  847 599
  846 599
  845 599
  844 599
  843 599
  842 599
  841 599
  840 599
  839 599
  838 599
  837 599
  836 599
  835 599
  834 599
  833 599
  832 599
  831 599
  830 599
  829 599
  828 599
  827 599
  826 599
  825 599
  824 599
  823 599
  822 599
  821 599
  820 599
  819 599
  818 599
  817 599
  816 599
  815 599
  814 599
  813 599
  812 599
  811 599
  810 599
  809 599
  808 599
  807 599
  806 599
  805 599
  804 599
  803 599
  802 599
  801 599
  800 599
  799 599
  798 599
path 15 points=2
  798 599
  797 599
path 16 points=168
  797 599
  796 598
  796 597
  795 596
  794 595
  794 594
  793 593
  793 592
  792 591
  791 590
  790 589
  790 588
  789 587
  788 586
  787 585
  786 584
  786 583
  785 582
  784 581
  783 580
  783 579
  782 578
  781 577
  780 577
  779 576
  778 575
  777 574
  776 574
  775 573
  774 572
  773 572
  772 571
  771 571
  770 570
  769 570
  768 570
  767 569
  766 569
  765 569
  764 568
  763 568
  762 568
  761 568
  760 568
  759 568
  758 568
  757 568
  756 568
  755 568
  754 569
  753 569
  752 569
  751 570
  750 570
  749 571
  748 571
  747 572
  746 573
  745 574
  744 574
  743 575
  742 576
  741 577
  740 578
  739 579
  738 580
  738 581
  737 582
  736 583
  735 584
  735 585
  734 586
  734 587
  733 588
  733 589
  732 590
  732 591
  732 592
  732 593
  731 594
  731 595
  731 596
  731 597
  731 598
  731 599
  731 600
  731 601
  731 602
  731 603
  731 604
  732 605
  732 606
  732 607
  732 608
  733 609
  733 610
  734 611
  734 612
  735 613
  735 614
  736 615
  737 616
  737 617
  738 618
  739 619
  740 620
  741 621
  742 622
  743 623
  744 623
  745 624
  746 624
  747 625
  748 625
  749 626
  750 626
  751 627
  752 627
  753 628
  754 628
  755 628
  756 628
  757 628
  758 629
  759 629
  760 629
  761 629
  762 629
  763 629
  764 629
  765 629
  766 629
  767 628
  768 628
  769 628
  770 628
  771 627
  772 627
  773 627
  774 626
  775 625
  776 625
  777 624
  778 623
  779 622
  780 622
  781 621
  782 620
  783 619
  783 618
  784 617
  785 616
  786 615
  787 614
  788 613
  789 612
  789 611
  790 610
  791 609
  792 608
  792 607
  793 606
  794 605
  794 604
  795 603
  795 602
  796 601
  797 600
path 17 points=2
  797 600
  797 599
path 18 points=2
  798 599
  797 600
path 19 points=603
  615 741
  615 740
  615 739
  615 738
  615 737
  615 736
  615 735
  615 734
  615 733
  615 732
  615 731
  615 730
  615 729
  615 728
  615 727
  615 726
  615 725
  615 724
  615 723
  615 722
  615 721
  615 720
  615 719
  615 718
  615 717
  615 716
  615 715
  615 714
  615 713
  615 712
  615 711
  615 710
  615 709
  615 708
  615 707
  615 706
  615 705
  615 704
  615 703
  615 702
  615 701
  615 700
  615 699
  615 698
  615 697
  615 696
  615 695
  615 694
  615 693
  615 692
  615 691
  615 690
  615 689
  615 688
  615 687
  615 686
  615 685
  615 684
  615 683
  615 682
  615 681
  615 680
  615 679
  615 678
  615 677
  615 676
  615 675
  615 674
  615 673
  615 672
  615 671
  615 670
  615 669
  615 668
  615 667
  615 666
  615 665
  615 664
  615 663
  615 662
  615 661
  615 660
  615 659
  615 658
  615 657
  615 656
  615 655
  615 654
  615 653
  615 652
  615 651
  615 650
  615 649
  615 648
  615 647
  615 646
  615 645
  615 644
  615 643
  615 642
  615 641
  615 640
  615 639
  615 638
  615 637
  615 636
  615 635
  615 634
  615 633
  615 632
  615 631
  615 630
  615 629
  615 628
  615 627
  615 626
  615 625
  615 624
  615 623
  614 622
  614 621
  614 620
  614 619
  614 618
  614 617
  615 616
  615 615
  615 614
  615 613
  615 612
  615 611
  615 610
  615 609
  615 608
  615 607
  615 606
  615 605
  615 604
  615 603
  615 602
  615 601
  615 600
  615 599
  615 598
  615 597
  615 596
  615 595
  615 594
  615 593
  615 592
  615 591
  615 590
  615 589
  615 588
  615 587
  615 586
  615 585
  615 584
  615 583
  615 582
  615 581
  615 580
  615 579
  615 578
  615 577
  615 576
  615 575
  615 574
  615 573
  615 572
  615 571
  615 570
  615 569
  615 568
  615 567
  614 566
  614 565
  614 564
  614 563
  614 562
  614 561
  614 560
  614 559
  614 558
  614 557
  614 556
  614 555
  615 554
  615 553
  615 552
  615 551
  615 550
  615 549
  615 548
  615 547
  614 546
  614 545
  614 544
  614 543
  614 542
  614 541
  614 540
  614 539
  614 538
  614 537
  614 536
  614 535
  614 534
  614 533
  614 532
  613 531
  613 530
  612 529
  612 528
  611 527
  611 526
  610 525
  610 524
  609 523
  608 522
  607 521
  606 520
  605 519
  604 518
  603 517
  602 516
  601 515
  600 514
  599 513
  598 512
  597 511
  596 510
  595 509
  594 508
  593 507
  592 506
  591 505
  590 504
  589 503
  588 502
  587 501
  586 500
  585 499
  584 498
  583 498
  582 497
  581 496
  580 495
  579 494
  578 493
  577 492
  576 491
  575 490
  574 489
  573 488
  572 487
  572 486
  571 485
  571 484
  570 483
  569 482
  569 481
  568 480
  568 479
  567 478
  567 477
  567 476
  566 475
  566 474
  566 473
  566 472
  566 471
  566 470
  566 469
  566 468
  566 467
  566 466
  566 465
  566 464
  566 463
  566 462
  566 461
  566 460
  566 459
  566 458
  566 457
  566 456
  566 455
  566 454
  566 453
  566 452
  566 451
  566 450
  566 449
  566 448
  566 447
  566 446
  566 445
  566 444
  566 443
  566 442
  566 441
  566 440
  566 439
  566 438
  566 437
  566 436
  566 435
  566 434
  566 433
  566 432
  566 431
  566 430
  566 429
  566 428
  566 427
  566 426
  566 425
  566 424
  566 423
  566 422
  566 421
  566 420
  566 419
  566 418
  566 417
  566 416
  566 415
  566 414
  566 413
  566 412
  566 411
  566 410
  566 409
  566 408
  566 407
  566 406
  566 405
  566 404
  566 403
  566 402
  566 401
  566 400
  566 399
  566 398
  566 397
  566 396
  566 395
  566 394
  566 393
  566 392
  566 391
  566 390
  566 389
  566 388
  567 387
  567 386
  567 385
  568 384
  568 383
  569 382
  569 381
  570 380
  570 379
  571 378
  572 377
  573 376
  573 375
  574 374
  575 373
  576 372
  577 371
  578 370
  579 369
  580 368
  581 367
  582 366
  583 365
  584 364
  585 363
  586 362
  587 361
  588 360
  589 359
  590 358
  591 357
  592 356
  593 355
  594 355
  595 354
  596 353
  597 352
  598 351
  599 350
  600 349
  601 348
  602 347
  603 346
  604 345
  605 344
  606 343
  607 342
  608 341
  609 340
  610 339
  611 338
  612 337
  613 336
  614 335
  615 334
  616 333
  617 332
  618 331
  619 330
  620 329
  621 328
  622 327
  623 326
  624 325
  625 324
  626 323
  627 322
  628 321
  629 320
  630 319
  631 318
  632 317
  633 316
  634 315
  635 314
  636 313
  637 312
  638 311
  639 310
  640 309
  641 308
  642 307
  643 306
  644 305
  645 304
  646 303
  647 302
  648 301
  649 300
  650 299
  651 298
  652 297
  653 296
  654 295
  655 294
  656 293
  657 292
  658 291
  659 290
  660 289
  661 288
  662 287
  663 286
  664 285
  665 284
  666 283
  667 282
  668 281
  669 280
  670 279
  671 278
  672 277
  673 276
  674 275
  675 274
  676 273
  677 272
  678 271
  679 270
  680 269
  681 268
  682 267
  683 266
  684 265
  685 264
  686 263
  687 262
  688 261
  689 260
  690 259
  691 258
  692 257
  693 256
  694 255
  695 254
  696 253
  697 252
  698 251
  699 250
  700 249
  701 248
  702 247
  703 246
  704 245
  705 244
  706 243
  707 242
  708 241
  709 240
  710 239
  711 238
  712 237
  713 236
  714 235
  715 234
  716 233
  717 232
  718 231
  719 230
  720 229
  721 228
  722 227
  723 226
  724 225
  725 224
  726 223
  727 222
  728 221
  729 220
  730 219
  731 218
  732 217
  733 216
  734 215
  735 214
  736 213
  737 212
  738 211
  738 210
  739 209
  740 208
  740 207
  741 206
  741 205
  742 204
  742 203
  742 202
  742 201
  742 200
  742 199
  742 198
  742 197
  742 196
  742 195
  742 194
  742 193
  742 192
  742 191
  742 190
  742 189
  742 188
  742 187
  742 186
  742 185
  742 184
  742 183
  742 182
  742 181
  742 180
  742 179
  742 178
  742 177
  742 176
  742 175
  742 174
  742 173
  742 172
  742 171
  742 170
  742 169
  742 168
  742 167
  742 166
  741 165
  741 164
  741 163
  741 162
  741 161
  741 160
  741 159
  741 158
  741 157
  741 156
  741 155
  741 154
  741 153
  741 152
  741 151
  741 150
  741 149
  741 148
  741 147
  741 146
  741 145
  741 144
  741 143
  741 142
  741 141
path 20 points=1595
  745 336
  745 335
  745 334
  744 333
  744 332
  744 331
  744 330
  744 329
  744 328
  744 327
  744 326
  744 325
  744 324
  744 323
  744 322
  744 321
  744 320
  744 319
  744 318
  744 317
  744 316
  744 315
  744 314
  744 313
  744 312
  744 311
  744 310
  744 309
  744 308
  744 307
  744 306
  745 305
  745 304
  745 303
  745 302
  745 301
  745 300
  745 299
  745 298
  745 297
  745 296
  745 295
  745 294
  745 293
  745 292
  745 291
  746 290
  746 289
  746 288
  747 287
  747 286
  748 285
  748 284
  749 283
  750 282
  751 281
  751 280
  752 279
  753 278
  754 277
  755 276
  756 275
  757 274
  758 273
  759 272
  760 271
  761 270
  762 269
  763 268
  764 267
  765 266
  766 265
  767 264
  768 263
  769 262
  770 261
  771 260
  772 259
  773 258
  774 257
  775 256
  776 255
  777 254
  778 253
  779 252
  780 251
  781 250
  782 249
  783 248
  784 247
  785 246
  786 245
  787 244
  788 243
  789 242
  790 241
  791 240
  792 239
  793 238
  794 237
  795 236
  796 235
  797 234
  798 233
  799 232
  800 231
  801 230
  802 229
  803 228
  804 227
  805 226
  806 225
  807 225
  808 224
  809 223
  810 222
  811 221
  812 220
  813 219
  814 218
  815 217
  816 216
  817 215
  818 214
  819 213
  820 212
  821 211
  821 210
  822 209
  823 208
  823 207
  824 206
  824 205
  825 204
  825 203
  826 202
  826 201
  827 200
  827 199
  827 198
  827 197
  827 196
  827 195
  827 194
  827 193
  827 192
  827 191
  827 190
  827 189
  827 188
  827 187
  827 186
  827 185
  827 184
  827 183
  827 182
  827 181
  827 180
  827 179
  827 178
  827 177
  827 176
  827 175
  827 174
  827 173
  827 172
  827 171
  827 170
  827 169
  827 168
  827 167
  827 166
  827 165
  827 164
  827 163
  827 162
  827 161
  827 160
  827 159
  827 158
  827 157
  827 156
  827 155
  827 154
  827 153
  827 152
  827 151
  827 150
  827 149
  827 148
  827 147
  827 146
  827 145
  827 144
  827 143
  827 142
  827 141
  827 140
  828 139
  828 138
  828 137
  829 136
  829 135
  830 134
  830 133
  831 132
  831 131
  832 130
  833 129
  834 128
  835 127
  836 126
  837 125
  838 124
  839 123
  840 122
  841 121
  842 120
  843 119
  844 118
  845 117
  846 116
  847 115
  848 114
  849 113
  850 112
  851 111
  852 110
  853 109
  854 108
  855 107
  856 106
  857 105
  858 104
  859 103
  860 102
  861 101
  862 100
  863 99
  864 98
  865 97
  866 96
  867 95
  868 94
  869 93
  870 92
  871 91
  872 90
  873 89
  874 88
  875 87
  876 86
  877 86
  878 85
  879 85
  880 84
  881 84
  882 83
  883 82
  884 82
  885 82
  886 82
  887 82
  888 82
  889 82
  890 82
  891 82
  892 82
  893 82
  894 82
  895 82
  896 82
  897 82
  898 82
  899 82
  900 82
  901 82
  902 82
  903 82
  904 82
  905 82
  906 82
  907 82
  908 82
  909 82
  910 82
  911 82
  912 82
  913 82
  914 82
  915 82
  916 82
  917 82
  918 82
  919 82
  920 82
  921 82
  922 82
  923 82
  924 82
  925 82
  926 82
  927 82
  928 82
  929 82
  930 82
  931 82
  932 82
  933 82
  934 82
  935 82
  936 82
  937 82
  938 82
  939 82
  940 82
  941 82
  942 82
  943 82
  944 82
  945 82
  946 82
  947 82
  948 82
  949 82
  950 82
  951 82
  952 82
  953 82
  954 82
  955 82
  956 82
  957 82
  958 82
  959 82
  960 82
  961 82
  962 82
  963 82
  964 82
  965 82
  966 82
  967 82
  968 82
  969 82
  970 82
  971 82
  972 82
  973 82
  974 82
  975 82
  976 82
  977 82
  978 82
  979 82
  980 82
  981 82
  982 82
  983 82
  984 82
  985 82
  986 82
  987 82
  988 82
  989 82
  990 82
  991 82
  992 82
  993 82
  994 82
  995 82
  996 82
  997 82
  998 82
  999 82
  1000 82
  1001 82
  1002 82
  1003 82
  1004 82
  1005 82
  1006 82
  1007 82
  1008 82
  1009 82
  1010 82
  1011 82
  1012 82
  1013 82
  1014 82
  1015 82
  1016 82
  1017 82
  1018 82
  1019 82
  1020 82
  1021 82
  1022 82
  1023 82
  1024 82
  1025 82
  1026 82
  1027 82
  1028 82
  1029 82
  1030 82
  1031 82
  1032 82
  1033 82
  1034 82
  1035 82
  1036 82
  1037 82
  1038 82
  1039 82
  1040 82
  1041 82
  1042 82
  1043 82
  1044 82
  1045 82
  1046 82
  1047 82
  1048 82
  1049 82
  1050 82
  1051 82
  1052 82
  1053 82
  1054 82
  1055 82
  1056 82
  1057 82
  1058 82
  1059 82
  1060 82
  1061 82
  1062 82
  1063 82
  1064 82
  1065 82
  1066 82
  1067 82
  1068 82
  1069 82
  1070 82
  1071 82
  1072 82
  1073 82
  1074 82
  1075 82
  1076 82
  1077 82
  1078 82
  1079 82
  1080 82
  1081 82
  1082 82
  1083 82
  1084 82
  1085 82
  1086 82
  1087 82
  1088 82
  1089 82
  1090 82
  1091 82
  1092 82
  1093 82
  1094 82
  1095 82
  1096 82
  1097 82
  1098 82
  1099 82
  1100 82
  1101 82
  1102 82
  1103 82
  1104 82
  1105 82
  1106 82
  1107 82
  1108 82
  1109 82
  1110 82
  1111 82
  1112 82
  1113 82
  1114 82
  1115 82
  1116 82
  1117 82
  1118 82
  1119 82
  1120 82
  1121 82
  1122 82
  1123 82
  1124 82
  1125 82
  1126 82
  1127 82
  1128 82
  1129 82
  1130 82
  1131 82
  1132 82
  1133 82
  1134 82
  1135 82
  1136 82
  1137 82
  1138 82
  1139 82
  1140 82
  1141 82
  1142 82
  1143 82
  1144 82
  1145 82
  1146 82
  1147 82
  1148 82
  1149 82
  1150 82
  1151 82
  1152 82
  1153 82
  1154 82
  1155 82
  1156 82
  1157 82
  1158 82
  1159 82
  1160 82
  1161 82
  1162 82
  1163 82
  1164 82
  1165 82
  1166 82
  1167 82
  1168 82
  1169 82
  1170 82
  1171 82
  1172 82
  1173 82
  1174 82
  1175 82
  1176 82
  1177 82
  1178 82
  1179 82
  1180 82
  1181 82
  1182 82
  1183 82
  1184 82
  1185 82
  1186 82
  1187 82
  1188 82
  1189 82
  1190 82
  1191 82
  1192 82
  1193 82
  1194 82
  1195 82
  1196 82
  1197 82
  1198 82
  1199 82
  1200 82
  1201 82
  1202 82
  1203 82
  1204 82
  1205 82
  1206 82
  1207 82
  1208 82
  1209 82
  1210 82
  1211 82
  1212 82
  1213 82
  1214 82
  1215 82
  1216 82
  1217 82
  1218 82
  1219 82
  1220 82
  1221 82
  1222 82
  1223 82
  1224 82
  1225 82
  1226 82
  1227 82
  1228 82
  1229 82
  1230 82
  1231 82
  1232 82
  1233 82
  1234 82
  1235 82
  1236 82
  1237 82
  1238 82
  1239 82
  1240 82
  1241 82
  1242 82
  1243 82
  1244 82
  1245 82
  1246 82
  1247 82
  1248 82
  1249 82
  1250 82
  1251 82
  1252 82
  1253 82
  1254 82
  1255 82
  1256 82
  1257 82
  1258 82
  1259 82
  1260 82
  1261 82
  1262 82
  1263 82
  1264 82
  1265 82
  1266 82
  1267 82
  1268 82
  1269 82
  1270 82
  1271 82
  1272 82
  1273 82
  1274 82
  1275 82
  1276 82
  1277 82
  1278 82
  1279 82
  1280 82
  1281 82
  1282 82
  1283 82
  1284 82
  1285 82
  1286 82
  1287 82
  1288 82
  1289 82
  1290 82
  1291 82
  1292 82
  1293 82
  1294 82
  1295 82
  1296 82
  1297 82
  1298 82
  1299 82
  1300 82
  1301 82
  1302 82
  1303 82
  1304 82
  1305 82
  1306 82
  1307 82
  1308 82
  1309 82
  1310 82
  1311 82
  1312 82
  1313 82
  1314 82
  1315 82
  1316 82
  1317 82
  1318 82
  1319 82
  1320 83
  1321 83
  1322 84
  1323 84
  1324 85
  1325 86
  1326 86
  1327 87
  1328 87
  1329 88
  1330 89
  1331 90
  1332 91
  1333 92
  1334 93
  1335 94
  1336 95
  1337 96
  1338 97
  1339 98
  1340 99
  1341 100
  1342 101
  1343 102
  1344 103
  1345 104
  1346 105
  1347 106
  1348 107
  1349 108
  1350 109
  1351 110
  1352 111
  1353 112
  1354 113
  1355 114
  1356 115
  1357 116
  1358 117
  1359 118
  1360 119
  1361 120
  1362 121
  1363 122
  1364 123
  1365 124
  1366 125
  1367 126
  1368 127
  1369 128
  1370 129
  1371 130
  1372 131
  1373 132
  1374 133
  1375 134
  1376 135
  1377 136
  1378 137
  1379 138
  1380 139
  1381 140
  1382 141
  1383 142
  1384 143
  1385 144
  1385 145
  1386 146
  1387 147
  1388 148
  1389 149
  1390 150
  1391 151
  1392 152
  1393 153
  1394 154
  1395 155
  1396 156
  1397 157
  1397 158
  1398 159
  1399 160
  1400 161
  1400 162
  1401 163
  1401 164
  1402 165
  1402 166
  1403 167
  1403 168
  1404 169
  1404 170
  1404 171
  1404 172
  1404 173
  1404 174
  1404 175
  1404 176
  1404 177
  1404 178
  1404 179
  1404 180
  1404 181
  1404 182
  1404 183
  1404 184
  1404 185
  1404 186
  1404 187
  1404 188
  1404 189
  1404 190
  1404 191
  1404 192
  1404 193
  1404 194
  1404 195
  1404 196
  1404 197
  1404 198
  1404 199
  1404 200
  1404 201
  1404 202
  1404 203
  1404 204
  1404 205
  1404 206
  1404 207
  1404 208
  1404 209
  1404 210
  1405 211
  1405 212
  1405 213
  1405 214
  1405 215
  1405 216
  1405 217
  1405 218
  1405 219
  1405 220
  1405 221
  1405 222
  1405 223
  1405 224
  1405 225
  1405 226
  1405 227
  1405 228
  1405 229
  1405 230
  1405 231
  1405 232
  1405 233
  1405 234
  1405 235
  1405 236
  1405 237
  1405 238
  1405 239
  1405 240
  1405 241
  1405 242
  1405 243
  1405 244
  1405 245
  1405 246
  1405 247
  1405 248
  1405 249
  1405 250
  1405 251
  1405 252
  1405 253
  1405 254
  1405 255
  1405 256
  1405 257
  1405 258
  1405 259
  1405 260
  1405 261
  1405 262
  1405 263
  1405 264
  1405 265
  1405 266
  1405 267
  1405 268
  1405 269
  1405 270
  1405 271
  1405 272
  1405 273
  1405 274
  1405 275
  1405 276
  1405 277
  1405 278
  1405 279
  1405 280
  1405 281
  1405 282
  1405 283
  1405 284
  1405 285
  1405 286
  1405 287
  1405 288
  1405 289
  1405 290
  1405 291
  1405 292
  1405 293
  1405 294
  1405 295
  1405 296
  1405 297
  1405 298
  1405 299
  1406 300
  1406 301
  1406 302
  1407 303
  1407 304
  1408 305
  1408 306
  1409 307
  1409 308
  1410 309
  1410 310
  1411 311
  1412 312
  1413 313
  1414 314
  1415 315
  1416 316
  1417 317
  1418 318
  1419 319
  1420 320
  1421 321
  1422 322
  1422 323
  1423 324
  1424 325
  1425 326
  1426 327
  1427 328
  1428 329
  1429 330
  1430 331
  1431 332
  1432 333
  1433 334
  1434 335
  1435 336
  1436 337
  1437 338
  1438 339
  1439 340
  1440 341
  1441 342
  1442 343
  1443 344
  1444 345
  1445 346
  1446 347
  1447 348
  1448 349
  1449 350
  1450 351
  1451 352
  1452 353
  1453 354
  1454 355
  1455 356
  1456 357
  1457 358
  1458 359
  1459 360
  1460 361
  1461 362
  1462 363
  1463 364
  1464 365
  1465 366
  1466 367
  1467 368
  1468 369
  1469 370
  1469 371
  1470 372
  1470 373
  1471 374
  1471 375
  1472 376
  1472 377
  1472 378
  1473 379
  1473 380
  1473 381
  1473 382
  1473 383
  1473 384
  1473 385
  1473 386
  1473 387
  1473 388
  1473 389
  1473 390
  1473 391
  1473 392
  1473 393
  1473 394
  1473 395
  1473 396
  1473 397
  1473 398
  1473 399
  1473 400
  1473 401
  1473 402
  1473 403
  1473 404
  1473 405
  1473 406
  1473 407
  1473 408
  1473 409
  1473 410
  1473 411
  1473 412
  1473 413
  1473 414
  1473 415
  1473 416
  1473 417
  1473 418
  1473 419
  1473 420
  1473 421
  1473 422
  1473 423
  1473 424
  1473 425
  1473 426
  1473 427
  1473 428
  1473 429
  1473 430
  1473 431
  1473 432
  1473 433
  1473 434
  1473 435
  1473 436
  1473 437
  1473 438
  1473 439
  1473 440
  1473 441
  1473 442
  1473 443
  1473 444
  1473 445
  1473 446
  1473 447
  1473 448
  1473 449
  1473 450
  1473 451
  1473 452
  1473 453
  1473 454
  1473 455
  1473 456
  1473 457
  1473 458
  1473 459
  1473 460
  1473 461
  1473 462
  1473 463
  1473 464
  1473 465
  1473 466
  1473 467
  1473 468
  1473 469
  1473 470
  1473 471
  1473 472
  1473 473
  1473 474
  1473 475
  1473 476
  1473 477
  1473 478
  1473 479
  1473 480
  1473 481
  1473 482
  1473 483
  1473 484
  1473 485
  1473 486
  1473 487
  1473 488
  1473 489
  1473 490
  1473 491
  1473 492
  1473 493
  1473 494
  1473 495
  1473 496
  1473 497
  1473 498
  1473 499
  1473 500
  1473 501
  1473 502
  1473 503
  1473 504
  1473 505
  1473 506
  1473 507
  1473 508
  1473 509
  1473 510
  1473 511
  1473 512
  1473 513
  1473 514
  1473 515
  1473 516
  1473 517
  1473 518
  1473 519
  1473 520
  1473 521
  1473 522
  1473 523
  1473 524
  1473 525
  1473 526
  1473 527
  1473 528
  1473 529
  1473 530
  1473 531
  1473 532
  1473 533
  1473 534
  1473 535
  1473 536
  1473 537
  1473 538
  1473 539
  1473 540
  1473 541
  1473 542
  1473 543
  1473 544
  1473 545
  1473 546
  1473 547
  1473 548
  1473 549
  1473 550
  1473 551
  1473 552
  1473 553
  1473 554
  1473 555
  1473 556
  1473 557
  1473 558
  1473 559
  1473 560
  1473 561
  1473 562
  1473 563
  1473 564
  1473 565
  1473 566
  1473 567
  1473 568
  1473 569
  1473 570
  1473 571
  1473 572
  1473 573
  1473 574
  1473 575
  1473 576
  1473 577
  1473 578
  1473 579
  1473 580
  1473 581
  1473 582
  1473 583
  1473 584
  1473 585
  1473 586
  1473 587
  1473 588
  1473 589
  1473 590
  1473 591
  1473 592
  1473 593
  1473 594
  1473 595
  1473 596
  1473 597
  1473 598
  1473 599
  1473 600
  1473 601
  1473 602
  1473 603
  1473 604
  1473 605
  1473 606
  1473 607
  1473 608
  1473 609
  1473 610
  1473 611
  1473 612
  1473 613
  1473 614
  1473 615
  1473 616
  1473 617
  1473 618
  1473 619
  1473 620
  1473 621
  1473 622
  1473 623
  1473 624
  1473 625
  1473 626
  1473 627
  1473 628
  1473 629
  1473 630
  1473 631
  1473 632
  1473 633
  1473 634
  1473 635
  1473 636
  1473 637
  1473 638
  1473 639
  1473 640
  1473 641
  1473 642
  1473 643
  1473 644
  1473 645
  1473 646
  1473 647
  1473 648
  1473 649
  1473 650
  1473 651
  1473 652
  1473 653
  1473 654
  1473 655
  1473 656
  1473 657
  1473 658
  1473 659
  1473 660
  1473 661
  1473 662
  1473 663
  1473 664
  1473 665
  1473 666
  1473 667
  1473 668
  1473 669
  1473 670
  1473 671
  1473 672
  1473 673
  1473 674
  1473 675
  1473 676
  1473 677
  1473 678
  1473 679
  1473 680
  1473 681
  1473 682
  1473 683
  1473 684
  1473 685
  1473 686
  1473 687
  1473 688
  1473 689
  1473 690
  1473 691
  1473 692
  1473 693
  1473 694
  1473 695
  1473 696
  1473 697
  1473 698
  1473 699
  1473 700
  1473 701
  1473 702
  1473 703
  1473 704
  1473 705
  1473 706
  1473 707
  1473 708
  1473 709
  1473 710
  1473 711
  1473 712
  1473 713
  1473 714
  1473 715
  1473 716
  1473 717
  1473 718
  1473 719
  1473 720
  1473 721
  1473 722
  1473 723
  1473 724
  1473 725
  1473 726
  1473 727
  1473 728
  1473 729
  1473 730
  1473 731
  1473 732
  1473 733
  1473 734
  1473 735
  1473 736
  1473 737
  1473 738
  1473 739
  1473 740
  1473 741
  1473 742
  1473 743
  1473 744
  1473 745
  1473 746
  1473 747
  1473 748
  1473 749
  1473 750
  1473 751
  1473 752
  1473 753
  1473 754
  1473 755
  1473 756
  1473 757
  1473 758
  1473 759
  1473 760
  1473 761
  1473 762
  1473 763
  1473 764
  1473 765
  1473 766
  1473 767
  1473 768
  1473 769
  1473 770
  1473 771
  1473 772
  1473 773
  1473 774
  1473 775
  1473 776
  1473 777
  1473 778
  1473 779
  1473 780
  1473 781
  1473 782
  1473 783
  1473 784
  1473 785
  1473 786
  1473 787
  1473 788
  1473 789
  1473 790
  1473 791
  1473 792
  1473 793
  1473 794
  1473 795
  1473 796
  1473 797
  1473 798
  1473 799
  1473 800
  1473 801
  1473 802
  1473 803
  1473 804
  1473 805
  1473 806
  1473 807
  1473 808
  1473 809
  1473 810
  1473 811
  1473 812
  1473 813
  1473 814
  1473 815
  1473 816
  1473 817
  1473 818
  1473 819
  1473 820
  1473 821
  1473 822
  1473 823
  1473 824
  1473 825
  1473 826
  1473 827
  1473 828
  1473 829
  1473 830
  1473 831
  1473 832
  1473 833
  1473 834
  1473 835
  1473 836
  1473 837
  1473 838
  1473 839
  1473 840
  1473 841
  1473 842
  1473 843
  1473 844
  1473 845
  1473 846
  1473 847
  1473 848
  1473 849
  1473 850
  1473 851
  1473 852
  1473 853
  1473 854
  1473 855
  1473 856
  1473 857
  1473 858
  1473 859
  1473 860
  1473 861
  1473 862
  1473 863
  1473 864
  1473 865
  1473 866
  1473 867
  1473 868
  1473 869
  1473 870
  1473 871
  1473 872
  1473 873
  1473 874
  1473 875
  1473 876
  1473 877
  1473 878
  1473 879
  1472 880
  1472 881
  1471 882
  1471 883
  1470 884
  1470 885
  1469 886
  1468 887
  1468 888
  1467 889
  1466 890
  1465 891
  1464 892
  1463 893
  1462 894
  1461 895
  1460 896
  1459 897
  1458 898
  1457 899
  1456 900
  1455 901
  1454 902
  1453 903
  1452 904
  1451 905
  1450 906
  1449 907
  1448 908
  1447 909
  1446 910
  1445 911
  1444 912
  1443 913
  1442 914
  1441 915
  1440 916
  1439 917
  1438 918
  1437 919
  1436 920
  1435 921
  1434 922
  1433 923
  1432 924
  1431 925
  1430 926
  1429 927
  1428 928
  1427 929
  1426 930
  1425 931
  1424 932
  1423 933
  1422 934
  1421 935
  1420 936
  1419 937
  1418 938
  1417 939
  1416 940
  1415 941
  1414 942
  1413 943
  1412 944
  1411 945
  1410 946
  1409 947
  1408 948
  1407 949
  1406 950
  1405 951
  1404 952
  1403 953
  1402 954
  1401 955
  1400 956
  1399 956
  1398 957
  1397 958
  1396 958
  1395 958
  1394 959
  1393 959
  1392 960
  1391 960
  1390 961
  1389 961
  1388 962
  1387 962
  1386 963
  1385 963
  1384 964
  1383 964
  1382 965
  1381 965
  1380 965
  1379 966
  1378 966
path 21 points=2
  1273 834
  1272 833
path 22 points=1137
  1272 833
  1271 833
  1270 833
  1269 833
  1268 833
  1267 833
  1266 833
  1265 833
  1264 833
  1263 833
  1262 833
  1261 833
  1260 833
  1259 833
  1258 833
  1257 833
  1256 833
  1255 833
  1254 833
  1253 833
  1252 833
  1251 833
  1250 833
  1249 833
  1248 833
  1247 833
  1246 833
  1245 833
  1244 833
  1243 833
  1242 833
  1241 833
  1240 833
  1239 833
  1238 833
  1237 833
  1236 833
  1235 833
  1234 833
  1233 833
  1232 833
  1231 833
  1230 833
  1229 833
  1228 833
  1227 833
  1226 833
  1225 833
  1224 833
  1223 833
  1222 834
  1221 834
  1220 835
  1219 835
  1218 835
  1217 836
  1216 837
  1215 837
  1214 838
  1213 839
  1212 840
  1211 841
  1210 842
  1209 843
  1208 844
  1207 845
  1206 846
  1205 847
  1204 848
  1203 849
  1202 850
  1201 851
  1200 852
  1199 853
  1198 854
  1197 855
  1196 856
  1195 857
  1194 858
  1193 859
  1192 860
  1191 861
  1190 862
  1189 863
  1188 864
  1187 865
  1186 866
  1185 867
  1184 868
  1183 869
  1182 870
  1181 871
  1180 872
  1179 873
  1178 874
  1178 875
  1177 876
  1176 877
  1175 878
  1174 879
  1173 880
  1172 881
  1171 882
  1170 883
  1169 884
  1168 885
  1167 886
  1166 887
  1165 888
  1164 889
  1163 890
  1162 891
  1161 892
  1160 893
  1159 894
  1158 895
  1157 896
  1156 897
  1155 898
  1154 899
  1153 900
  1152 901
  1151 902
  1150 903
  1149 904
  1148 905
  1147 906
  1146 906
  1145 907
  1144 908
  1143 909
  1142 910
  1141 910
  1140 910
  1139 911
  1138 911
  1137 911
  1136 912
  1135 912
  1134 912
  1133 912
  1132 912
  1131 912
  1130 912
  1129 912
  1128 912
  1127 912
  1126 912
  1125 912
  1124 912
  1123 912
  1122 912
  1121 912
  1120 912
  1119 912
  1118 912
  1117 912
  1116 912
  1115 912
  1114 912
  1113 912
  1112 912
  1111 912
  1110 912
  1109 912
  1108 912
  1107 912
  1106 912
  1105 912
  1104 912
  1103 912
  1102 912
  1101 912
  1100 912
  1099 912
  1098 912
  1097 912
  1096 912
  1095 912
  1094 912
  1093 912
  1092 912
  1091 912
  1090 912
  1089 912
  1088 912
  1087 912
  1086 912
  1085 912
  1084 912
  1083 912
  1082 912
  1081 912
  1080 912
  1079 912
  1078 912
  1077 912
  1076 912
  1075 912
  1074 912
  1073 912
  1072 912
  1071 912
  1070 912
  1069 912
  1068 912
  1067 912
  1066 912
  1065 912
  1064 912
  1063 912
  1062 912
  1061 912
  1060 912
  1059 912
  1058 912
  1057 912
  1056 912
  1055 912
  1054 912
  1053 912
  1052 912
  1051 912
  1050 912
  1049 912
  1048 912
  1047 912
  1046 912
  1045 912
  1044 912
  1043 912
  1042 912
  1041 912
  1040 912
  1039 912
  1038 912
  1037 912
  1036 912
  1035 912
  1034 912
  1033 912
  1032 912
  1031 912
  1030 912
  1029 912
  1028 912
  1027 912
  1026 912
  1025 912
  1024 912
  1023 912
  1022 912
  1021 912
  1020 912
  1019 912
  1018 912
  1017 912
  1016 912
  1015 912
  1014 912
  1013 912
  1012 912
  1011 912
  1010 912
  1009 912
  1008 912
  1007 912
  1006 912
  1005 912
  1004 912
  1003 912
  1002 912
  1001 912
  1000 912
  999 912
  998 912
  997 912
  996 912
  995 912
  994 912
  993 912
  992 912
  991 912
  990 912
  989 912
  988 912
  987 912
  986 912
  985 912
  984 912
  983 912
  982 912
  981 912
  980 912
  979 912
  978 912
  977 912
  976 912
  975 912
  974 912
  973 912
  972 912
  971 912
  970 912
  969 912
  968 912
  967 912
  966 912
  965 912
  964 912
  963 912
  962 912
  961 912
  960 912
  959 912
  958 912
  957 912
  956 912
  955 912
  954 912
  953 912
  952 912
  951 912
  950 912
  949 912
  948 912
  947 912
  946 912
  945 912
  944 912
  943 912
  942 912
  941 912
  940 912
  939 912
  938 912
  937 912
  936 912
  935 912
  934 912
  933 912
  932 912
  931 912
  930 911
  929 911
  928 911
  927 910
  926 910
  925 909
  924 909
  923 908
  922 907
  921 906
  920 905
  919 904
  918 904
  917 903
  916 902
  915 901
  914 900
  913 899
  912 898
  911 897
  910 896
  909 895
  908 894
  907 893
  906 892
  905 891
  904 890
  903 889
  902 888
  901 887
  900 886
  899 885
  898 884
  897 883
  896 882
  895 881
  894 880
  893 879
  892 878
  891 877
  890 876
  889 875
  888 874
  887 873
  886 872
  885 871
  884 870
  883 869
  882 868
  881 867
  880 866
  879 865
  878 864
  877 863
  876 862
  875 861
  874 860
  873 859
  872 858
  871 857
  870 856
  869 855
  868 854
  867 853
  866 852
  865 851
  864 851
  863 850
  862 849
  861 848
  860 847
  859 846
  858 845
  857 844
  856 843
  855 842
  854 841
  853 840
  852 839
  851 838
  850 837
  849 836
  848 835
  847 834
  846 833
  845 832
  844 831
  843 830
  842 829
  841 828
  840 827
  839 826
  838 825
  837 824
  836 823
  835 822
  834 821
  833 820
  832 819
  831 818
  830 817
  829 817
  828 816
  827 815
  826 814
  825 813
  824 812
  823 811
  822 810
  821 809
  820 808
  819 807
  818 807
  817 806
  816 805
  815 804
  814 804
  813 803
  812 803
  811 802
  810 802
  809 801
  808 801
  807 801
  806 801
  805 801
  804 801
  803 801
  802 801
  801 801
  800 801
  799 801
  798 801
  797 801
  796 801
  795 801
  794 801
  793 801
  792 801
  791 801
  790 801
  789 801
  788 801
  787 801
  786 801
  785 801
  784 801
  783 801
  782 801
  781 801
  780 801
  779 801
  778 801
  777 801
  776 801
  775 801
  774 801
  773 801
  772 801
  771 801
  770 801
  769 801
  768 801
  767 801
  766 801
  765 801
  764 801
  763 801
  762 801
  761 801
  760 801
  759 801
  758 801
  757 801
  756 801
  755 801
  754 801
  753 801
  752 801
  751 801
  750 801
  749 801
  748 801
  747 801
  746 801
  745 801
  744 801
  743 801
  742 801
  741 801
  740 801
  739 801
  738 801
  737 801
  736 801
  735 801
  734 801
  733 801
  732 801
  731 801
  730 801
  729 801
  728 801
  727 801
  726 801
  725 801
  724 801
  723 801
  722 801
  721 801
  720 801
  719 801
  718 801
  717 801
  716 801
  715 801
  714 801
  713 801
  712 801
  711 801
  710 801
  709 801
  708 801
  707 801
  706 801
  705 801
  704 801
  703 801
  702 801
  701 801
  700 801
  699 801
  698 801
  697 801
  696 801
  695 801
  694 801
  693 801
  692 801
  691 801
  690 801
  689 801
  688 801
  687 801
  686 801
  685 801
  684 801
  683 801
  682 801
  681 801
  680 801
  679 801
  678 801
  677 801
  676 801
  675 801
  674 801
  673 801
  672 801
  671 801
  670 801
  669 801
  668 801
  667 801
  666 801
  665 801
  664 801
  663 801
  662 801
  661 801
  660 801
  659 801
  658 801
  657 801
  656 801
  655 801
  654 801
  653 801
  652 801
  651 801
  650 801
  649 801
  648 801
  647 801
  646 801
  645 801
  644 801
  643 801
  642 801
  641 801
  640 801
  639 801
  638 801
  637 801
  636 801
  635 801
  634 801
  633 801
  632 801
  631 801
  630 801
  629 801
  628 801
  627 801
  626 801
  625 801
  624 801
  623 801
  622 801
  621 801
  620 801
  619 801
  618 801
  617 801
  616 801
  615 801
  614 801
  613 801
  612 801
  611 801
  610 801
  609 801
  608 801
  607 801
  606 801
  605 801
  604 801
  603 801
  602 801
  601 801
  600 801
  599 801
  598 801
  597 801
  596 801
  595 801
  594 801
  593 801
  592 801
  591 801
  590 801
  589 801
  588 801
  587 801
  586 801
  585 801
  584 801
  583 801
  582 801
  581 801
  580 801
  579 801
  578 801
  577 801
  576 801
  575 801
  574 801
  573 801
  572 801
  571 801
  570 801
  569 801
  568 801
  567 801
  566 801
  565 801
  564 801
  563 801
  562 801
  561 801
  560 801
  559 801
  558 801
  557 801
  556 801
  555 801
  554 801
  553 801
  552 801
  551 801
  550 801
  549 801
  548 801
  547 801
  546 801
  545 801
  544 801
  543 801
  542 801
  541 801
  540 801
  539 801
  538 801
  537 801
  536 801
  535 801
  534 801
  533 801
  532 801
  531 801
  530 801
  529 801
  528 801
  527 801
  526 801
  525 801
  524 801
  523 801
  522 801
  521 801
  520 801
  519 801
  518 801
  517 801
  516 801
  515 801
  514 801
  513 801
  512 801
  511 801
  510 801
  509 801
  508 801
  507 801
  506 801
  505 801
  504 801
  503 801
  502 801
  501 801
  500 801
  499 801
  498 801
  497 801
  496 801
  495 801
  494 801
  493 801
  492 801
  491 801
  490 801
  489 801
  488 801
  487 801
  486 801
  485 801
  484 801
  483 801
  482 801
  481 801
  480 801
  479 801
  478 801
  477 801
  476 801
  475 801
  474 801
  473 801
  472 801
  471 801
  470 801
  469 801
  468 801
  467 801
  466 801
  465 801
  464 801
  463 801
  462 801
  461 801
  460 801
  459 801
  458 801
  457 801
  456 801
  455 801
  454 801
  453 801
  452 801
  451 801
  450 801
  449 801
  448 801
  447 801
  446 801
  445 801
  444 801
  443 801
  442 801
  441 801
  440 801
  439 801
  438 801
  437 801
  436 801
  435 801
  434 801
  433 801
  432 801
  431 801
  430 801
  429 801
  428 801
  427 801
  426 801
  425 801
  424 801
  423 801
  422 801
  421 801
  420 801
  419 801
  418 801
  417 801
  416 801
  415 801
  414 801
  413 801
  412 801
  411 801
  410 801
  409 801
  408 801
  407 801
  406 801
  405 801
  404 801
  403 801
  402 801
  401 801
  400 801
  399 801
  398 801
  397 801
  396 801
  395 801
  394 801
  393 801
  392 801
  391 802
  390 802
  389 802
  388 802
  387 802
  386 801
  385 801
  384 801
  383 800
  382 800
  381 800
  380 799
  379 799
  378 798
  377 798
  376 797
  375 796
  374 795
  373 795
  372 794
  371 793
  370 792
  369 791
  368 790
  367 789
  366 788
  365 787
  364 786
  363 785
  362 784
  361 783
  360 782
  359 781
  358 780
  357 779
  356 778
  355 777
  354 776
  353 775
  352 774
  351 773
  350 772
  349 771
  348 770
  347 769
  346 768
  345 767
  344 766
  343 765
  342 764
  341 763
  340 762
  339 761
  338 760
  337 759
  336 758
  335 757
  334 756
  333 755
  332 754
  331 753
  330 752
  329 751
  328 750
  327 749
  326 748
  325 747
  324 746
  323 745
  322 744
  321 743
  320 742
  319 741
  318 740
  317 739
  316 738
  315 737
  314 736
  313 735
  312 734
  311 733
  310 732
  309 731
  308 730
  307 729
  306 728
  305 727
  304 726
  303 725
  302 724
  301 723
  300 722
  299 721
  298 720
  297 719
  296 718
  295 717
  294 716
  293 715
  292 714
  291 713
  290 712
  289 711
  288 710
  287 709
  287 708
  286 707
  285 706
  285 705
  284 704
  284 703
  283 702
  283 701
  283 700
  282 699
  282 698
  282 697
  282 696
  282 695
  282 694
  282 693
  282 692
  282 691
  282 690
  282 689
  282 688
  282 687
  282 686
  282 685
  282 684
  282 683
  282 682
  282 681
  282 680
  282 679
  282 678
  282 677
  282 676
  282 675
  282 674
  282 673
  282 672
  282 671
  282 670
  282 669
  282 668
  282 667
  282 666
  282 665
  282 664
  282 663
  282 662
  282 661
  282 660
  282 659
  282 658
  282 657
  282 656
  282 655
  282 654
  282 653
  282 652
  282 651
  282 650
  282 649
  282 648
  282 647
  282 646
  282 645
  282 644
  282 643
  282 642
  282 641
  282 640
  282 639
  282 638
  282 637
  282 636
  282 635
  282 634
  282 633
  282 632
  282 631
  282 630
  282 629
  282 628
  282 627
  282 626
  282 625
  282 624
  282 623
  282 622
  282 621
  282 620
  282 619
  282 618
  282 617
  282 616
  282 615
  282 614
  282 613
  282 612
  282 611
  282 610
  282 609
  282 608
  282 607
  282 606
  282 605
  282 604
  282 603
  282 602
  282 601
  282 600
  282 599
  282 598
  282 597
  282 596
  282 595
  282 594
  282 593
  282 592
  282 591
  282 590
  282 589
  282 588
  282 587
  282 586
  282 585
  282 584
  282 583
  282 582
  282 581
  282 580
  282 579
  282 578
  282 577
  282 576
  282 575
  282 574
  282 573
  282 572
  282 571
  282 570
  282 569
  282 568
  282 567
  282 566
  282 565
  282 564
  282 563
  282 562
  282 561
  281 560
  281 559
path 23 points=2
  281 559
  280 558
path 24 points=167
  280 558
  279 557
  278 557
  277 556
  276 555
  275 555
  274 554
  273 553
  272 553
  271 552
  270 551
  269 551
  268 550
  267 549
  266 548
  265 548
  264 547
  263 547
  262 546
  261 545
  260 544
  259 543
  258 542
  257 541
  256 540
  255 539
  255 538
  255 537
  254 536
  253 535
  253 534
  252 533
  251 532
  251 531
  250 530
  250 529
  250 528
  250 527
  250 526
  250 525
  250 524
  250 523
  250 522
  250 521
  250 520
  250 519
  250 518
  250 517
  250 516
  251 515
  251 514
  251 513
  251 512
  251 511
  252 510
  252 509
  253 508
  254 507
  254 506
  255 505
  256 504
  257 503
  258 502
  258 501
  259 500
  260 500
  261 499
  262 498
  263 497
  264 497
  265 496
  266 495
  267 495
  268 494
  269 494
  270 494
  271 493
  272 493
  273 493
  274 492
  275 492
  276 492
  277 492
  278 492
  279 492
  280 492
  281 493
  282 493
  283 493
  284 493
  285 493
  286 494
  287 494
  288 494
  289 495
  290 495
  291 496
  292 496
  293 496
  294 497
  295 498
  296 499
  297 499
  298 500
  299 501
  300 502
  301 503
  302 504
  303 505
  304 506
  305 507
  306 508
  306 509
  307 510
  308 511
  308 512
  309 513
  309 514
  309 515
  309 516
  310 517
  310 518
  310 519
  310 520
  310 521
  310 522
  310 523
  310 524
  310 525
  310 526
  310 527
  310 528
  310 529
  310 530
  309 531
  309 532
  309 533
  308 534
  308 535
  307 536
  306 537
  306 538
  305 539
  304 540
  304 541
  303 542
  302 543
  301 544
  300 544
  299 545
  298 546
  297 547
  296 548
  295 549
  294 549
  293 550
  292 551
  291 552
  290 553
  289 553
  288 554
  287 555
  286 555
  285 556
  284 557
  283 557
  282 558
path 25 points=2
  282 558
  281 558
path 26 points=2
  281 558
  280 558
path 27 points=2
  281 558
  281 559
path 28 points=2
  281 559
  282 558
path 29 points=2
  229 767
  228 767
path 30 points=2
  228 767
  227 767
path 31 points=2
  227 767
  226 767
path 32 points=2
  226 767
  225 767
path 33 points=2
  225 767
  224 767
path 34 points=2
  224 767
  223 767
path 35 points=2
  223 767
  222 767
path 36 points=2
  222 767
  221 767
path 37 points=2
  221 767
  220 768
path 38 points=2
  220 768
  221 768
path 39 points=2
  221 768
  221 767
path 40 points=2
  221 767
  222 768
path 41 points=2
  222 768
  222 767
path 42 points=2
  222 767
  221 768
path 43 points=2
  221 768
  222 768
path 44 points=2
  222 768
  223 767
path 45 points=2
  223 767
  223 768
path 46 points=2
  223 768
  222 767
path 47 points=2
  223 767
  224 768
path 48 points=2
  224 768
  224 767
path 49 points=2
  224 767
  223 768
path 50 points=2
  223 768
  222 768
path 51 points=2
  223 768
  224 768
path 52 points=2
  224 768
  225 767
path 53 points=2
  225 767
  225 768
path 54 points=2
  225 768
  224 767
path 55 points=2
  225 767
  226 768
path 56 points=2
  226 768
  226 767
path 57 points=2
  226 767
  225 768
path 58 points=2
  225 768
  224 768
path 59 points=2
  225 768
  226 768
path 60 points=2
  226 768
  227 767
path 61 points=2
  227 767
  227 768
path 62 points=2
  227 768
  226 767
path 63 points=2
  227 767
  228 768
path 64 points=2
  228 768
  228 767
path 65 points=2
  228 767
  227 768
path 66 points=2
  227 768
  226 768
path 67 points=2
  227 768
  228 768
path 68 points=2
  228 768
  229 767
path 69 points=2
  229 767
  229 768
path 70 points=2
  229 768
  228 767
path 71 points=2
  229 767
  230 768
path 72 points=159
  230 768
  231 769
  232 769
  233 769
  234 769
  235 770
  236 770
  237 771
  238 771
  239 771
  240 772
  241 772
  242 773
  243 774
  244 775
  245 775
  246 776
  247 777
  248 778
  249 779
  250 780
  251 781
  252 782
  253 783
  253 784
  254 785
  254 786
  255 787
  256 788
  256 789
  256 790
  256 791
  257 792
  257 793
  257 794
  258 795
  258 796
  258 797
  258 798
  258 799
  258 800
  258 801
  258 802
  257 803
  257 804
  257 805
  257 806
  256 807
  256 808
  256 809
  255 810
  255 811
  254 812
  254 813
  253 814
  253 815
  252 816
  251 817
  250 818
  249 819
  248 820
  247 821
  246 822
  245 822
  244 823
  243 824
  242 825
  241 825
  240 826
  239 826
  238 827
  237 827
  236 827
  235 828
  234 828
  233 828
  232 828
  231 828
  230 828
  229 829
  228 829
  227 829
  226 829
  225 829
  224 829
  223 829
  222 829
  221 828
  220 828
  219 828
  218 828
  217 827
  216 826
  215 826
  214 825
  213 825
  212 824
  211 823
  210 823
  209 822
  208 821
  207 820
  206 819
  205 818
  205 817
  204 816
  203 815
  202 814
  202 813
  201 812
  200 811
  200 810
  200 809
  200 808
  199 807
  199 806
  199 805
  198 804
  198 803
  198 802
  198 801
  198 800
  198 799
  198 798
  198 797
  197 796
  197 795
  197 794
  197 793
  197 792
  198 791
  198 790
  198 789
  199 788
  199 787
  200 786
  200 785
  201 784
  201 783
  202 782
  203 781
  204 780
  204 779
  205 778
  206 777
  207 776
  208 775
  209 774
  210 773
  211 773
  212 772
  213 771
  214 770
  215 770
  216 770
  217 769
  218 769
  219 769
  220 768
path 73 points=2
  228 768
  229 768
path 74 points=2
  229 768
  230 768
path 75 points=1213
  1052 801
  1051 801
  1050 801
  1049 801
  1048 801
  1047 801
  1046 801
  1045 801
  1044 801
  1043 801
  1042 801
  1041 801
  1040 801
  1039 801
  1038 801
  1037 801
  1036 801
  1035 801
  1034 801
  1033 801
  1032 801
  1031 801
  1030 801
  1029 801
  1028 801
  1027 801
  1026 801
  1025 801
  1024 801
  1023 801
  1022 801
  1021 801
  1020 801
  1019 801
  1018 801
  1017 801
  1016 801
  1015 801
  1014 801
  1013 801
  1012 801
  1011 801
  1010 801
  1009 801
  1008 801
  1007 801
  1006 801
  1005 801
  1004 801
  1003 801
  1002 801
  1001 801
  1000 801
  999 801
  998 801
  997 801
  996 801
  995 801
  994 801
  993 801
  992 801
  991 801
  990 801
  989 801
  988 801
  987 801
  986 801
  985 801
  984 801
  983 801
  982 801
  981 801
  980 801
  979 801
  978 801
  977 801
  976 801
  975 801
  974 801
  973 801
  972 801
  971 801
  970 801
  969 801
  968 801
  967 801
  966 801
  965 801
  964 801
  963 801
  962 801
  961 801
  960 801
  959 801
  958 801
  957 801
  956 801
  955 801
  954 801
  953 801
  952 801
  951 801
  950 801
  949 801
  948 801
  947 801
  946 801
  945 801
  944 801
  943 801
  942 801
  941 801
  940 801
  939 801
  938 801
  937 801
  936 801
  935 801
  934 800
  933 800
  932 799
  931 799
  930 798
  929 798
  928 797
  927 797
  926 796
  925 795
  924 794
  923 793
  922 792
  921 791
  920 790
  919 789
  918 788
  917 787
  916 786
  915 785
  914 784
  913 783
  912 782
  911 781
  910 780
  909 779
  908 778
  907 777
  906 776
  905 775
  904 774
  903 773
  902 772
  901 771
  900 770
  899 769
  898 768
  897 767
  896 766
  895 765
  894 764
  893 763
  892 762
  891 761
  890 760
  889 759
  888 758
  887 757
  886 756
  885 755
  884 754
  883 753
  882 752
  881 751
  880 750
  879 749
  878 748
  877 747
  876 746
  875 745
  874 744
  873 743
  872 742
  871 741
  870 740
  869 739
  868 738
  867 737
  866 736
  865 735
  864 734
  863 733
  862 732
  861 731
  860 730
  859 729
  858 728
  857 727
  856 726
  855 725
  854 724
  853 724
  852 723
  851 722
  850 721
  849 720
  848 719
  847 718
  846 717
  845 716
  844 716
  843 715
  842 715
  841 714
  840 714
  839 714
  838 713
  837 713
  836 713
  835 713
  834 713
  833 713
  832 713
  831 713
  830 713
  829 713
  828 713
  827 713
  826 713
  825 713
  824 713
  823 713
  822 713
  821 713
  820 713
  819 713
  818 713
  817 713
  816 713
  815 713
  814 713
  813 713
  812 713
  811 713
  810 713
  809 713
  808 713
  807 713
  806 713
  805 713
  804 713
  803 713
  802 713
  801 713
  800 713
  799 713
  798 713
  797 713
  796 713
  795 713
  794 713
  793 713
  792 713
  791 713
  790 713
  789 713
  788 713
  787 713
  786 713
  785 713
  784 713
  783 713
  782 713
  781 713
  780 713
  779 713
  778 713
  777 713
  776 713
  775 713
  774 713
  773 713
  772 713
  771 713
  770 713
  769 713
  768 713
  767 713
  766 713
  765 713
  764 713
  763 713
  762 713
  761 713
  760 713
  759 713
  758 713
  757 713
  756 713
  755 713
  754 713
  753 713
  752 713
  751 713
  750 713
  749 713
  748 713
  747 713
  746 713
  745 713
  744 713
  743 713
  742 713
  741 713
  740 713
  739 713
  738 713
  737 713
  736 713
  735 713
  734 713
  733 713
  732 713
  731 713
  730 713
  729 713
  728 713
  727 713
  726 713
  725 713
  724 713
  723 713
  722 713
  721 713
  720 713
  719 713
  718 713
  717 713
  716 713
  715 713
  714 713
  713 713
  712 713
  711 713
  710 713
  709 713
  708 713
  707 713
  706 713
  705 713
  704 713
  703 713
  702 713
  701 713
  700 713
  699 713
  698 714
  697 714
  696 714
  695 714
  694 714
  693 714
  692 714
  691 714
  690 713
  689 713
  688 713
  687 713
  686 712
  685 712
  684 711
  683 711
  682 710
  681 710
  680 709
  679 709
  678 708
  677 707
  676 706
  676 705
  675 704
  675 703
  674 702
  674 701
  673 700
  673 699
  673 698
  673 697
  673 696
  673 695
  673 694
  673 693
  673 692
  673 691
  673 690
  673 689
  673 688
  673 687
  673 686
  673 685
  673 684
  673 683
  673 682
  673 681
  673 680
  673 679
  673 678
  673 677
  673 676
  673 675
  673 674
  673 673
  673 672
  673 671
  673 670
  673 669
  673 668
  673 667
  673 666
  673 665
  673 664
  673 663
  673 662
  673 661
  673 660
  673 659
  673 658
  673 657
  673 656
  673 655
  673 654
  673 653
  673 652
  673 651
  673 650
  673 649
  673 648
  673 647
  673 646
  673 645
  673 644
  673 643
  673 642
  673 641
  673 640
  673 639
  673 638
  673 637
  673 636
  673 635
  673 634
  673 633
  673 632
  673 631
  673 630
  673 629
  673 628
  673 627
  673 626
  673 625
  673 624
  673 623
  673 622
  673 621
  673 620
  673 619
  673 618
  673 617
  673 616
  673 615
  673 614
  673 613
  673 612
  673 611
  673 610
  673 609
  673 608
  673 607
  673 606
  673 605
  673 604
  673 603
  673 602
  673 601
  673 600
  673 599
  673 598
  673 597
  673 596
  673 595
  673 594
  673 593
  673 592
  673 591
  673 590
  673 589
  673 588
  673 587
  673 586
  673 585
  673 584
  673 583
  673 582
  673 581
  673 580
  673 579
  673 578
  673 577
  673 576
  673 575
  673 574
  673 573
  673 572
  673 571
  673 570
  673 569
  673 568
  673 567
  673 566
  673 565
  673 564
  673 563
  673 562
  673 561
  673 560
  673 559
  673 558
  673 557
  673 556
  673 555
  673 554
  673 553
  673 552
  673 551
  673 550
  673 549
  673 548
  674 547
  674 546
  674 545
  675 544
  675 543
  676 542
  676 541
  676 540
  677 539
  678 538
  679 537
  679 536
  680 535
  681 534
  682 533
  683 532
  684 531
  685 530
  686 529
  687 528
  688 527
  689 526
  690 525
  691 524
  692 523
  693 522
  694 521
  695 520
  696 519
  697 518
  698 517
  699 516
  700 515
  701 514
  702 513
  703 512
  704 511
  705 510
  706 509
  707 508
  708 507
  709 506
  710 505
  711 504
  712 504
  713 503
  714 502
  715 501
  716 501
  717 500
  718 499
  719 499
  720 499
  721 498
  722 498
  723 498
  724 497
  725 497
  726 497
  727 497
  728 497
  729 497
  730 497
  731 497
  732 497
  733 497
  734 497
  735 497
  736 497
  737 497
  738 497
  739 497
  740 497
  741 497
  742 497
  743 497
  744 497
  745 497
  746 497
  747 497
  748 497
  749 497
  750 497
  751 497
  752 497
  753 497
  754 497
  755 497
  756 497
  757 497
  758 497
  759 497
  760 497
  761 497
  762 497
  763 497
  764 497
  765 497
  766 497
  767 497
  768 497
  769 497
  770 497
  771 497
  772 497
  773 497
  774 497
  775 497
  776 497
  777 497
  778 497
  779 497
  780 497
  781 497
  782 497
  783 497
  784 497
  785 497
  786 497
  787 497
  788 497
  789 497
  790 497
  791 497
  792 497
  793 497
  794 497
  795 497
  796 497
  797 497
  798 497
  799 497
  800 497
  801 497
  802 497
  803 497
  804 497
  805 497
  806 497
  807 497
  808 497
  809 497
  810 497
  811 497
  812 497
  813 497
  814 497
  815 497
  816 497
  817 497
  818 497
  819 497
  820 497
  821 497
  822 497
  823 497
  824 497
  825 497
  826 497
  827 497
  828 497
  829 497
  830 497
  831 497
  832 497
  833 497
  834 497
  835 497
  836 497
  837 497
  838 497
  839 497
  840 497
  841 497
  842 497
  843 497
  844 497
  845 497
  846 497
  847 497
  848 497
  849 497
  850 497
  851 497
  852 497
  853 497
  854 497
  855 497
  856 497
  857 497
  858 497
  859 497
  860 497
  861 497
  862 497
  863 497
  864 497
  865 497
  866 497
  867 497
  868 497
  869 497
  870 497
  871 497
  872 497
  873 497
  874 497
  875 497
  876 497
  877 497
  878 497
  879 497
  880 497
  881 497
  882 497
  883 497
  884 497
  885 497
  886 497
  887 497
  888 497
  889 497
  890 497
  891 497
  892 497
  893 497
  894 497
  895 497
  896 497
  897 497
  898 497
  899 497
  900 497
  901 497
  902 497
  903 497
  904 497
  905 497
  906 497
  907 497
  908 497
  909 497
  910 497
  911 497
  912 497
  913 497
  914 497
  915 497
  916 497
  917 497
  918 497
  919 497
  920 497
  921 497
  922 497
  923 497
  924 497
  925 497
  926 497
  927 497
  928 497
  929 497
  930 497
  931 497
  932 497
  933 497
  934 497
  935 497
  936 497
  937 497
  938 497
  939 497
  940 497
  941 497
  942 497
  943 497
  944 497
  945 497
  946 497
  947 497
  948 497
  949 497
  950 497
  951 497
  952 497
  953 497
  954 497
  955 497
  956 497
  957 497
  958 497
  959 497
  960 497
  961 497
  962 497
  963 497
  964 497
  965 497
  966 497
  967 497
  968 497
  969 497
  970 497
  971 497
  972 497
  973 497
  974 497
  975 497
  976 497
  977 497
  978 497
  979 497
  980 497
  981 497
  982 497
  983 496
  984 496
  985 496
  986 495
  987 495
  988 495
  989 494
  990 493
  991 493
  992 492
  993 491
  994 490
  995 489
  996 488
  997 487
  998 486
  999 485
  1000 484
  1001 483
  1002 482
  1003 481
  1004 480
  1005 479
  1006 478
  1007 477
  1008 476
  1009 475
  1010 474
  1011 473
  1012 472
  1013 471
  1014 470
  1015 469
  1016 468
  1017 467
  1018 466
  1019 465
  1020 464
  1021 463
  1022 462
  1023 461
  1024 460
  1025 459
  1026 458
  1027 458
  1028 457
  1029 456
  1030 455
  1031 454
  1032 453
  1033 452
  1034 451
  1035 450
  1036 449
  1037 448
  1038 447
  1039 446
  1040 445
  1041 444
  1042 443
  1043 442
  1044 441
  1045 440
  1046 439
  1047 438
  1048 437
  1049 436
  1050 435
  1051 434
  1052 433
  1053 432
  1054 431
  1055 430
  1056 429
  1057 428
  1058 427
  1059 426
  1060 425
  1061 424
  1062 423
  1063 422
  1064 421
  1065 420
  1066 419
  1067 418
  1068 417
  1069 416
  1070 415
  1071 414
  1072 413
  1073 412
  1074 411
  1075 410
  1076 409
  1077 408
  1078 407
  1079 406
  1080 405
  1081 404
  1082 404
  1083 403
  1084 402
  1085 402
  1086 401
  1087 401
  1088 400
  1089 400
  1090 399
  1091 399
  1092 399
  1093 399
  1094 399
  1095 398
  1096 398
  1097 398
  1098 398
  1099 398
  1100 398
  1101 399
  1102 399
  1103 399
  1104 399
  1105 399
  1106 399
  1107 399
  1108 399
  1109 399
  1110 399
  1111 399
  1112 399
  1113 399
  1114 399
  1115 399
  1116 399
  1117 399
  1118 399
  1119 399
  1120 399
  1121 399
  1122 399
  1123 399
  1124 399
  1125 399
  1126 399
  1127 399
  1128 399
  1129 399
  1130 399
  1131 399
  1132 399
  1133 399
  1134 399
  1135 399
  1136 399
  1137 399
  1138 399
  1139 399
  1140 399
  1141 399
  1142 399
  1143 399
  1144 399
  1145 399
  1146 399
  1147 399
  1148 399
  1149 399
  1150 399
  1151 399
  1152 399
  1153 399
  1154 399
  1155 399
  1156 399
  1157 399
  1158 399
  1159 399
  1160 399
  1161 399
  1162 399
  1163 399
  1164 399
  1165 399
  1166 399
  1167 399
  1168 399
  1169 399
  1170 399
  1171 399
  1172 399
  1173 399
  1174 399
  1175 399
  1176 399
  1177 399
  1178 399
  1179 399
  1180 399
  1181 399
  1182 399
  1183 399
  1184 399
  1185 399
  1186 399
  1187 399
  1188 399
  1189 399
  1190 399
  1191 399
  1192 399
  1193 399
  1194 399
  1195 399
  1196 399
  1197 399
  1198 399
  1199 399
  1200 399
  1201 399
  1202 399
  1203 399
  1204 399
  1205 399
  1206 399
  1207 399
  1208 399
  1209 399
  1210 399
  1211 399
  1212 399
  1213 399
  1214 399
  1215 399
  1216 399
  1217 399
  1218 399
  1219 399
  1220 399
  1221 399
  1222 399
  1223 399
  1224 399
  1225 399
  1226 399
  1227 399
  1228 399
  1229 399
  1230 399
  1231 399
  1232 399
  1233 399
  1234 399
  1235 399
  1236 399
  1237 399
  1238 399
  1239 399
  1240 399
  1241 399
  1242 399
  1243 399
  1244 399
  1245 399
  1246 399
  1247 399
  1248 399
  1249 399
  1250 399
  1251 399
  1252 399
  1253 399
  1254 399
  1255 399
  1256 399
  1257 399
  1258 399
  1259 399
  1260 399
  1261 399
  1262 399
  1263 399
  1264 399
  1265 399
  1266 399
  1267 399
  1268 399
  1269 399
  1270 399
  1271 399
  1272 399
  1273 399
  1274 399
  1275 398
  1276 398
  1277 398
  1278 397
  1279 397
  1280 396
  1281 396
  1282 395
  1283 394
  1284 393
  1285 393
  1286 392
  1287 391
  1288 390
  1289 389
  1290 388
  1291 387
  1292 386
  1293 385
  1294 384
  1295 383
  1296 382
  1297 381
  1298 380
  1299 379
  1300 378
  1301 377
  1302 376
  1303 375
  1304 374
  1305 373
  1305 372
  1306 371
  1307 370
  1308 369
  1308 368
  1309 367
  1309 366
  1310 365
  1311 364
  1311 363
  1312 362
  1312 361
  1312 360
  1312 359
  1312 358
  1312 357
  1312 356
  1312 355
  1312 354
  1312 353
  1312 352
  1312 351
  1312 350
  1312 349
  1312 348
  1312 347
  1312 346
  1312 345
  1312 344
  1312 343
  1312 342
  1312 341
  1312 340
  1312 339
  1312 338
  1312 337
  1312 336
  1312 335
  1311 334
  1311 333
path 76 points=2
  1311 333
  1310 332
path 77 points=166
  1310 332
  1309 331
  1308 331
  1307 330
  1306 329
  1305 329
  1304 328
  1303 328
  1302 327
  1301 326
  1300 326
  1299 325
  1298 324
  1297 324
  1296 323
  1295 322
  1294 322
  1293 321
  1292 320
  1291 320
  1290 319
  1289 318
  1288 317
  1287 316
  1286 315
  1285 314
  1285 313
  1284 312
  1283 311
  1283 310
  1282 309
  1281 308
  1281 307
  1281 306
  1280 305
  1280 304
  1280 303
  1280 302
  1280 301
  1280 300
  1280 299
  1280 298
  1279 297
  1279 296
  1279 295
  1279 294
  1279 293
  1279 292
  1279 291
  1279 290
  1279 289
  1279 288
  1280 287
  1280 286
  1281 285
  1281 284
  1282 283
  1282 282
  1283 281
  1283 280
  1284 279
  1285 278
  1286 277
  1286 276
  1287 275
  1288 274
  1289 273
  1290 273
  1291 272
  1292 271
  1293 270
  1294 270
  1295 269
  1296 269
  1297 268
  1298 268
  1299 267
  1300 267
  1301 267
  1302 266
  1303 266
  1304 266
  1305 266
  1306 266
  1307 266
  1308 266
  1309 266
  1310 266
  1311 267
  1312 267
  1313 267
  1314 267
  1315 267
  1316 268
  1317 268
  1318 269
  1319 269
  1320 269
  1321 270
  1322 271
  1323 272
  1324 272
  1325 273
  1326 274
  1327 274
  1328 275
  1329 276
  1330 277
  1331 278
  1332 279
  1333 280
  1333 281
  1334 282
  1335 283
  1336 284
  1337 285
  1337 286
  1337 287
  1338 288
  1338 289
  1338 290
  1339 291
  1339 292
  1339 293
  1339 294
  1339 295
  1339 296
  1339 297
  1339 298
  1339 299
  1339 300
  1339 301
  1339 302
  1339 303
  1338 304
  1338 305
  1338 306
  1337 307
  1337 308
  1337 309
  1336 310
  1335 311
  1334 312
  1334 313
  1333 314
  1332 315
  1331 316
  1330 317
  1329 318
  1328 319
  1327 320
  1326 321
  1325 322
  1324 323
  1323 324
  1322 325
  1321 326
  1320 326
  1319 327
  1318 328
  1317 328
  1316 329
  1315 330
  1314 330
  1313 331
  1312 332
path 78 points=2
  1312 332
  1311 332
path 79 points=2
  1311 332
  1310 332
path 80 points=2
  1311 332
  1311 333
path 81 points=2
  1311 333
  1312 332
path 82 points=2
  1158 298
  1157 297
path 83 points=144
  1157 297
  1156 297
  1155 297
  1154 297
  1153 297
  1152 297
  1151 297
  1150 297
  1149 297
  1148 297
  1147 297
  1146 297
  1145 297
  1144 297
  1143 297
  1142 297
  1141 297
  1140 297
  1139 297
  1138 297
  1137 297
  1136 297
  1135 297
  1134 297
  1133 297
  1132 297
  1131 297
  1130 297
  1129 297
  1128 297
  1127 297
  1126 297
  1125 297
  1124 297
  1123 297
  1122 297
  1121 297
  1120 297
  1119 297
  1118 297
  1117 297
  1116 297
  1115 297
  1114 297
  1113 297
  1112 297
  1111 297
  1110 297
  1109 297
  1108 297
  1107 297
  1106 297
  1105 297
  1104 297
  1103 297
  1102 297
  1101 296
  1100 296
  1099 295
  1098 295
  1097 294
  1096 294
  1095 293
  1094 292
  1093 292
  1092 291
  1091 290
  1090 289
  1089 288
  1088 287
  1087 287
  1086 286
  1085 285
  1084 284
  1083 283
  1082 282
  1081 281
  1080 280
  1079 279
  1078 278
  1077 277
  1076 276
  1076 275
  1075 274
  1074 273
  1074 272
  1073 271
  1073 270
  1072 269
  1072 268
  1072 267
  1071 266
  1071 265
  1071 264
  1070 263
  1070 262
  1070 261
  1070 260
  1070 259
  1070 258
  1070 257
  1070 256
  1070 255
  1070 254
  1070 253
  1070 252
  1070 251
  1070 250
  1070 249
  1070 248
  1070 247
  1070 246
  1070 245
  1070 244
  1070 243
  1070 242
  1070 241
  1070 240
  1070 239
  1070 238
  1070 237
  1070 236
  1070 235
  1070 234
  1070 233
  1070 232
  1070 231
  1070 230
  1070 229
  1070 228
  1070 227
  1070 226
  1070 225
  1070 224
  1070 223
  1070 222
  1070 221
  1070 220
  1070 219
  1070 218
  1070 217
  1070 216
  1070 215
  1070 214
path 84 points=2
  1070 214
  1069 213
path 85 points=167
  1069 213
  1068 212
  1067 212
  1066 211
  1065 211
  1064 210
  1063 209
  1062 209
  1061 208
  1060 207
  1059 206
  1058 205
  1057 204
  1056 203
  1055 203
  1054 202
  1053 201
  1052 200
  1051 200
  1050 199
  1049 198
  1048 197
  1047 196
  1047 195
  1046 194
  1045 193
  1044 192
  1044 191
  1044 190
  1043 189
  1042 188
  1042 187
  1042 186
  1041 185
  1041 184
  1041 183
  1041 182
  1040 181
  1040 180
  1040 179
  1040 178
  1040 177
  1040 176
  1040 175
  1040 174
  1040 173
  1040 172
  1040 171
  1040 170
  1041 169
  1041 168
  1041 167
  1041 166
  1042 165
  1043 164
  1043 163
  1044 162
  1044 161
  1045 160
  1046 159
  1047 158
  1048 157
  1049 156
  1050 155
  1051 154
  1052 153
  1053 152
  1054 152
  1055 151
  1056 151
  1057 150
  1058 149
  1059 149
  1060 148
  1061 148
  1062 148
  1063 148
  1064 147
  1065 147
  1066 147
  1067 147
  1068 147
  1069 147
  1070 147
  1071 148
  1072 148
  1073 148
  1074 148
  1075 148
  1076 148
  1077 149
  1078 149
  1079 150
  1080 150
  1081 151
  1082 151
  1083 152
  1084 152
  1085 153
  1086 154
  1087 155
  1088 155
  1089 156
  1090 157
  1091 158
  1092 159
  1093 160
  1094 161
  1095 162
  1096 163
  1096 164
  1097 165
  1097 166
  1098 167
  1099 168
  1099 169
  1099 170
  1099 171
  1100 172
  1100 173
  1100 174
  1100 175
  1100 176
  1100 177
  1100 178
  1100 179
  1100 180
  1100 181
  1100 182
  1100 183
  1100 184
  1100 185
  1099 186
  1099 187
  1099 188
  1098 189
  1098 190
  1097 191
  1097 192
  1096 193
  1095 194
  1094 195
  1094 196
  1093 197
  1092 198
  1091 198
  1090 199
  1089 200
  1088 201
  1087 201
  1086 202
  1085 203
  1084 204
  1083 204
  1082 205
  1081 206
  1080 207
  1079 207
  1078 208
  1077 209
  1076 209
  1075 210
  1074 211
  1073 211
  1072 212
  1071 212
  1070 213
path 86 points=2
  1070 213
  1069 213
path 87 points=2
  1070 213
  1070 214
path 88 points=168
  952 213
  953 212
  954 212
  955 211
  956 211
  957 210
  958 209
  959 208
  960 208
  961 207
  962 206
  963 205
  964 204
  965 203
  966 203
  967 202
  968 201
  969 200
  970 200
  971 199
  972 198
  973 197
  974 196
  975 195
  975 194
  976 193
  977 192
  977 191
  978 190
  978 189
  979 188
  979 187
  979 186
  980 185
  980 184
  980 183
  980 182
  980 181
  980 180
  980 179
  980 178
  980 177
  980 176
  980 175
  980 174
  980 173
  980 172
  979 171
  979 170
  979 169
  978 168
  978 167
  978 166
  977 165
  976 164
  975 163
  975 162
  974 161
  973 160
  972 159
  971 158
  970 157
  969 156
  968 156
  967 155
  966 154
  965 153
  964 153
  963 152
  962 151
  961 151
  960 150
  959 150
  958 149
  957 148
  956 148
  955 148
  954 148
  953 148
  952 148
  951 147
  950 147
  949 147
  948 147
  947 147
  946 147
  945 147
  944 147
  943 147
  942 148
  941 148
  940 148
  939 149
  938 149
  937 150
  936 151
  935 151
  934 151
  933 152
  932 153
  931 154
  930 155
  929 155
  928 156
  927 157
  927 158
  926 159
  925 160
  924 161
  924 162
  923 163
  923 164
  922 165
  922 166
  921 167
  921 168
  921 169
  921 170
  920 171
  920 172
  920 173
  919 174
  919 175
  919 176
  919 177
  919 178
  919 179
  919 180
  919 181
  920 182
  920 183
  920 184
  921 185
  921 186
  921 187
  922 188
  922 189
  923 190
  923 191
  924 192
  924 193
  925 194
  926 195
  926 196
  927 197
  928 198
  929 199
  930 200
  931 201
  932 201
  933 202
  934 203
  935 203
  936 204
  937 205
  938 206
  939 207
  940 207
  941 208
  942 209
  943 210
  944 210
  945 211
  946 211
  947 212
  948 212
  949 213
  950 213
path 89 points=2
  950 213
  951 213
path 90 points=2
  951 213
  952 213
path 91 points=2
  952 213
  951 214
path 92 points=2
  951 214
  950 213
path 93 points=2
  951 213
  951 214
path 94 points=123
  951 214
  951 215
  951 216
  951 217
  951 218
  951 219
  951 220
  951 221
  951 222
  951 223
  951 224
  951 225
  951 226
  951 227
  951 228
  951 229
  951 230
  951 231
  951 232
  951 233
  951 234
  951 235
  951 236
  951 237
  951 238
  951 239
  951 240
  951 241
  951 242
  951 243
  951 244
  951 245
  951 246
  951 247
  951 248
  951 249
  951 250
  951 251
  951 252
  951 253
  951 254
  951 255
  951 256
  951 257
  951 258
  951 259
  951 260
  951 261
  951 262
  951 263
  951 264
  951 265
  951 266
  951 267
  951 268
  951 269
  951 270
  951 271
  951 272
  951 273
  951 274
  951 275
  951 276
  951 277
  951 278
  951 279
  951 280
  951 281
  951 282
  951 283
  951 284
  951 285
  951 286
  951 287
  951 288
  951 289
  951 290
  951 291
  951 292
  951 293
  951 294
  951 295
  951 296
  951 297
  951 298
  951 299
  951 300
  951 301
  951 302
  951 303
  951 304
  951 305
  951 306
  951 307
  951 308
  951 309
  951 310
  951 311
  951 312
  951 313
  951 314
  951 315
  951 316
  951 317
  951 318
  951 319
  951 320
  951 321
  951 322
  951 323
  951 324
  951 325
  951 326
  951 327
  951 328
  951 329
  951 330
  951 331
  951 332
  951 333
  951 334
  951 335
  951 336
path 95 points=2
  951 336
  950 337
path 96 points=2
  950 337
  951 337
path 97 points=2
  951 337
  951 336
path 98 points=2
  951 336
  952 337
path 99 points=169
  952 337
  953 338
  954 338
  955 339
  956 340
  957 340
  958 341
  959 342
  960 343
  961 343
  962 344
  963 345
  964 346
  965 347
  966 348
  967 349
  968 349
  969 350
  970 351
  971 351
  972 352
  973 353
  973 354
  974 355
  975 356
  976 357
  976 358
  977 359
  978 360
  979 361
  980 362
  980 363
  981 364
  981 365
  981 366
  981 367
  982 368
  982 369
  982 370
  982 371
  982 372
  982 373
  982 374
  982 375
  982 376
  982 377
  982 378
  981 379
  981 380
  981 381
  981 382
  981 383
  980 384
  980 385
  979 386
  979 387
  978 388
  977 389
  977 390
  976 391
  975 392
  974 393
  973 394
  972 395
  971 395
  970 396
  969 397
  968 398
  967 398
  966 399
  965 399
  964 400
  963 401
  962 401
  961 401
  960 402
  959 402
  958 402
  957 402
  956 402
  955 402
  954 402
  953 402
  952 402
  951 402
  950 402
  949 402
  948 402
  947 402
  946 402
  945 402
  944 402
  943 402
  942 401
  941 401
  940 400
  939 400
  938 400
  937 399
  936 398
  935 398
  934 397
  933 396
  932 395
  931 395
  930 394
  929 393
  929 392
  928 391
  927 390
  926 389
  925 388
  925 387
  924 386
  924 385
  923 384
  923 383
  922 382
  922 381
  921 380
  921 379
  921 378
  921 377
  921 376
  920 375
  920 374
  920 373
  920 372
  920 371
  920 370
  921 369
  921 368
  921 367
  921 366
  922 365
  922 364
  922 363
  923 362
  923 361
  924 360
  924 359
  924 358
  925 357
  926 356
  927 355
  927 354
  928 353
  929 352
  930 351
  931 350
  932 349
  933 348
  934 348
  935 347
  936 346
  937 345
  938 345
  939 344
  940 343
  941 343
  942 342
  943 341
  944 340
  945 340
  946 339
  947 339
  948 338
  949 338
  950 337
path 100 points=2
  951 337
  952 337
path 101 points=2
  1157 297
  1158 297
path 102 points=168
  1158 297
  1159 296
  1159 295
  1160 294
  1160 293
  1161 292
  1162 291
  1162 290
  1163 289
  1164 288
  1164 287
  1165 286
  1166 285
  1166 284
  1167 283
  1167 282
  1168 281
  1169 280
  1170 279
  1171 278
  1171 277
  1172 276
  1173 275
  1174 274
  1175 273
  1176 273
  1177 272
  1178 271
  1179 270
  1180 270
  1181 269
  1182 269
  1183 269
  1184 268
  1185 268
  1186 267
  1187 267
  1188 267
  1189 266
  1190 266
  1191 266
  1192 266
  1193 267
  1194 267
  1195 267
  1196 267
  1197 267
  1198 267
  1199 268
  1200 268
  1201 268
  1202 268
  1203 269
  1204 270
  1205 270
  1206 271
  1207 271
  1208 272
  1209 273
  1210 274
  1211 274
  1212 275
  1213 276
  1214 277
  1215 278
  1216 279
  1217 280
  1218 281
  1219 282
  1219 283
  1220 284
  1221 285
  1221 286
  1222 287
  1222 288
  1223 289
  1223 290
  1223 291
  1224 292
  1224 293
  1224 294
  1224 295
  1224 296
  1224 297
  1224 298
  1224 299
  1224 300
  1224 301
  1224 302
  1223 303
  1223 304
  1223 305
  1223 306
  1223 307
  1222 308
  1222 309
  1221 310
  1221 311
  1220 312
  1219 313
  1219 314
  1218 315
  1217 316
  1216 317
  1215 318
  1214 319
  1213 320
  1212 321
  1211 322
  1210 323
  1209 324
  1208 324
  1207 324
  1206 325
  1205 326
  1204 326
  1203 326
  1202 327
  1201 327
  1200 327
  1199 327
  1198 327
  1197 327
  1196 327
  1195 327
  1194 327
  1193 327
  1192 327
  1191 327
  1190 327
  1189 327
  1188 327
  1187 327
  1186 327
  1185 326
  1184 326
  1183 325
  1182 325
  1181 324
  1180 324
  1179 323
  1178 322
  1177 322
  1176 321
  1175 321
  1174 320
  1173 319
  1172 318
  1171 317
  1170 316
  1169 315
  1169 314
  1168 313
  1167 312
  1166 311
  1165 310
  1165 309
  1164 308
  1164 307
  1163 306
  1162 305
  1162 304
  1161 303
  1160 302
  1160 301
  1159 300
  1159 299
  1158 298
path 103 points=2
  1158 298
  1158 297
path 104 points=2
  1090 767
  1089 767
path 105 points=2
  1089 767
  1088 767
path 106 points=2
  1088 767
  1087 767
path 107 points=2
  1087 767
  1086 767
path 108 points=2
  1086 767
  1085 768
path 109 points=43
  1085 768
  1084 768
  1083 768
  1082 769
  1081 769
  1080 769
  1079 769
  1078 770
  1077 770
  1076 771
  1075 772
  1074 772
  1073 773
  1072 773
  1071 774
  1070 775
  1069 776
  1068 777
  1067 777
  1066 778
  1066 779
  1065 780
  1064 781
  1063 782
  1062 783
  1062 784
  1062 785
  1061 786
  1060 787
  1060 788
  1059 789
  1059 790
  1058 791
  1057 792
  1057 793
  1056 794
  1056 795
  1055 796
  1054 797
  1054 798
  1053 799
  1053 800
  1052 801
path 110 points=120
  1052 801
  1053 802
  1054 803
  1055 804
  1055 805
  1056 806
  1056 807
  1057 808
  1058 809
  1059 810
  1060 811
  1061 812
  1062 813
  1063 814
  1063 815
  1064 816
  1065 817
  1066 818
  1067 819
  1067 820
  1068 821
  1069 821
  1070 822
  1071 822
  1072 823
  1073 824
  1074 825
  1075 825
  1076 826
  1077 826
  1078 827
  1079 827
  1080 828
  1081 828
  1082 828
  1083 828
  1084 828
  1085 829
  1086 829
  1087 829
  1088 829
  1089 829
  1090 828
  1091 828
  1092 828
  1093 828
  1094 828
  1095 828
  1096 827
  1097 827
  1098 827
  1099 826
  1100 826
  1101 826
  1102 825
  1103 824
  1104 823
  1105 823
  1106 822
  1107 821
  1108 820
  1109 819
  1110 818
  1111 817
  1112 816
  1112 815
  1113 814
  1114 813
  1115 812
  1115 811
  1116 810
  1117 809
  1117 808
  1117 807
  1117 806
  1118 805
  1118 804
  1118 803
  1118 802
  1118 801
  1118 800
  1118 799
  1118 798
  1118 797
  1118 796
  1118 795
  1118 794
  1118 793
  1117 792
  1117 791
  1117 790
  1116 789
  1116 788
  1115 787
  1114 786
  1114 785
  1113 784
  1112 783
  1112 782
  1111 781
  1110 780
  1109 779
  1108 778
  1107 777
  1106 777
  1105 776
  1104 775
  1103 774
  1102 774
  1101 773
  1100 772
  1099 772
  1098 771
  1097 771
  1096 770
  1095 770
  1094 769
  1093 769
  1092 769
  1091 768
path 111 points=2
  1091 768
  1090 767
path 112 points=2
  1090 767
  1089 768
path 113 points=2
  1089 768
  1088 767
path 114 points=2
  1088 767
  1087 768
path 115 points=2
  1087 768
  1086 767
path 116 points=2
  1086 767
  1086 768
path 117 points=2
  1086 768
  1087 767
path 118 points=2
  1087 767
  1087 768
path 119 points=2
  1087 768
  1086 768
path 120 points=2
  1086 768
  1085 768
path 121 points=2
  1087 768
  1088 768
path 122 points=2
  1088 768
  1087 767
path 123 points=2
  1088 767
  1088 768
path 124 points=2
  1088 768
  1089 767
path 125 points=2
  1089 767
  1089 768
path 126 points=2
  1089 768
  1088 768
path 127 points=2
  1089 768
  1090 768
path 128 points=2
  1090 768
  1089 767
path 129 points=2
  1090 767
  1090 768
path 130 points=2
  1090 768
  1091 768
path 131 points=2
  1272 833
  1273 833
path 132 points=168
  1273 833
  1274 832
  1274 831
  1275 830
  1275 829
  1276 828
  1277 827
  1277 826
  1278 825
  1279 824
  1279 823
  1280 822
  1281 821
  1282 820
  1282 819
  1283 818
  1284 817
  1285 816
  1286 815
  1286 814
  1287 813
  1288 812
  1289 811
  1290 811
  1291 810
  1292 809
  1293 808
  1294 808
  1295 807
  1296 807
  1297 806
  1298 805
  1299 805
  1300 805
  1301 804
  1302 804
  1303 804
  1304 804
  1305 804
  1306 804
  1307 803
  1308 803
  1309 803
  1310 803
  1311 803
  1312 804
  1313 804
  1314 804
  1315 805
  1316 805
  1317 805
  1318 806
  1319 806
  1320 807
  1321 807
  1322 808
  1323 809
  1324 809
  1325 810
  1326 811
  1327 812
  1328 812
  1329 813
  1330 814
  1331 815
  1332 816
  1332 817
  1333 818
  1334 819
  1334 820
  1335 821
  1336 822
  1337 823
  1337 824
  1338 825
  1338 826
  1338 827
  1339 828
  1339 829
  1339 830
  1339 831
  1339 832
  1339 833
  1340 834
  1340 835
  1340 836
  1340 837
  1339 838
  1339 839
  1339 840
  1339 841
  1339 842
  1338 843
  1338 844
  1337 845
  1337 846
  1336 847
  1336 848
  1335 849
  1334 850
  1333 851
  1333 852
  1332 853
  1331 854
  1330 854
  1329 855
  1328 856
  1327 857
  1326 858
  1325 859
  1324 860
  1323 860
  1322 861
  1321 862
  1320 862
  1319 863
  1318 863
  1317 863
  1316 863
  1315 863
  1314 864
  1313 864
  1312 864
  1311 864
  1310 864
  1309 864
  1308 864
  1307 864
  1306 864
  1305 863
  1304 863
  1303 863
  1302 863
  1301 863
  1300 862
  1299 862
  1298 862
  1297 861
  1296 861
  1295 860
  1294 859
  1293 859
  1292 858
  1291 857
  1290 856
  1289 855
  1288 855
  1287 854
  1287 853
  1286 852
  1285 851
  1284 850
  1284 849
  1283 848
  1282 847
  1281 846
  1281 845
  1280 844
  1279 843
  1278 842
  1277 841
  1277 840
  1276 839
  1276 838
  1275 837
  1274 836
  1274 835
  1273 834
path 133 points=2
  1273 834
  1273 833
